timestamp,hour,meter_id,bus_id,consumer_type,consumption_kw,voltage_pu,frequency_hz,has_solar,is_anomalous,attack_type
0,0,SMT_010983,6,residential,0.5712155844607555,0.9899216737522757,60.01355426674409,False,False,normal
0,0,SMT_005560,4,commercial,2.04079534775786,1.0028814599045484,59.9762138569275,False,False,normal
0,0,SMT_012098,6,residential,1.128728330669561,0.9962453841415646,59.99384497458278,False,False,normal
0,0,SMT_000344,1,residential,1.2194603211576551,0.9957876324166417,60.003376460500455,False,False,normal
0,0,SMT_021051,12,commercial,4.111323763153488,1.011797653271339,60.00163254286012,False,False,normal
0,0,SMT_022182,12,residential,0.948445936669874,1.0019975579899474,59.993820465345614,False,False,normal
0,0,SMT_015409,9,commercial,3.2168128006907564,0.9937962318815174,60.00870669085751,False,False,normal
0,0,SMT_019556,10,commercial,3.5315776778316903,1.0136115261616794,59.98754561496829,False,False,normal
0,0,SMT_013778,7,residential,0.4931185938580869,0.999106705810021,59.99820819887821,False,False,normal
0,0,SMT_003805,3,residential,0.7675433379571204,0.9936360304181046,59.99810158517689,True,False,normal
0,0,SMT_011266,6,residential,0.886208008789451,1.0051236766751008,60.011410651652724,False,False,normal
0,0,SMT_022654,13,residential,0.5032109954522598,0.9966689848184073,60.005295412762166,False,False,normal
0,0,SMT_013870,7,commercial,2.146957559021783,1.0043696440153482,60.004074171830375,False,False,normal
0,0,SMT_022668,13,residential,0.5688113532842407,1.0063707519744445,59.98847332789111,True,False,normal
0,0,SMT_020510,11,residential,1.0840575590137247,0.9907155672191217,60.001589434434884,False,False,normal
0,0,SMT_018747,10,residential,1.1388498682387245,1.0162119336517519,59.97985134038319,False,False,normal
0,0,SMT_015518,9,residential,0.8189234980729133,1.0055161327918445,59.999920144244925,False,False,normal
0,0,SMT_006861,4,residential,0.6286461929856169,0.9895648277878708,59.99719282870316,False,False,normal
0,0,SMT_007102,4,residential,1.1474325126886196,0.9987426361178694,60.002450623282144,True,False,normal
0,0,SMT_005542,4,residential,0.8412961200968928,0.9912095020182948,59.9945074339948,False,False,normal
0,0,SMT_021121,12,industrial,26.656818062239903,1.0171656318714701,59.99288517515486,False,False,normal
0,0,SMT_019405,10,residential,0.9753140409904254,1.0000158899974998,60.005018035820264,False,False,normal
0,0,SMT_007894,4,residential,0.41346854311751524,1.0042707141025997,60.00629686163378,False,False,normal
0,0,SMT_016729,9,residential,0.9908034003973173,1.006522325021784,60.00667069188325,False,False,normal
0,0,SMT_001796,2,residential,0.4810690772249086,1.0016018119201333,59.995115541572886,False,False,normal
0,0,SMT_016606,9,residential,0.8379677175654633,0.9855941966815464,59.984447870181505,False,False,normal
0,0,SMT_017191,10,residential,0.7220407670826934,1.0045185197196833,59.99916711684194,False,False,normal
0,0,SMT_003186,3,industrial,20.09822109493236,1.0118906759742015,60.00423384588694,False,False,normal
0,0,SMT_004700,3,residential,1.0756571143352998,1.0154989282841382,59.98744596659645,False,False,normal
0,0,SMT_008193,4,residential,0.5219777410742552,0.9916200796186163,59.99184622443378,False,False,normal
0,0,SMT_013858,7,residential,0.8804642426952975,1.0046398979783402,59.98148036674835,False,False,normal
0,0,SMT_015478,9,industrial,18.45252997389769,1.0089885827013407,60.00835909850504,False,False,normal
0,0,SMT_022889,13,residential,0.7176408908003875,0.9998522900965303,60.01862268763809,False,False,normal
0,0,SMT_021770,12,residential,0.8756295458853577,1.0083050835519674,59.99965915028524,False,False,normal
0,0,SMT_007445,4,residential,0.8927344987104294,1.0071822230353356,59.99256559998908,True,False,normal
0,0,SMT_020624,11,residential,1.1130758390528839,0.9865498981439091,60.01308584432537,True,False,normal
0,0,SMT_008770,5,residential,0.8346609016407535,1.0105640818401223,60.00755574244317,False,False,normal
0,0,SMT_014249,8,residential,0.700679964303939,0.9995277737127556,60.008877705489596,True,False,normal
0,0,SMT_015353,9,residential,0.7230154704806669,1.014732078670977,59.9858486361694,False,False,normal
0,0,SMT_011785,6,commercial,2.921806766777852,1.0063873668416938,60.00150876393112,False,False,normal
0,0,SMT_012284,6,industrial,14.166761689687846,0.9930520686505474,59.995071788838004,False,False,normal
0,0,SMT_018527,10,residential,0.8718000011696262,0.9933269518298468,60.00181960743905,True,False,normal
0,0,SMT_002388,2,commercial,1.8716445113216469,0.9880510725638081,59.99612223943648,False,False,normal
0,0,SMT_002672,3,residential,0.6640079197248053,1.0094135118188603,60.00545924436376,True,False,normal
0,0,SMT_013909,8,residential,0.5774058667676362,0.9921729314331574,60.01202814212922,True,False,normal
0,0,SMT_002346,2,residential,0.6308644306313718,0.9970885973841318,60.0038022631338,False,False,normal
0,0,SMT_008258,4,commercial,3.677886153162994,0.9832487432597427,60.01191729388473,False,False,normal
0,0,SMT_006993,4,residential,1.1049554076028911,0.9983054497547909,60.01258274608896,True,False,normal
0,0,SMT_004578,3,residential,0.634271329154729,0.9892602573776972,60.006321569577295,False,False,normal
0,0,SMT_010182,5,industrial,12.660602941109415,1.003395935394518,59.9991114181421,False,False,normal
0,0,SMT_023344,14,residential,0.559049645255007,1.0289710895543087,60.00201409750989,False,False,normal
0,0,SMT_023369,14,commercial,1.0135516050506717,1.0055961184863649,60.002061869717885,False,False,normal
0,0,SMT_009369,5,residential,0.723120224395051,0.999543461308929,59.99798572128473,False,False,normal
0,0,SMT_009292,5,residential,0.41709029105557976,0.986212660724302,60.005311215353686,False,False,normal
0,0,SMT_005735,4,commercial,1.1828171173894253,1.0137394762802006,60.00655424939581,False,False,normal
0,0,SMT_022153,12,residential,0.8552477985054926,1.0130216073135858,60.003714345951344,True,False,normal
0,0,SMT_017459,10,residential,0.9872324690881629,1.0015506776296874,59.98742159147228,False,False,normal
0,0,SMT_016056,9,commercial,1.9986808685683324,1.0053516148844177,60.00228341102684,False,False,normal
0,0,SMT_006671,4,commercial,2.2302804173732027,0.9954545622069331,59.995602193216186,False,False,normal
0,0,SMT_020411,11,residential,0.5169821027518828,0.9959762866086701,60.007874102484024,False,False,normal
0,0,SMT_005401,4,industrial,7.951315757437543,1.0048606122722423,59.99493311024967,False,False,normal
0,0,SMT_000245,1,residential,1.2241194441067884,0.9951443561167835,60.00081941667205,True,False,normal
0,0,SMT_001665,2,residential,0.8074041938211182,0.9868722937949427,59.999661565702105,False,False,normal
0,0,SMT_001204,2,commercial,3.062511358526064,0.9872211025260719,59.99327096975056,False,False,normal
0,0,SMT_012613,6,commercial,3.5689188934221283,0.9832668342413933,59.981485436186794,False,False,normal
0,0,SMT_023285,14,industrial,9.433085843421841,1.0184879105567772,60.0039442423765,False,False,normal
0,0,SMT_012005,6,residential,0.9357969501023232,0.9989632929832473,59.98650839452748,False,False,normal
0,0,SMT_011989,6,commercial,3.0356701559172983,1.0106402254017313,59.99792608760786,False,False,normal
0,0,SMT_016576,9,residential,0.7404309183172417,1.0018987659294218,60.00385583921733,False,False,normal
0,0,SMT_003472,3,residential,0.5316941524730493,0.9915940509528883,59.99560777698897,False,False,normal
0,0,SMT_007858,4,residential,1.0527994264725555,1.0072410027328622,60.00743697618285,False,False,normal
0,0,SMT_011450,6,commercial,3.4744635719546006,0.993455980692362,59.994277630251965,False,False,normal
0,0,SMT_010166,5,industrial,25.714761196105105,1.008574438639901,60.00866894660985,False,False,normal
0,0,SMT_001601,2,residential,1.0488597976704523,0.992457028126559,59.99412488411814,False,False,normal
0,0,SMT_002607,2,residential,0.8877471136293065,0.9979652099276737,59.9945800444455,False,False,normal
0,0,SMT_014349,8,commercial,3.2252245156935264,1.021277302168206,59.99263105969493,False,False,normal
0,0,SMT_009179,5,residential,0.6561763803008167,0.9984247612799446,60.0031241480172,False,False,normal
0,0,SMT_013373,7,industrial,17.902549288776218,0.9939969919267622,59.99123612188146,False,False,normal
0,0,SMT_021676,12,residential,0.9882177719057131,0.9934227149235226,59.9997155366597,True,False,normal
0,0,SMT_019409,10,residential,0.4886490558184911,1.0119658164114613,59.99011803685019,False,False,normal
0,0,SMT_005769,4,residential,0.6800454593429252,1.0084523102193237,60.008543940127055,False,False,normal
0,0,SMT_016770,10,residential,0.5346519675303006,1.0109925939686268,59.995013106809516,False,False,normal
0,0,SMT_019622,10,industrial,22.333764161355926,0.9861294107773143,59.98241740313519,False,False,normal
0,0,SMT_010035,5,residential,1.0432746098281493,1.0000848907521986,59.99971341930673,False,False,normal
0,0,SMT_021180,12,commercial,2.620184098117145,0.9772132141330026,60.00764580941082,False,False,normal
0,0,SMT_001301,2,industrial,25.750846590118687,0.9828307897271273,60.000792899251685,False,False,normal
0,0,SMT_017564,10,residential,0.5801919193998244,1.003696071793555,60.00006242363399,True,False,normal
0,0,SMT_007437,4,residential,0.5505541768269884,1.0082481071969402,60.021511875136014,False,False,normal
0,0,SMT_016881,10,commercial,3.1230078308311837,1.0057045777960476,59.97912703533364,False,False,normal
0,0,SMT_010024,5,residential,1.098614832514678,1.0106523223460084,59.99759177426736,False,False,normal
0,0,SMT_016762,10,commercial,3.942556231443796,1.0146535666447634,60.01039114077367,False,False,normal
0,0,SMT_007458,4,residential,1.146519754440689,1.014093226809684,60.019039345471306,False,False,normal
0,0,SMT_002030,2,residential,0.9025346065122006,1.0033292976277077,59.99842924268222,False,False,normal
0,0,SMT_009921,5,industrial,31.51567137402242,0.9948915427131344,60.001967175635,False,False,normal
0,0,SMT_011364,6,residential,0.7938821668564201,0.994642023290224,60.00471365511246,False,False,normal
0,0,SMT_009054,5,industrial,23.254667195233612,0.986651195243477,60.00128001840517,False,False,normal
0,0,SMT_020202,11,commercial,1.7994533084539304,1.0161333854729435,60.004138801097795,False,False,normal
0,0,SMT_008164,4,residential,0.9592492024378628,1.0101763814264209,59.99035923873974,False,False,normal
0,0,SMT_006415,4,residential,0.9118338596872088,0.980306014066925,60.004698029672056,False,False,normal
0,0,SMT_018609,10,commercial,2.2663448719212895,0.9944329785820247,60.0048262837613,False,False,normal
0,0,SMT_013361,7,residential,0.6898730207159997,1.0014316843088245,59.996147934560796,False,False,normal
0,0,SMT_000585,2,commercial,3.0621817290696476,0.9980224138721673,59.996062413187516,False,False,normal
0,0,SMT_015932,9,residential,0.8744479671184342,0.9935105113038519,60.003379387977446,False,False,normal
0,0,SMT_008730,5,commercial,1.8853375205129717,1.0002978780739922,59.979655959209,False,False,normal
0,0,SMT_005092,3,residential,0.49137398700199486,0.9945062073269123,59.99096408416285,True,False,normal
0,0,SMT_020060,11,residential,0.7043017569610094,1.0107185066115518,60.01436054685045,True,False,normal
0,0,SMT_020671,11,residential,0.8444541004208731,0.9743624525011737,59.99790544550105,True,False,normal
0,0,SMT_003794,3,residential,0.8596729773279909,0.9984740849245481,59.998848691876354,False,False,normal
0,0,SMT_021707,12,residential,1.1526660076939184,1.0021103702799097,60.00073432855825,False,False,normal
0,0,SMT_013603,7,commercial,3.1035221046833037,1.0023672050723642,59.99578456624787,False,False,normal
0,0,SMT_010588,6,residential,0.47281664111404176,0.9853016335155705,60.013025284871304,False,False,normal
0,0,SMT_016707,9,commercial,2.2871829910309627,0.99476668967201,59.992915910756466,False,False,normal
0,0,SMT_019305,10,residential,0.6658148540561422,0.9957371712552352,59.996500329407404,False,False,normal
0,0,SMT_003598,3,commercial,2.0576797164002483,1.0034443604472778,60.01390604257257,False,False,normal
0,0,SMT_015331,9,residential,1.0808223063674716,1.011887997336687,60.016490010776316,False,False,normal
0,0,SMT_011137,6,residential,0.6572211642964962,1.0051625352108415,60.00497935719728,False,False,normal
0,0,SMT_008760,5,residential,0.5291904818400469,1.0065679196657908,59.991834771680026,False,False,normal
0,0,SMT_008506,5,industrial,12.919511238365436,1.0049087554057579,60.00274534938549,False,False,normal
0,0,SMT_003844,3,residential,0.7454742596049,1.0141715685426473,59.98750187269138,False,False,normal
0,0,SMT_020052,11,residential,0.6325933334361549,0.985509678754217,59.977184904265116,False,False,normal
0,0,SMT_014167,8,residential,0.5623944016549305,0.9813677285709045,59.99566577885387,False,False,normal
0,0,SMT_023548,14,commercial,1.75386962306696,1.0016427635277467,60.006044940697564,False,False,normal
0,0,SMT_005771,4,industrial,7.991156056068931,0.9983039625376914,59.98841281560507,False,False,normal
0,0,SMT_019899,11,residential,0.8100971952419587,0.9997975994336834,59.992734377563515,False,False,normal
0,0,SMT_021190,12,commercial,2.9172782087462648,1.0275212523509094,59.998378467359835,False,False,normal
0,0,SMT_022395,13,commercial,1.767186902741813,1.011947642193288,59.9839948485926,False,False,normal
0,0,SMT_008963,5,residential,0.8332563538624714,1.0065401776732958,60.00677463432637,False,False,normal
0,0,SMT_009169,5,residential,1.0984420454243249,1.0082596965009452,60.00096684812226,False,False,normal
0,0,SMT_012820,6,residential,0.49704021957986194,1.0035580399593733,60.00648377325584,False,False,normal
0,0,SMT_008189,4,residential,0.7621370827306215,0.998225667978758,60.00851395110823,False,False,normal
0,0,SMT_011981,6,residential,0.7480515710486234,0.987739606121986,59.97869004912965,False,False,normal
0,0,SMT_001712,2,residential,0.7964088544021738,0.9936090970013083,60.02077815130467,False,False,normal
0,0,SMT_022861,13,residential,0.7529221650046356,0.9892397033905013,60.0010744252211,False,False,normal
0,0,SMT_021484,12,residential,0.4736922211304329,0.9826035024477998,59.99715637381511,True,False,normal
0,0,SMT_017528,10,residential,0.48040514073628804,1.0006985421958858,59.98358972828261,True,False,normal
0,0,SMT_008482,5,commercial,2.143409561968286,0.9875305299064171,59.99016631887316,False,False,normal
0,0,SMT_001859,2,residential,0.9393982534422773,1.0073109886014409,60.00461581410324,True,False,normal
0,0,SMT_016774,10,commercial,1.231121179452994,1.005653698935831,59.99574853111356,False,False,normal
0,0,SMT_018211,10,residential,0.87171400997293,0.9838010312314531,59.998969865663696,False,False,normal
0,0,SMT_001993,2,residential,0.5814167759002556,1.0160081983211418,60.00686737107708,False,False,normal
0,0,SMT_007423,4,commercial,2.733441292632844,1.016234855275738,59.99119478371879,False,False,normal
0,0,SMT_021743,12,residential,1.037391659039235,0.9938839208065546,60.005359424428306,False,False,normal
0,0,SMT_012034,6,residential,1.080553016621593,1.012681986228019,60.00026150794825,False,False,normal
0,0,SMT_001077,2,residential,0.7794268614898124,1.01064769612775,60.00243309019509,True,False,normal
0,0,SMT_003269,3,industrial,23.316243614752953,1.0059802680553416,60.00712990301617,False,False,normal
0,0,SMT_007174,4,residential,1.2799761690751326,1.00030519187245,60.002249756012134,False,False,normal
0,0,SMT_011204,6,residential,0.6849503312954521,1.0049482073207467,59.98818223778172,True,False,normal
0,0,SMT_017111,10,residential,0.8814020492299752,0.9992206777810785,59.99791152260677,False,False,normal
0,0,SMT_021855,12,commercial,3.7437308424979574,0.9916996070321266,59.99725665693242,False,False,normal
0,0,SMT_014853,8,residential,1.0215790594783682,1.0047655834089753,60.00311469323807,False,False,normal
0,0,SMT_009593,5,commercial,2.6655927918028772,1.017000740064215,59.98180769501296,False,False,normal
0,0,SMT_013945,8,commercial,1.2112551083860565,0.9892730499224505,60.00516313639594,False,False,normal
0,0,SMT_011211,6,residential,0.5923976273764849,0.9933655058024548,60.0134173765771,False,False,normal
0,0,SMT_011448,6,residential,0.49618071071907177,0.9850451191141926,59.99620674618654,True,False,normal
0,0,SMT_014190,8,residential,0.9204777218505584,0.9983634877992354,59.99645546950466,True,False,normal
0,0,SMT_017016,10,industrial,22.114340051432293,1.0037597793588302,60.01435077827547,False,False,normal
0,0,SMT_007532,4,commercial,3.179117773070128,0.9898539654344773,60.00513348263471,False,False,normal
0,0,SMT_006024,4,commercial,3.948923354723352,1.0045301371938717,59.9939863964771,False,False,normal
0,0,SMT_011131,6,residential,1.0123542266060055,1.0090999732169463,59.99162287587473,False,False,normal
0,0,SMT_014809,8,commercial,2.6905707768299756,1.0104266760570573,60.00660979896678,False,False,normal
0,0,SMT_005676,4,residential,0.9615011968616904,1.0130587448018815,59.9903475191754,False,False,normal
0,0,SMT_017467,10,industrial,8.552075480908293,0.9895972346077437,60.0047164777918,False,False,normal
0,0,SMT_018720,10,industrial,8.189747271530445,1.0103449930794015,59.996078221092745,False,False,normal
0,0,SMT_010987,6,residential,0.5188078493759427,0.9841523553514963,60.00938455522571,False,False,normal
0,0,SMT_014973,8,residential,0.5973767085758298,0.9987420712274114,59.99416805015191,False,False,normal
0,0,SMT_005545,4,commercial,2.424195313775147,0.9926903257582512,59.99508395904581,False,False,normal
0,0,SMT_005314,4,residential,1.2740667073094132,1.0039054110938654,60.00727008591872,False,False,normal
0,0,SMT_009976,5,industrial,25.33422047452863,0.9974288765422862,59.98347967985396,False,False,normal
0,0,SMT_011719,6,industrial,28.324916835993026,0.9962815424957248,60.011557151892056,False,False,normal
0,0,SMT_009699,5,commercial,2.9683668197585233,0.9900460356287427,59.999307005437196,False,False,normal
0,0,SMT_013374,7,commercial,3.996917348424898,1.0012275317224386,60.00674787349702,False,False,normal
0,0,SMT_011065,6,residential,0.4340882960381592,0.9969210999953907,59.99293111040548,False,False,normal
0,0,SMT_008726,5,industrial,22.43815453683709,1.0012805702520515,59.99715385212716,False,False,normal
0,0,SMT_021262,12,residential,0.489207363743672,1.0013160660863154,59.9886035546828,False,False,normal
0,0,SMT_009002,5,commercial,2.7015921981426785,1.0128900430135908,60.0073260584928,False,False,normal
0,0,SMT_002290,2,commercial,3.9973059115301623,0.9969519812577222,59.99759979171878,False,False,normal
0,0,SMT_017014,10,residential,0.5369139763672339,1.0176438181287693,60.014318551025035,False,False,normal
0,0,SMT_005182,3,industrial,13.097892546350083,1.005418596896358,60.009200166865256,False,False,normal
0,0,SMT_020247,11,residential,0.736563335103004,1.007512714537047,59.98460255455562,False,False,normal
0,0,SMT_008895,5,commercial,1.5366510571522607,1.0120420983535376,60.000297670597035,False,False,normal
0,0,SMT_002629,2,residential,1.174322512372171,0.9939974856225038,59.99436970949297,False,False,normal
0,0,SMT_007031,4,residential,0.7496462629859133,0.9930074631258715,60.01427864703869,True,False,normal
0,0,SMT_021092,12,residential,1.0071912654198834,0.9944903485662967,59.99763322835198,False,False,normal
0,0,SMT_020955,12,residential,1.1034871403538116,1.0065980297638055,59.986796818371204,False,False,normal
0,0,SMT_010657,6,residential,0.6845027172652604,1.0083716179820723,60.0072956019978,False,False,normal
0,0,SMT_019466,10,commercial,3.7508656555282425,1.0015796100481023,60.018530864565406,False,False,normal
0,0,SMT_016294,9,residential,0.5833991058379211,1.0089756877049771,59.99093337085916,False,False,normal
0,0,SMT_008933,5,residential,0.9022017593491389,1.0061631372058557,60.01531586077256,False,False,normal
0,0,SMT_022251,13,commercial,1.7115192882193173,1.0095491613222816,60.00697705044039,False,False,normal
0,0,SMT_003825,3,residential,1.1408267678184378,0.98214850751589,59.99522346316914,False,False,normal
0,0,SMT_015849,9,residential,1.0226548801102933,0.9998763335125184,59.98842784005695,False,False,normal
0,0,SMT_022645,13,commercial,3.7016600701007807,1.0015024690870902,59.984338127607145,False,False,normal
0,0,SMT_014094,8,residential,1.184848282478889,0.9942886868975672,59.986283703638115,True,False,normal
0,0,SMT_007339,4,residential,0.924537630930325,0.9957927134737752,60.01963237591858,False,False,normal
0,0,SMT_013472,7,residential,0.8403096626850058,0.9907737871596621,60.00055109170677,False,False,normal
0,0,SMT_006841,4,commercial,3.8560584281511336,0.9886747195762144,60.01564884703596,False,False,normal
0,0,SMT_019139,10,commercial,1.2453643063283273,0.9970939327025367,60.00954237825309,False,False,normal
0,0,SMT_022403,13,residential,0.6488378588476221,0.9949975330728188,59.993064148666825,False,False,normal
0,0,SMT_000016,1,residential,0.49992559141283616,1.002541647678089,59.99507187785319,True,False,normal
0,0,SMT_011595,6,residential,0.5983870164013761,1.0011350870241666,60.01351726761892,False,False,normal
0,0,SMT_008134,4,industrial,10.01555879021087,0.9876931430444635,59.99399155268269,False,False,normal
0,0,SMT_004534,3,residential,0.9861117672659319,0.9988872744915348,60.00807550773523,False,False,normal
0,0,SMT_016582,9,residential,0.4000706778393206,1.0055159796918556,60.002819771895055,False,False,normal
0,0,SMT_019529,10,residential,1.1268796204402347,0.9908622429040528,60.00601651056703,False,False,normal
0,0,SMT_019814,11,residential,0.8929921462393591,0.9993464275497324,59.99757794692774,False,False,normal
0,0,SMT_008665,5,residential,0.7126175781368912,1.0046444963224372,60.00702341591121,False,False,normal
0,0,SMT_023539,14,residential,1.0694224286953093,1.0030909642690653,60.00197973136886,False,False,normal
0,0,SMT_015321,9,commercial,2.6562808514095493,1.0036889606590453,59.995579103986856,False,False,normal
0,0,SMT_009982,5,commercial,2.0466444823347016,0.9883410128149859,59.99393743019796,False,False,normal
0,0,SMT_015892,9,residential,0.803968745251956,1.0108621426932114,59.985105125322434,True,False,normal
0,0,SMT_013696,7,residential,0.8857499293297486,1.005260061461336,60.00137347346868,False,False,normal
0,0,SMT_013175,7,residential,0.9916888223412067,1.004027361958649,59.97589748870109,False,False,normal
0,0,SMT_019713,11,commercial,3.0525999529198984,1.015597444382259,60.01012974789032,False,False,normal
0,0,SMT_011168,6,commercial,3.9643468369061075,1.0014918994861257,60.00442460800431,False,False,normal
0,0,SMT_017035,10,residential,1.042255821716259,0.9995964402757628,59.98739874974871,False,False,normal
0,0,SMT_001209,2,residential,0.9417863410344883,0.988606976464671,60.011118950363546,False,False,normal
0,0,SMT_020826,12,residential,0.8058575864308845,0.9961191878380331,59.9953811209093,True,False,normal
0,0,SMT_005370,4,residential,0.525233564378086,1.0026069749728992,60.00331518954007,False,False,normal
0,0,SMT_008088,4,residential,1.0912540614847315,0.9906628523922053,59.976119832769584,False,False,normal
0,0,SMT_023627,14,residential,0.9663589684728479,0.9956035067184068,60.00955297778606,False,False,normal
0,0,SMT_018631,10,residential,0.6514107315795281,0.9986547310577923,60.01066095684762,False,False,normal
0,0,SMT_005455,4,residential,0.8401753927393181,0.9839505930052556,60.039310215689525,False,False,normal
0,0,SMT_011332,6,industrial,17.67277639490091,1.0205148929676824,59.99543011979325,False,False,normal
0,0,SMT_021137,12,residential,0.4906668595323493,1.0073457592967987,60.004348363741634,False,False,normal
0,0,SMT_003947,3,residential,1.0273774445810742,0.9961577048007142,60.01393544778882,False,False,normal
0,0,SMT_010954,6,commercial,1.6208906145493434,1.017793425073266,59.99996523797014,False,False,normal
0,0,SMT_016657,9,residential,0.4772358471012283,1.018512323958788,59.999726845640566,False,False,normal
0,0,SMT_015157,9,industrial,32.63238172593212,1.006323315828099,59.98044630571704,False,False,normal
0,0,SMT_016512,9,residential,1.0791715925125895,1.0022762688554223,60.008925005658114,False,False,normal
0,0,SMT_011983,6,industrial,22.06227335320661,0.9846441221148731,59.98987228227266,False,False,normal
0,0,SMT_020530,11,residential,1.172530863517712,1.0226005334315094,59.995313076500345,True,False,normal
0,0,SMT_019355,10,residential,0.9131476726837046,0.9843029215253971,60.025118709162435,False,False,normal
0,0,SMT_017550,10,residential,0.4796677319221165,0.9958298599789719,60.0038631346864,False,False,normal
0,0,SMT_011237,6,residential,0.5072783546779349,1.013113327743571,59.99375750950412,False,False,normal
0,0,SMT_003110,3,residential,0.6979650416497262,0.9913905254759642,59.99478276378502,False,False,normal
0,0,SMT_009562,5,residential,0.5654488876367987,1.0034359625694838,59.99708396623693,False,False,normal
0,0,SMT_021989,12,residential,0.48042440782917134,0.977146586467286,59.99481011865712,False,False,normal
0,0,SMT_004137,3,residential,0.5697104188700924,0.9949268857800473,59.99261140755813,False,False,normal
0,0,SMT_017839,10,industrial,22.12649602995882,1.0062827572019253,59.990980244669906,False,False,normal
0,0,SMT_010535,6,commercial,3.957630557833267,1.0085570155042924,60.0089454914363,False,False,normal
0,0,SMT_004870,3,residential,1.0561142965098198,0.9863310373257874,59.997467360703325,False,False,normal
0,0,SMT_008502,5,residential,1.2304971801326618,1.014853773660906,59.99860835775238,False,False,normal
0,0,SMT_000783,2,residential,0.9990244583520611,0.9990333514501418,59.99655376662296,False,False,normal
0,0,SMT_003633,3,commercial,3.4936487006390213,0.9767667431361624,60.0033113826204,False,False,normal
0,0,SMT_006216,4,residential,1.0339812157104238,0.9950681487651581,60.004489400861345,False,False,normal
0,0,SMT_000855,2,residential,0.6392986096846102,1.003426112159455,60.00801941642223,False,False,normal
0,0,SMT_023072,13,commercial,1.589485606462412,1.018744438639689,60.003330232128775,False,False,normal
0,0,SMT_000829,2,residential,1.012396968539719,0.9885211710571798,59.983208767153144,False,False,normal
0,0,SMT_012645,6,residential,0.5546794982361404,1.0076663251975342,60.00968962739761,False,False,normal
0,0,SMT_016895,10,residential,0.9473123963024849,0.9864366881496973,59.98648023293694,False,False,normal
0,0,SMT_013592,7,residential,1.0660389139941582,0.9978511159966931,60.00040139696201,False,False,normal
0,0,SMT_019658,10,residential,0.936189762857971,0.988751828521387,60.002873637154416,False,False,normal
0,0,SMT_000590,2,residential,0.6096234683487172,1.014235843363985,59.99119666412307,False,False,normal
0,0,SMT_006270,4,industrial,6.491494468405739,1.0080498649452727,59.98137424564541,False,False,normal
0,0,SMT_010731,6,residential,1.162197509049093,0.9978081332671503,60.00583801873183,False,False,normal
0,0,SMT_009468,5,commercial,3.1065644320081907,0.9891560745525838,59.986979211494294,False,False,normal
0,0,SMT_013812,7,industrial,11.81723238038709,0.9938045789235642,59.994409112362106,False,False,normal
0,0,SMT_015307,9,residential,0.4510571572060751,1.0198615471599093,59.986779760706106,False,False,normal
0,0,SMT_006505,4,residential,0.6742342487829383,1.0160130078543845,60.00093439433891,False,False,normal
0,0,SMT_018533,10,industrial,21.760102526554373,0.9901185949981917,59.990640814359075,False,False,normal
0,0,SMT_015000,8,residential,0.6554174722079589,0.997488160373757,59.98136923650312,False,False,normal
0,0,SMT_009358,5,residential,0.9123464953734803,0.9874468279427298,59.98607395519583,True,False,normal
0,0,SMT_003599,3,residential,0.666770578729778,1.012184851520749,60.01368699744923,False,False,normal
0,0,SMT_021116,12,residential,0.6826402512235534,0.999415198835673,59.995943267058536,False,False,normal
0,0,SMT_016716,9,residential,0.44301302881757015,1.002133095611594,60.0012983400791,False,False,normal
0,0,SMT_017211,10,residential,0.6310233307209124,1.0068675755106617,59.98402717231742,False,False,normal
0,0,SMT_006595,4,residential,1.0264754756457808,0.985576917083442,59.99677499387492,False,False,normal
0,0,SMT_002151,2,residential,0.6569196047077758,1.0250847998178736,60.00006247033414,True,False,normal
0,0,SMT_012363,6,residential,0.4171103360990494,1.0076096052172667,60.008817437860394,False,False,normal
0,0,SMT_015287,9,residential,0.6598092332538642,0.9935093842733449,59.9947876104217,False,False,normal
0,0,SMT_013174,7,residential,1.1253723346674935,0.9941617420395404,60.005308180541505,False,False,normal
0,0,SMT_006033,4,commercial,1.865983849349946,0.9944838100093748,59.99531844634355,False,False,normal
0,0,SMT_008337,5,commercial,0.9525984327667268,0.9958394923869659,60.00082691944518,False,False,normal
0,0,SMT_022038,12,commercial,3.6303965542580547,1.0042803530007678,60.00738786411968,False,False,normal
0,0,SMT_016135,9,residential,1.0056060760706766,0.9888758436901177,59.99312861402283,False,False,normal
0,0,SMT_013956,8,commercial,2.1574112446899307,0.9908098631011037,60.01223443862453,False,False,normal
0,0,SMT_009521,5,residential,0.963174696170726,1.0066672909956638,59.99914122251121,False,False,normal
0,0,SMT_005166,3,residential,0.4058424522893791,0.9985032865010295,60.01335411734376,False,False,normal
0,0,SMT_007732,4,residential,0.5608253370916191,0.9968873802445564,60.00622093297858,False,False,normal
0,0,SMT_009173,5,industrial,21.726955999409526,0.9990677325216045,59.99990887097276,False,False,normal
0,0,SMT_009332,5,residential,0.9407676895715394,1.0088087587965575,60.00932969490328,False,False,normal
0,0,SMT_000996,2,commercial,1.0820332594666708,0.9963002757006342,59.98222027749058,False,False,normal
0,0,SMT_005785,4,residential,0.4959575456865428,1.0282746806301488,59.98847840283323,False,False,normal
0,0,SMT_013241,7,commercial,2.3979103372229225,1.0171075665987468,60.01120628635205,False,False,normal
0,0,SMT_000353,1,residential,0.7969049847613238,1.0145257535814747,60.00338346794082,False,False,normal
0,0,SMT_006258,4,commercial,3.2356902776074636,1.0076061269461483,59.98865189430606,False,False,normal
0,0,SMT_023594,14,industrial,25.265924909018516,1.00188525521645,60.00979539260852,False,False,normal
0,0,SMT_011370,6,commercial,2.24757170961111,1.0084183195500416,59.99508553914016,False,False,normal
0,0,SMT_004452,3,commercial,1.7090715512226051,0.9905125247092297,60.007181349205965,False,False,normal
0,0,SMT_023515,14,industrial,22.047237529979977,0.9991011594557581,59.99522948495761,False,False,normal
0,0,SMT_011060,6,residential,1.1410813177142187,1.0069338220248354,60.01746992145122,False,False,normal
0,0,SMT_022189,12,industrial,22.55425450651755,0.989769152354159,59.99609497332985,False,False,normal
0,0,SMT_010585,6,residential,0.7447702833923816,0.9995134807048534,60.01464025578615,False,False,normal
0,0,SMT_001978,2,residential,0.6818710982320775,0.9921828693913205,59.98593653272948,False,False,normal
0,0,SMT_008870,5,residential,0.9818791355176342,1.0112907903748085,60.00826968555262,False,False,normal
0,0,SMT_013911,8,commercial,2.08049035363933,0.9901259722581868,59.994872519360406,False,False,normal
0,0,SMT_022423,13,residential,0.8130974451365038,1.0046676421591647,60.000227222103376,False,False,normal
0,0,SMT_008700,5,residential,1.2076765091761499,1.0089010079901257,59.99674402228627,True,False,normal
0,0,SMT_004295,3,residential,0.4297060717011271,0.995579935472039,60.006728200280406,False,False,normal
0,0,SMT_021054,12,industrial,7.268861860896437,0.9879528720896258,60.000766114583946,False,False,normal
0,0,SMT_007718,4,residential,0.4632081811519479,1.018235028206978,60.001320411392044,False,False,normal
0,0,SMT_018307,10,commercial,1.3309985991585027,0.996675393362849,60.012351478209915,False,False,normal
0,0,SMT_017064,10,residential,0.8503869140754381,0.9996726940275867,60.0137052991479,False,False,normal
0,0,SMT_016395,9,residential,0.8958188099422909,1.007399777602572,60.002885154906984,False,False,normal
0,0,SMT_001238,2,residential,1.1978146781323658,0.9949965219873511,59.99495172050192,False,False,normal
0,0,SMT_022966,13,residential,1.113744981839986,0.9916587296276123,59.99597796013121,False,False,normal
0,0,SMT_019282,10,commercial,2.141414060473891,1.0033960161966926,60.00730868623907,False,False,normal
0,0,SMT_008342,5,residential,0.9169954008217489,0.9980610705576961,60.00063712568518,False,False,normal
0,0,SMT_005635,4,residential,0.6122229746916705,1.0122080666918365,60.008011124053176,False,False,normal
0,0,SMT_001542,2,residential,0.4716602776120382,0.978794175665808,60.01697104032945,False,False,normal
0,0,SMT_023547,14,residential,0.6073982730868879,1.0150415645654116,59.99052115652525,False,False,normal
0,0,SMT_023159,14,residential,0.6350841750187449,0.9923966400546164,59.9893065597588,False,False,normal
0,0,SMT_004776,3,commercial,1.5200508575679759,1.0074841648483543,60.002048940165956,False,False,normal
0,0,SMT_012389,6,residential,0.7891244646954009,0.9981617065745693,59.99934174033144,False,False,normal
0,0,SMT_018735,10,residential,1.0843961285062063,0.9845205422789958,59.989992290492424,False,False,normal
0,0,SMT_005142,3,commercial,3.5267295274201538,0.9956348862795206,60.000128909760384,False,False,normal
0,0,SMT_019226,10,residential,0.47086353889882115,1.0099607228315235,59.986768236549814,False,False,normal
0,0,SMT_006775,4,residential,1.070420148870336,0.9986460315147513,59.98538561026721,False,False,normal
0,0,SMT_005962,4,commercial,1.2303992607302403,0.9905102328930869,59.98184154942267,False,False,normal
0,0,SMT_006359,4,residential,0.9350012598768048,1.0009571273215059,60.00658478429182,True,False,normal
0,0,SMT_010372,6,residential,0.8720701341398166,0.9802096022462856,60.00370911854387,False,False,normal
0,0,SMT_004703,3,commercial,2.9555215339891108,0.9923203532845075,59.99559710336284,False,False,normal
0,0,SMT_006268,4,residential,0.4122014137973064,0.9946320095721435,59.98943376246179,False,False,normal
0,0,SMT_013415,7,residential,0.7834085658318025,0.9919512594145048,59.97656958053503,False,False,normal
0,0,SMT_005757,4,commercial,1.121336483973643,0.9969907569716534,59.99268285603879,False,False,normal
0,0,SMT_001146,2,residential,0.6943531473779535,1.0168982407990024,60.0254189660985,False,False,normal
0,0,SMT_021514,12,commercial,1.364548673864256,0.9915356718129696,60.002028611443734,False,False,normal
0,0,SMT_009557,5,commercial,2.7835862403409313,0.9868731711910063,59.992717066197706,False,False,normal
0,0,SMT_011051,6,industrial,26.810679453482685,0.9948687955650004,59.99654997149075,False,False,normal
0,0,SMT_001926,2,residential,1.112417232948505,0.9943573959550035,59.99834275189365,False,False,normal
0,0,SMT_010105,5,residential,0.9419655995678253,0.9950447902910055,59.98884560388532,False,False,normal
0,0,SMT_018303,10,residential,1.0001310817246434,1.0294029280545263,60.01395055598056,False,False,normal
0,0,SMT_020801,11,residential,0.5519386967004656,0.9929474789266473,60.009995955636036,False,False,normal
0,0,SMT_018635,10,industrial,25.368262651794076,1.0005428628216118,59.99726812432495,False,False,normal
0,0,SMT_017258,10,residential,0.8134892772248771,1.0129450769893387,60.00978429693977,False,False,normal
0,0,SMT_003470,3,industrial,16.3975001273392,0.9938615022275306,60.00825980333721,False,False,normal
0,0,SMT_021488,12,commercial,3.4925019460443165,1.00569578463998,59.997911935105144,False,False,normal
0,0,SMT_005135,3,residential,1.245398619906195,1.0012280256946307,60.008118091062364,True,False,normal
0,0,SMT_017986,10,commercial,2.0581118791831536,1.009990497814973,60.00362300111514,False,False,normal
0,0,SMT_000668,2,residential,0.9999037463615952,1.007848793148563,59.99780847727272,False,False,normal
0,0,SMT_006289,4,industrial,7.16296659808542,1.0015524061365852,59.99007395390232,False,False,normal
0,0,SMT_011775,6,residential,1.1051835154186485,0.9832448440564245,60.02531417992172,False,False,normal
0,0,SMT_011523,6,residential,0.881229899722805,1.0075708599326008,59.98644421646829,False,False,normal
0,0,SMT_005547,4,commercial,2.497817267192637,0.9935312993499232,60.00282895554702,False,False,normal
0,0,SMT_002671,3,industrial,9.415433517794996,1.004486397735954,60.00436904016773,False,False,normal
0,0,SMT_017685,10,industrial,21.73086009603522,1.0020907059310509,60.00773621271153,False,False,normal
0,0,SMT_006822,4,commercial,2.4501482153230496,1.0036242224428327,59.996885812303255,False,False,normal
0,0,SMT_002615,2,residential,0.7820487457250322,0.9959726280801546,59.997974887728745,False,False,normal
0,0,SMT_017722,10,residential,1.1831759839586742,1.0003662958012711,59.99432887679742,False,False,normal
0,0,SMT_021153,12,residential,0.7830858295697135,0.9932716794394383,59.984484707324555,False,False,normal
0,0,SMT_015748,9,residential,0.6636490954133626,1.0038493426217598,60.01676613804558,True,False,normal
0,0,SMT_009038,5,residential,0.5447707952075569,1.0036798600978483,60.009886318260946,False,False,normal
0,0,SMT_009937,5,commercial,3.37012894521699,0.9820670816639777,59.99093278898154,False,False,normal
0,0,SMT_006634,4,residential,1.1189240052805252,0.9925050383975454,60.010244308218105,False,False,normal
0,0,SMT_000964,2,commercial,1.6760196525837314,1.0044450888828582,60.00411754933018,False,False,normal
0,0,SMT_014970,8,residential,0.7781924743684061,1.0108018229109066,60.00243996890657,False,False,normal
0,0,SMT_023494,14,commercial,2.2694248116131206,1.0066474959649105,59.99309984251554,False,False,normal
0,0,SMT_005389,4,industrial,15.263249344194284,0.9971298175337693,60.00385793360983,False,False,normal
0,0,SMT_014628,8,residential,0.7256920627365158,1.004108691940755,59.99483242815122,False,False,normal
0,0,SMT_015582,9,industrial,19.475921129842174,0.9977719104487254,59.99759012464708,False,False,normal
0,0,SMT_014694,8,residential,0.4042104602973259,0.9963007696470292,60.00119101490714,False,False,normal
0,0,SMT_004401,3,residential,0.6281358748233099,0.9959447468725744,59.988972448040805,True,False,normal
0,0,SMT_009394,5,residential,0.46158166230273195,1.0004077904938822,60.01339122570528,True,False,normal
0,0,SMT_015668,9,residential,0.9896375490716717,0.9979405661850661,60.023527795061376,False,False,normal
0,0,SMT_011413,6,residential,0.5655100086737863,0.9943854250024847,59.99491648574838,False,False,normal
0,0,SMT_000467,1,residential,0.9609740100299509,1.0096065403246806,59.987111605718724,False,False,normal
0,0,SMT_017880,10,commercial,3.7932447238765072,1.001280711768291,59.99523511612538,False,False,normal
0,0,SMT_004570,3,industrial,9.662285937269061,0.9996620270380641,60.01327159536807,False,False,normal
0,0,SMT_019066,10,industrial,16.74081134798771,0.9999565308922502,59.98563369885734,False,False,normal
0,0,SMT_013676,7,commercial,1.9453723444219744,0.98714416381142,60.00587170313862,False,False,normal
0,0,SMT_009085,5,commercial,0.9539433770106823,1.0017861602764941,59.99540109584593,False,False,normal
0,0,SMT_003026,3,residential,0.7626738167956683,0.9871714387852565,59.98330643525196,False,False,normal
0,0,SMT_011306,6,residential,0.42633231766531965,1.0004338839917273,59.994038010637304,False,False,normal
0,0,SMT_013732,7,residential,0.9701201152546318,0.9991944061501605,60.00032670437797,False,False,normal
0,0,SMT_008323,4,commercial,3.456844538306902,1.0025009911516007,60.01199729683958,False,False,normal
0,0,SMT_002983,3,industrial,17.05685091642477,1.0215396729466137,60.00160684023329,False,False,normal
0,0,SMT_017250,10,residential,1.1280154164333356,1.0026321767800066,60.007417142549905,False,False,normal
0,0,SMT_016798,10,commercial,2.406445438558384,0.9973410456286705,59.99938633085056,False,False,normal
0,0,SMT_016191,9,commercial,4.157470808088138,0.9954813994263882,60.0018466845859,False,False,normal
0,0,SMT_010233,5,residential,0.5309952680729868,0.985162156788108,59.981725053473426,False,False,normal
0,0,SMT_019000,10,industrial,15.281097381306763,1.0278338092992712,60.007333919880146,False,False,normal
0,0,SMT_010581,6,commercial,2.8371268773975835,0.9923115117432155,60.01929708308322,False,False,normal
0,0,SMT_012183,6,residential,0.9620287412136524,0.9905042472747959,59.996490601652006,False,False,normal
0,0,SMT_011123,6,residential,0.4918158093275974,0.9759596682600886,59.99805926061762,True,False,normal
0,0,SMT_011707,6,residential,0.9927809193293033,1.0147923012521929,60.0048647198183,False,False,normal
0,0,SMT_022276,13,residential,0.7663630856936987,0.9785912523473369,60.001171054910024,False,False,normal
0,0,SMT_019912,11,residential,1.1098201550632283,0.9934048057039043,60.00186485798516,True,False,normal
0,0,SMT_013589,7,industrial,9.568423966986085,0.9925044439170352,60.00337547752224,False,False,normal
0,0,SMT_017242,10,residential,0.915612656194316,0.9982089369119702,60.019784180503954,False,False,normal
0,0,SMT_018315,10,commercial,3.574930727161456,0.9893349055985806,59.98927308485495,False,False,normal
0,0,SMT_015602,9,residential,0.8827331477962498,0.9982972012732444,59.997425884946864,False,False,normal
0,0,SMT_016859,10,residential,1.1509360873832106,1.0056898972008301,60.01331097062816,False,False,normal
0,0,SMT_009287,5,industrial,17.9807974855799,0.9868840364285136,60.0067176195789,False,False,normal
0,0,SMT_014260,8,industrial,25.589183064178556,1.006224385532935,60.001155186153156,False,False,normal
0,0,SMT_003471,3,industrial,28.78099519250171,1.0082222503740603,60.00055135624629,False,False,normal
0,0,SMT_023239,14,residential,0.6236433589531603,0.9994955666516219,60.00123033296428,False,False,normal
0,0,SMT_008117,4,industrial,9.90402567268875,1.002464884108109,59.9831289720153,False,False,normal
0,0,SMT_015855,9,residential,0.8497510801652665,0.9931886598766098,59.99745855874417,False,False,normal
0,0,SMT_006323,4,commercial,2.5559586790119218,0.9993303046955455,59.97834219355304,False,False,normal
0,0,SMT_002122,2,residential,0.9353445915887599,1.0072072018294163,59.98520711599322,False,False,normal
0,0,SMT_023070,13,commercial,2.7642656011663864,0.9923363330713596,59.990715912039946,False,False,normal
0,0,SMT_001389,2,residential,1.0941118762556223,0.9918201627349187,60.010360806680296,False,False,normal
0,0,SMT_017555,10,industrial,24.69490720097709,0.995236575899823,60.00191416320372,False,False,normal
0,0,SMT_021302,12,residential,0.9716860583311294,0.9972667868765197,60.00138369737393,False,False,normal
0,0,SMT_018643,10,residential,0.8149941637146859,1.0025155346112669,60.002813324062224,False,False,normal
0,0,SMT_019411,10,residential,0.9608301013630922,0.9867953400175156,60.010297638713546,True,False,normal
0,0,SMT_006661,4,residential,0.7692573288254726,0.990344837739779,60.00553769198426,False,False,normal
0,0,SMT_003691,3,commercial,2.395936133717818,1.0120598661901885,59.9937916520288,False,False,normal
0,0,SMT_017659,10,residential,1.0371549536032794,1.0059027556996845,59.992134061202925,True,False,normal
0,0,SMT_013682,7,residential,0.9398713808949013,0.9919530590738648,59.99242384828599,False,False,normal
0,0,SMT_020542,11,residential,0.42629912298997186,0.9957846798771344,59.99486498617517,False,False,normal
0,0,SMT_008077,4,residential,1.0903791177174846,1.0062032008303678,59.997461694938885,False,False,normal
0,0,SMT_008642,5,residential,0.7403290483819784,0.9986152376351554,59.99676550982426,False,False,normal
0,0,SMT_014077,8,residential,0.728444110326447,0.9971610268200309,59.989388181772064,True,False,normal
0,0,SMT_013759,7,residential,1.1023293691705691,1.005330450624911,60.02006462926149,False,False,normal
0,0,SMT_016997,10,residential,1.0852429320954387,1.0152005154855073,59.99686892298805,False,False,normal
0,0,SMT_004339,3,residential,1.2539271131948595,0.9925879626381032,60.000702194140906,False,False,normal
0,0,SMT_013424,7,residential,0.8489624806124243,1.015177793046452,60.00866439072161,True,False,normal
0,0,SMT_019478,10,industrial,8.65342142199571,0.9869210489226561,60.00757174490786,False,False,normal
0,0,SMT_009240,5,commercial,1.7645209314088337,1.002153227896467,60.005051965890274,False,False,normal
0,0,SMT_023861,14,residential,0.8895858951104023,0.9910588111995957,60.002575531154555,False,False,normal
0,0,SMT_019965,11,residential,1.0335043200672274,1.0075861637532697,60.01618901715527,False,False,normal
0,0,SMT_016018,9,residential,1.2254548959364548,1.0046333955925162,59.9981468477561,False,False,normal
0,0,SMT_009555,5,commercial,1.9011661175119539,0.9945569338519583,60.01176304450978,False,False,normal
0,0,SMT_016299,9,industrial,13.615007799774082,1.0060495131961278,60.00449310869114,False,False,normal
0,0,SMT_021913,12,commercial,2.895249345463458,1.014132151540219,59.99992235098599,False,False,normal
0,0,SMT_017475,10,industrial,27.24794354600323,0.99366258517766,59.992220470511505,False,False,normal
0,0,SMT_004623,3,residential,0.8832009140712944,0.997900842693944,59.99122394810765,False,False,normal
0,0,SMT_020164,11,residential,0.5583040524468398,0.9985596045076404,59.99802623194066,False,False,normal
0,0,SMT_016183,9,residential,0.7386270601642667,0.99972794244756,59.998018938138735,False,False,normal
0,0,SMT_013677,7,residential,0.5591617458166143,0.9958265468374552,59.994319197126735,False,False,normal
0,0,SMT_010365,6,residential,0.7531949210620048,1.0097352347987816,60.0071632684082,False,False,normal
0,0,SMT_017243,10,residential,0.6996163436295916,0.9820320218233788,59.99770232096765,False,False,normal
0,0,SMT_014291,8,residential,0.8290955522308687,1.0092301362839478,60.00139355130454,False,False,normal
0,0,SMT_011820,6,residential,0.9838630714662082,0.9915016928862419,60.005316346880896,False,False,normal
0,0,SMT_011171,6,commercial,1.06825008993454,0.9979501972693696,59.997863846988835,False,False,normal
0,0,SMT_014934,8,residential,0.7220220946048989,1.0047252610711375,59.98864639554764,False,False,normal
0,0,SMT_003182,3,residential,1.0192611703315102,0.9979707550868608,59.99397487850368,False,False,normal
0,0,SMT_014023,8,residential,0.42760923813497814,1.0054383546639813,60.01258609041906,False,False,normal
0,0,SMT_014870,8,commercial,1.4048847053614018,1.0018834388778715,60.00010696329858,False,False,normal
0,0,SMT_018683,10,industrial,14.765440974774169,0.9920981746513449,59.99650253876557,False,False,normal
0,0,SMT_011926,6,residential,0.9454659167932165,0.9880599577639071,60.000213653643314,False,False,normal
0,0,SMT_022234,13,residential,0.6891556699826321,1.0139395131830733,60.00608189008086,False,False,normal
0,0,SMT_007597,4,residential,0.98891821130217,1.0053138963728638,60.00336818481914,False,False,normal
0,0,SMT_022324,13,industrial,28.696114423219264,0.9914181079905278,60.00232888962379,False,False,normal
0,0,SMT_002654,3,residential,0.4994026928114623,0.9916532361174047,59.98529758088062,True,False,normal
0,0,SMT_003297,3,residential,0.43580435006849233,1.0188401364529778,59.98980779897647,False,False,normal
0,0,SMT_013302,7,residential,1.0418062374986483,0.9956406619919759,59.98821371995506,False,False,normal
0,0,SMT_011326,6,commercial,2.2343215762292226,0.9919860744930665,59.999286501516636,False,False,normal
0,0,SMT_015020,8,residential,1.1683675929825554,1.0139188944658122,59.99907933578377,False,False,normal
0,0,SMT_014157,8,residential,0.6212785430627051,1.009151416650184,60.00818895993525,False,False,normal
0,0,SMT_021493,12,residential,1.0782199321915853,1.0043523505135632,60.006995746604716,False,False,normal
0,0,SMT_002931,3,residential,1.250604932868627,0.9847531194729325,60.00564895723286,False,False,normal
0,0,SMT_023305,14,commercial,1.6159075750165417,1.0084862210360173,59.99923042710801,False,False,normal
0,0,SMT_021304,12,industrial,8.772171924621036,1.0056995056771547,60.01866159538469,False,False,normal
0,0,SMT_023632,14,residential,0.6043085885643839,1.0124707081126376,59.99819415077171,False,False,normal
0,0,SMT_018411,10,residential,1.1052373248489258,1.003042799178299,60.01843379861155,False,False,normal
0,0,SMT_017427,10,residential,0.5503230211375079,0.9759751038566581,60.00027711410906,False,False,normal
0,0,SMT_010392,6,industrial,27.943715825212056,0.996903683114359,60.009653864012925,False,False,normal
0,0,SMT_000267,1,commercial,2.6685812745152764,0.9802826308895963,59.99986436717311,False,False,normal
0,0,SMT_000096,1,commercial,2.8423404542985216,0.9977097192797425,60.00348903417715,False,False,normal
0,0,SMT_020688,11,commercial,1.4234269469411676,0.9967677281241588,60.00831665380946,False,False,normal
0,0,SMT_017168,10,residential,0.61575497128656,1.0016455512406013,59.99925020902559,False,False,normal
0,0,SMT_006844,4,industrial,15.645390297111735,1.0162474245237911,59.99090003412567,False,False,normal
0,0,SMT_001766,2,industrial,26.578771697119272,0.9856413129953159,60.00145619570127,False,False,normal
0,0,SMT_000057,1,commercial,2.0843315745985254,0.9923893539782834,60.007353564169875,False,False,normal
0,0,SMT_022147,12,residential,0.5879462288571812,1.0039611296388289,59.98173772371454,True,False,normal
0,0,SMT_009457,5,residential,0.7006622572257821,1.0142412661665547,59.99885636239916,True,False,normal
0,0,SMT_011341,6,residential,0.45737347459307154,1.0013440047671303,59.998043869380524,False,False,normal
0,0,SMT_016671,9,commercial,3.1296837387763716,0.9970772203151343,60.0107765381803,False,False,normal
0,0,SMT_012902,7,residential,0.965551972434461,0.9954345287164327,60.01172724508805,False,False,normal
0,0,SMT_014902,8,commercial,3.3059602262053183,0.9882662419331673,59.996974198374346,False,False,normal
0,0,SMT_017870,10,residential,0.48505468737423924,1.012438065035227,59.99324321916789,False,False,normal
0,0,SMT_010626,6,residential,0.7378026360690539,1.018201491905305,59.995660480952154,False,False,normal
0,0,SMT_023603,14,commercial,3.5294325790842507,1.0187379700201966,59.99648408180754,False,False,normal
0,0,SMT_012323,6,commercial,1.954998599661256,1.0113469081018527,60.01217966719287,False,False,normal
0,0,SMT_006647,4,residential,0.501422072407199,1.0191900802300253,59.998345791919604,True,False,normal
0,0,SMT_022278,13,residential,0.9782488024491802,0.9997029686217525,60.002057475798644,False,False,normal
0,0,SMT_002978,3,residential,1.0209567983151706,1.0054062068251497,59.98502491258612,True,False,normal
0,0,SMT_005834,4,residential,0.948496247063736,1.0063103362213455,59.992870718292124,False,False,normal
0,0,SMT_016400,9,residential,1.0298945737430283,1.0004120674746455,59.99263841740676,False,False,normal
0,0,SMT_011730,6,industrial,27.85341134098347,0.9869673692125314,59.987307961125886,False,False,normal
0,0,SMT_023862,14,residential,0.9664935970527112,1.0243145217092164,59.99319633056857,False,False,normal
0,0,SMT_018526,10,commercial,2.602640784766036,0.9845664147078248,59.99503686751224,False,False,normal
0,0,SMT_020464,11,residential,0.7779445418264265,1.0040110931638406,59.9950930955524,False,False,normal
0,0,SMT_023039,13,commercial,3.1518695092022053,1.004334282740199,60.01119664597735,False,False,normal
0,0,SMT_004382,3,commercial,2.9056986447316824,1.0066027064773697,60.00181049699498,False,False,normal
0,0,SMT_001418,2,residential,0.5955265652789444,0.9939336075459868,59.995325050879856,False,False,normal
0,0,SMT_016661,9,industrial,25.408792955341823,1.0058961369201607,60.016475116818896,False,False,normal
0,0,SMT_008810,5,commercial,2.7053619052422886,0.9947625150575063,59.98930617558445,False,False,normal
0,0,SMT_004296,3,commercial,3.6806516140645784,0.997873114452153,60.018334019242,False,False,normal
0,0,SMT_014769,8,commercial,1.9448003733025925,0.9988947088174808,60.01666074690908,False,False,normal
0,0,SMT_001809,2,residential,1.1215534602117418,1.013781398356184,60.00598632333337,False,False,normal
0,0,SMT_018144,10,industrial,13.720973834567388,0.997836046834473,59.99955306040774,False,False,normal
0,0,SMT_001968,2,residential,0.713593155335223,0.9945852997476542,60.00713301917678,False,False,normal
0,0,SMT_022644,13,residential,0.40448142898280304,1.0035469717613132,59.984041826677334,False,False,normal
0,0,SMT_000476,1,commercial,3.868618176502382,1.0044672195776019,59.988235816752585,False,False,normal
0,0,SMT_011030,6,residential,0.7743784409337162,0.9980201854470829,60.001040401799024,False,False,normal
0,0,SMT_010664,6,residential,0.5876184052814586,1.0087424888906569,59.9921046895242,False,False,normal
0,0,SMT_006819,4,commercial,2.6193642121566763,1.0198468878293858,59.999873207162665,False,False,normal
0,0,SMT_014623,8,residential,0.5609500591498311,1.017189939694637,60.01472571345715,True,False,normal
0,0,SMT_012575,6,residential,0.5405115444316039,0.981577297558945,60.0031580657544,False,False,normal
0,0,SMT_013948,8,residential,1.155563913733647,1.0087772409618994,59.98753113825151,False,False,normal
0,0,SMT_016821,10,commercial,1.6659046499855397,1.0017439496701575,60.00172579985366,False,False,normal
0,0,SMT_008411,5,residential,0.5986592568538985,0.9997953619878227,60.02141252254834,True,False,normal
0,0,SMT_023462,14,commercial,2.551668272869101,1.0044016561094404,59.99908532264124,False,False,normal
0,0,SMT_018907,10,industrial,27.156071171740702,1.0001877835504964,60.00655230521421,False,False,normal
0,0,SMT_014104,8,industrial,12.896481571751604,1.0063068506529442,59.99807361806049,False,False,normal
0,0,SMT_014701,8,industrial,27.502598117294617,0.9907732682655963,60.01629153675142,False,False,normal
0,0,SMT_020136,11,commercial,2.4618663806578462,0.9967520755146135,59.994827000984955,False,False,normal
0,0,SMT_002093,2,residential,0.9352430956980061,0.9948797756021057,60.00135969700199,False,False,normal
0,0,SMT_012602,6,commercial,1.6081076739828541,1.0052044551581478,60.008862997818056,False,False,normal
0,0,SMT_004291,3,residential,0.9751971833643862,0.989638214418392,59.9819136247478,True,False,normal
0,0,SMT_018503,10,industrial,10.290169945791545,1.0156913394648197,59.997293125813144,False,False,normal
0,0,SMT_005310,4,residential,0.9052665122597193,1.0013856955098615,59.99979851796653,False,False,normal
0,0,SMT_005093,3,residential,0.910360845535514,1.0004382553843638,60.004481646187585,False,False,normal
0,0,SMT_019679,11,residential,0.6361648352034055,0.997561997962929,59.984418735469184,False,False,normal
0,0,SMT_005113,3,residential,0.8211702298017066,1.007798101018208,59.983419858647196,False,False,normal
0,0,SMT_011119,6,commercial,2.9221025179143907,1.0107503598342549,59.99847573029264,False,False,normal
0,0,SMT_005975,4,commercial,2.5942577930249318,0.9988270906795103,60.00285797035149,False,False,normal
0,0,SMT_007594,4,commercial,3.551963195901375,0.976946483823881,59.99928761332438,False,False,normal
0,0,SMT_019027,10,residential,0.5793306440132209,0.9966558150971452,59.995954387874434,False,False,normal
0,0,SMT_020621,11,commercial,1.5766924654132222,0.9896280934911394,59.99245097578418,False,False,normal
0,0,SMT_014439,8,commercial,1.1581699246871544,1.009674251310583,59.992052355226505,False,False,normal
0,0,SMT_018851,10,residential,0.7717366376195264,0.9931603324606352,60.00678552924553,False,False,normal
0,0,SMT_021076,12,residential,1.0139188240179866,1.000011635463123,59.991034921882694,False,False,normal
0,0,SMT_019427,10,industrial,21.55246976904359,0.9878792374558392,60.00518233777635,False,False,normal
0,0,SMT_009352,5,residential,1.004448426233158,1.008554339468724,60.001737655300694,False,False,normal
0,0,SMT_010212,5,residential,0.3851805117439238,1.0053471780524865,60.00029204401425,False,False,normal
0,0,SMT_013958,8,industrial,19.760960831523644,1.0007361773926553,59.98431752737452,False,False,normal
0,0,SMT_011494,6,residential,0.6370000546180878,1.0218303036670393,59.982490136341035,False,False,normal
0,0,SMT_012037,6,residential,0.45003640519336224,0.9990394343531964,60.00634501661699,False,False,normal
0,0,SMT_012026,6,commercial,2.4160657095111313,0.9900528054710817,60.02021749354323,False,False,normal
0,0,SMT_013539,7,commercial,3.062809321686187,1.0041861923965083,60.0017441471148,False,False,normal
0,0,SMT_006869,4,industrial,11.69902690691939,0.9909972124164999,60.01441486414272,False,False,normal
0,0,SMT_015839,9,residential,0.7129798161196516,1.004679203729758,60.00587122075235,False,False,normal
0,0,SMT_016873,10,residential,1.2581608849405366,1.004650604461877,60.01824760885582,False,False,normal
0,0,SMT_012939,7,residential,1.2413532804235097,1.01281894601023,59.99706128797393,False,False,normal
0,0,SMT_003690,3,residential,0.42848211624023924,1.0020102643202047,59.98904273180886,True,False,normal
0,0,SMT_006392,4,commercial,3.213044607723556,0.9934230079417355,59.99832003487272,False,False,normal
0,0,SMT_004639,3,residential,0.4389248851209702,1.0050767252266997,60.002105099801554,False,False,normal
0,0,SMT_004437,3,residential,0.5646177361602683,0.9995137010247919,60.00529901168594,False,False,normal
0,0,SMT_022030,12,commercial,3.8294314195094263,1.0093574459828853,59.99844712831842,False,False,normal
0,0,SMT_019662,11,commercial,2.9241092351589297,0.9912133883445586,60.007617267258645,False,False,normal
0,0,SMT_018922,10,residential,0.5369828581616599,0.9952399573548409,60.0235707886793,False,False,normal
0,0,SMT_021496,12,industrial,10.116879514868279,0.9856344166342393,60.002859297439706,False,False,normal
0,0,SMT_023683,14,residential,0.6156966663148989,1.013775774242943,60.02140506218103,False,False,normal
0,0,SMT_008298,4,residential,0.3809415358557116,0.9930631623469511,60.00355018106728,False,False,normal
0,0,SMT_017936,10,residential,1.0801961435381735,1.006105398155819,59.99908019170673,False,False,normal
0,0,SMT_020142,11,residential,1.0108049954669818,1.0090539477984595,60.00092964942365,False,False,normal
0,0,SMT_012440,6,commercial,3.695624755080024,1.012832575324034,60.00146048143603,False,False,normal
0,0,SMT_008839,5,industrial,11.256855570842388,1.0029456290065422,60.01162177605566,False,False,normal
0,0,SMT_020651,11,residential,0.5276943414357711,0.9939990137940637,60.00096824518911,True,False,normal
0,0,SMT_000349,1,commercial,3.611187776700284,1.0060920090352747,59.98003109712824,False,False,normal
0,0,SMT_021258,12,industrial,6.733284620286892,0.9957203949209195,60.001560532634855,False,False,normal
0,0,SMT_013749,7,commercial,3.7121574511859534,1.0069589675958053,59.99544978631879,False,False,normal
0,0,SMT_023438,14,residential,0.6050115342084161,0.9828760107560922,59.997382774136135,False,False,normal
0,0,SMT_022839,13,commercial,2.2253756258624895,1.0000338845362864,59.99920663285008,False,False,normal
0,0,SMT_022252,13,commercial,1.832946096467266,0.9874237462569041,59.993482499429916,False,False,normal
0,0,SMT_013332,7,commercial,2.017345921205726,0.9982903722316904,60.004501482686074,False,False,normal
0,0,SMT_014305,8,residential,0.822269270613835,0.9886932693540108,59.995491407104105,True,False,normal
0,0,SMT_002434,2,residential,0.9987643290998075,1.0002865101113345,59.99699345175585,False,False,normal
0,0,SMT_011825,6,industrial,18.85985807653219,1.0188943534090111,60.00074096322126,False,False,normal
0,0,SMT_018310,10,commercial,1.9876464400740266,0.9942732048138929,60.01286214127445,False,False,normal
0,0,SMT_015615,9,residential,1.0756438451005685,1.0056532745919673,59.9902193245616,False,False,normal
0,0,SMT_023014,13,industrial,24.992689375389258,0.998468055921233,60.00237047920356,False,False,normal
0,0,SMT_006908,4,commercial,2.6912687303501177,0.9995913153770716,59.9924187888422,False,False,normal
0,0,SMT_016999,10,residential,0.5534222851497618,0.9813961122251003,60.00213237330595,False,False,normal
0,0,SMT_008025,4,residential,0.8778107300732286,0.9999921216996714,60.001323161100956,False,False,normal
0,0,SMT_014397,8,residential,0.9969257628701119,0.9893099733710841,59.986674677569596,False,False,normal
0,0,SMT_021673,12,residential,0.513506882701401,1.0012190794610871,60.01672367734525,False,False,normal
0,0,SMT_021226,12,residential,0.6559698491664238,1.0253334641899223,60.00552101839704,False,False,normal
0,0,SMT_009871,5,commercial,3.743099373344289,0.9959877490372705,60.00424201976812,False,False,normal
0,0,SMT_004427,3,residential,1.1123428524667924,1.0023659497467456,60.004395177660456,True,False,normal
0,0,SMT_005539,4,commercial,3.7089970322459758,0.9843283129939461,60.00396072546932,False,False,normal
0,0,SMT_003316,3,industrial,20.523649710950057,0.9805712924877619,60.00947746319603,False,False,normal
0,0,SMT_002677,3,residential,1.0507075299612885,1.0050552842674634,59.99338927772533,False,False,normal
0,0,SMT_017425,10,residential,0.642222294713241,0.9992644512950194,60.000652879123294,False,False,normal
0,0,SMT_016738,9,commercial,3.8031234938225125,1.006424016654196,59.97642384682925,False,False,normal
0,0,SMT_008199,4,commercial,1.6944248719884407,1.0142139914523147,60.004845034631956,False,False,normal
0,0,SMT_012826,6,residential,0.626850715835703,1.0074044571382095,59.98028113881231,False,False,normal
0,0,SMT_008306,4,residential,0.9744281722439073,0.9914669361980323,60.021379744926215,False,False,normal
0,0,SMT_008449,5,residential,0.9473547047853732,0.9825669164906385,60.015982587362124,False,False,normal
0,0,SMT_010426,6,industrial,29.24738278665752,1.0042483914310016,60.02019207968241,False,False,normal
0,0,SMT_020140,11,commercial,2.2447752306321975,0.9997525106849215,59.99741433782902,False,False,normal
0,0,SMT_002073,2,commercial,3.7154769856237406,1.0105034848314067,60.02244280780937,False,False,normal
0,0,SMT_003911,3,commercial,2.6249449941275165,1.0056567501060303,60.00332100086804,False,False,normal
0,0,SMT_005645,4,residential,0.9977671674102606,1.0149390441290302,59.98765817409163,False,False,normal
0,0,SMT_019941,11,residential,0.5285918725431488,1.0090688337490212,59.98887683141073,False,False,normal
0,0,SMT_013504,7,residential,0.788845665466543,0.9996845273578147,60.00772392293747,False,False,normal
0,0,SMT_002214,2,commercial,4.050028591163059,0.9957823885048692,59.99857455660497,False,False,normal
0,0,SMT_018346,10,commercial,2.384155576544154,0.9996203639876275,60.00469995600795,False,False,normal
0,0,SMT_015801,9,residential,0.9841077920187163,0.9917175227700407,60.01687739010794,False,False,normal
0,0,SMT_003578,3,residential,0.6005671816613821,1.0071280319751956,59.9813846427174,False,False,normal
0,0,SMT_019986,11,commercial,1.4989991336916764,1.0070189540322065,60.00468588674393,False,False,normal
0,0,SMT_001173,2,residential,0.9395397457106374,1.0015981343774536,60.00275588822924,False,False,normal
0,0,SMT_023784,14,commercial,3.409346571501099,1.0033381246135509,60.00166602464344,False,False,normal
0,0,SMT_001201,2,residential,0.9103500023390357,0.9995744633008743,60.006132344726,False,False,normal
0,0,SMT_014074,8,commercial,2.8923212067102604,1.0153305697310018,59.982900890609166,False,False,normal
0,0,SMT_017541,10,residential,0.6544358843242177,1.0171104790863845,60.00336509703518,False,False,normal
0,0,SMT_010135,5,residential,0.8168208803448643,1.0078612753955807,59.98907913037707,False,False,normal
0,0,SMT_023391,14,commercial,3.1628417524629278,0.9755372163901814,59.99622513655633,False,False,normal
0,0,SMT_004675,3,industrial,12.27845124437556,0.9872761811358506,59.990879045864126,False,False,normal
0,0,SMT_015953,9,commercial,1.7404912438855715,0.9877167180463144,59.98476388218622,False,False,normal
0,0,SMT_005745,4,residential,1.0022079630556575,0.9885680614888527,59.990287305733375,True,False,normal
0,0,SMT_001694,2,residential,1.0193514057148994,0.993411481044156,59.99713295876053,False,False,normal
0,0,SMT_020300,11,residential,0.9113891653406327,0.9952906574201124,60.00263324477252,False,False,normal
0,0,SMT_008241,4,residential,0.8420920184233865,0.9778751329853691,60.00987979639492,False,False,normal
0,0,SMT_014848,8,residential,0.5966526846864217,1.0008139564550307,60.00663059209293,False,False,normal
0,0,SMT_017123,10,industrial,21.018890840467577,1.0013765087932498,59.987373087964166,False,False,normal
0,0,SMT_007195,4,residential,0.8066773182603805,1.0107087666630516,59.97761917827366,True,False,normal
0,0,SMT_005222,3,residential,0.4140949738315443,0.98637803373272,59.99738684414628,False,False,normal
0,0,SMT_009714,5,residential,0.5094259231875318,0.9979688191248739,60.015375750649504,False,False,normal
0,0,SMT_016653,9,residential,0.9747845614496551,1.0054576310564163,59.99958755681214,False,False,normal
0,0,SMT_009769,5,residential,0.6402381379046943,1.0089680290691934,59.9944239306031,False,False,normal
0,0,SMT_003934,3,industrial,11.708742347697926,0.9938124629397138,60.0179309192571,False,False,normal
0,0,SMT_020519,11,residential,0.9787040497301708,1.01061669044847,59.9964367054503,False,False,normal
0,0,SMT_010204,5,residential,1.1258908519051882,0.9965070947186824,60.01572387874238,False,False,normal
0,0,SMT_018945,10,residential,0.5040807917946972,0.9864268737132695,59.998571188270475,False,False,normal
0,0,SMT_004064,3,commercial,2.4360955930470722,0.9996363847396738,60.01794618599954,False,False,normal
0,0,SMT_012318,6,residential,0.9401226777702032,1.0007117203969058,60.00565552710589,False,False,normal
0,0,SMT_020071,11,residential,0.696627603292076,1.0198197131105196,59.99814390248415,False,False,normal
0,0,SMT_011244,6,commercial,1.2037238055934216,0.9941349201564618,60.01853632496955,False,False,normal
0,0,SMT_009411,5,residential,0.8976158024544316,1.0170953251306551,60.008399949400086,False,False,normal
0,0,SMT_005394,4,commercial,1.5371690235281212,1.0150092828560875,60.00714750003995,False,False,normal
0,0,SMT_018108,10,residential,0.5759132958533346,0.9989328644415967,60.002368922280866,False,False,normal
0,0,SMT_005336,4,residential,0.6593625299458163,0.9903069204296847,60.00793454141184,False,False,normal
0,0,SMT_020993,12,residential,1.1438528210148022,0.9969517982330832,60.0044339160641,False,False,normal
0,0,SMT_023040,13,industrial,24.53046373786925,0.9956369029123184,59.990648854220616,False,False,normal
0,0,SMT_018272,10,commercial,1.254204248589073,1.0102136992443074,59.99769524289126,False,False,normal
0,0,SMT_012808,6,residential,0.9463203862811065,1.0035116971854778,59.99822902143725,False,False,normal
0,0,SMT_022601,13,residential,0.7341598738709092,0.9961591489370853,60.01201829179997,False,False,normal
0,0,SMT_005250,4,residential,1.0748488920409875,0.9942310599695193,60.007875730565324,False,False,normal
0,0,SMT_021785,12,industrial,25.996770731421424,0.9859907706286531,59.98683286658129,False,False,normal
0,0,SMT_021530,12,industrial,19.894623402206207,1.0104969538804576,60.00435628253943,False,False,normal
0,0,SMT_000982,2,residential,0.7122979842912477,1.0117756438657053,59.989984288932284,False,False,normal
0,0,SMT_008972,5,commercial,1.234476507985618,0.9937278857255124,59.99189591414523,False,False,normal
0,0,SMT_009446,5,commercial,1.7906100473199953,1.0170568763021084,60.01682309416222,False,False,normal
0,0,SMT_010378,6,residential,0.4793386780540275,1.0057415555520726,60.00685329465913,False,False,normal
0,0,SMT_022659,13,residential,0.9824586346056943,0.991785975356387,59.98631417911171,False,False,normal
0,0,SMT_015495,9,residential,0.6089196558899567,0.9937725593439384,59.99438014983336,False,False,normal
0,0,SMT_004394,3,industrial,26.610673672737793,0.9917015119599139,60.00793354949452,False,False,normal
0,0,SMT_011907,6,residential,0.37842806506828536,1.004307669011629,59.99191783826871,False,False,normal
0,0,SMT_017746,10,industrial,20.431165092707953,0.9873592865956291,60.005671831110064,False,False,normal
0,0,SMT_000258,1,residential,1.1882442193464704,0.9929576928491483,60.00196631272034,False,False,normal
0,0,SMT_016022,9,residential,0.5248244863527782,0.9944536104169863,59.989802625602465,False,False,normal
0,0,SMT_002873,3,residential,0.9334768191520476,0.9760822013112299,59.978423989014495,False,False,normal
0,0,SMT_012660,6,commercial,1.8994177327331718,1.0075361029600074,59.98952273270655,False,False,normal
0,0,SMT_012111,6,residential,0.6041242223900192,0.9963767918659342,59.98370966659318,False,False,normal
0,0,SMT_005754,4,residential,0.8324429711393324,0.987942622547759,60.008159475299735,False,False,normal
0,0,SMT_017649,10,industrial,25.575677440811866,1.0000122407790388,59.998475088065284,False,False,normal
0,0,SMT_012964,7,residential,0.437179136374543,0.9982833236502483,60.00321898826073,False,False,normal
0,0,SMT_000822,2,residential,1.0234376612932004,1.0104448873715817,59.999277863636976,False,False,normal
0,0,SMT_019948,11,residential,0.41825417531711606,0.9937408400625071,60.020817948280396,False,False,normal
0,0,SMT_005959,4,residential,0.41763327142878814,1.0020925824877485,59.98271656062809,False,False,normal
0,0,SMT_003488,3,residential,1.0774487335895755,1.003884634074346,60.02000480195831,False,False,normal
0,0,SMT_020793,11,residential,0.4186950501781783,0.9906018725223895,59.99298830323581,False,False,normal
0,0,SMT_022823,13,residential,0.5396891137654023,1.008657104782814,59.9850348163035,False,False,normal
0,0,SMT_019610,10,residential,0.9201268330774874,1.0093687262806716,60.00098918878475,False,False,normal
0,0,SMT_001860,2,commercial,3.676289091858628,0.99494673501583,60.00760914315155,False,False,normal
0,0,SMT_008175,4,residential,1.2097804354592547,0.9677052279414631,59.992884985373166,False,False,normal
0,0,SMT_016594,9,commercial,2.50685454369777,0.9955598048175743,59.98963794945297,False,False,normal
0,0,SMT_006910,4,residential,0.4988847596651944,0.988666965922081,60.00694450709572,False,False,normal
0,0,SMT_006052,4,residential,0.7036601003117742,1.0103011717430117,59.98215971681169,False,False,normal
0,0,SMT_008743,5,commercial,3.6871060755350684,0.9998470979643846,60.00530067755462,False,False,normal
0,0,SMT_015760,9,commercial,2.2847456064504077,0.9928609101539282,60.01957401692735,False,False,normal
0,0,SMT_010994,6,commercial,1.839778734467615,1.0040865930680514,60.00073890068547,False,False,normal
0,0,SMT_011734,6,residential,0.46379515692995793,1.0196672146506929,60.012697346102456,False,False,normal
0,0,SMT_013378,7,residential,1.1994404011317419,1.0085978199458643,59.98809944888278,True,False,normal
0,0,SMT_015881,9,industrial,15.680187757608142,0.9836413430544972,59.99990329325594,False,False,normal
0,0,SMT_012207,6,residential,1.069685952235322,1.0119931759032434,60.013617730869015,True,False,normal
0,0,SMT_012938,7,residential,0.9447598775355209,1.0224211996263728,59.98181381069896,False,False,normal
0,0,SMT_006070,4,residential,0.7008496337613529,1.0122023622369187,60.0081939706629,True,False,normal
0,0,SMT_007871,4,residential,1.0955901463605975,1.0076782442558614,59.98636735681514,True,False,normal
0,0,SMT_001060,2,residential,1.1895601813528647,0.988404731033324,60.001280103533915,False,False,normal
0,0,SMT_021230,12,industrial,21.35250862268996,1.0028031708163314,60.00452803672622,False,False,normal
0,0,SMT_017152,10,residential,1.2026409954791073,1.0100518500090605,60.00638899683854,False,False,normal
0,0,SMT_017926,10,residential,0.726531949307382,0.9867056908806273,60.006185837280015,False,False,normal
0,0,SMT_003968,3,residential,0.8281249401782866,0.9998985049109081,59.99794018132272,True,False,normal
0,0,SMT_018792,10,commercial,2.080548115906426,1.0154991627125525,59.98834219255435,False,False,normal
0,0,SMT_020577,11,residential,1.062539556724498,0.9927888012174588,59.98920940503055,False,False,normal
0,0,SMT_007402,4,residential,1.1028209701699083,0.9945383800647728,59.99365249505747,False,False,normal
0,0,SMT_002944,3,residential,1.0961768243833423,0.9878146605556197,60.00065675664924,False,False,normal
0,0,SMT_011657,6,residential,0.7881050766975497,0.9901602564139185,60.01935295654224,False,False,normal
0,0,SMT_016478,9,industrial,12.328929737373844,0.9906168031016764,59.99113795269425,False,False,normal
0,0,SMT_017546,10,commercial,2.1294457795790107,0.9868449224373471,60.01773222069133,False,False,normal
0,0,SMT_004707,3,residential,1.1263742981775668,1.0053051729216016,60.00270774384294,False,False,normal
0,0,SMT_021372,12,residential,0.6999548760124205,1.0109288575529807,59.99213760195727,False,False,normal
0,0,SMT_022919,13,residential,0.9288907401073935,1.0174018408503278,59.999509340368746,False,False,normal
0,0,SMT_015488,9,residential,1.2306202912922042,1.0126743171931485,60.00705871069068,False,False,normal
0,0,SMT_014034,8,residential,0.9721556233145932,1.0110834889894729,59.999943847447845,False,False,normal
0,0,SMT_016839,10,industrial,10.024834207468537,1.006267998461772,60.00216608512485,False,False,normal
0,0,SMT_018962,10,residential,0.9727987587930402,1.005949819333555,60.01012708155582,False,False,normal
0,0,SMT_009868,5,residential,0.5524579677837036,1.007659537773645,60.00501099300831,False,False,normal
0,0,SMT_020790,11,residential,0.6284078109836596,1.0041135296804087,59.9884886650685,False,False,normal
0,0,SMT_012069,6,residential,0.48480252104828464,1.0109427843070231,59.9994455687491,True,False,normal
0,0,SMT_014237,8,residential,0.9918009294739489,1.0031191241321917,59.99194475987933,False,False,normal
0,0,SMT_021815,12,residential,0.5053440435256085,1.0030152411860747,60.011822277564036,True,False,normal
0,0,SMT_020806,11,residential,0.9015514509441388,1.0069993104572503,59.99261451383386,False,False,normal
0,0,SMT_012489,6,residential,0.5187791573268763,1.0042290456255585,59.99538133996746,False,False,normal
0,0,SMT_022075,12,residential,0.6018824361391051,1.0109772479682324,59.997883802940265,False,False,normal
0,0,SMT_020064,11,commercial,3.4626676243775862,0.9810236980745835,59.99853140717221,False,False,normal
0,0,SMT_009172,5,industrial,19.313602745867662,1.002187198115209,59.98659990484928,False,False,normal
0,0,SMT_010198,5,residential,1.2224025069215814,0.9768730880726318,60.01203976865984,False,False,normal
0,0,SMT_011725,6,residential,1.0979760215549603,1.0014343477925858,59.9979358544873,False,False,normal
0,0,SMT_014413,8,commercial,3.524751609003444,1.0113483835294272,60.00168742505054,False,False,normal
0,0,SMT_013231,7,residential,0.551119903687461,0.9981960152330989,60.004989953021855,True,False,normal
0,0,SMT_019297,10,commercial,1.9524304029240986,1.0024328512438083,60.00212614346264,False,False,normal
0,0,SMT_015973,9,residential,1.0032900567314196,1.0067546531388627,59.98628973872022,False,False,normal
0,0,SMT_009294,5,residential,0.702833286529982,0.9926008926777895,60.006915718113916,False,False,normal
0,0,SMT_022396,13,commercial,3.282231803883401,1.0028620636086605,60.00762714370374,False,False,normal
0,0,SMT_010316,5,commercial,1.1198922734513561,1.0006437650750764,59.99835035422954,False,False,normal
0,0,SMT_009502,5,residential,0.4066396581328428,0.999346966064996,59.996038835603564,False,False,normal
0,0,SMT_021188,12,residential,0.6347280617564823,1.0121415216698502,60.01211420854744,False,False,normal
0,0,SMT_018866,10,residential,0.6569628058489511,1.0013890729635586,59.99453299343795,False,False,normal
0,0,SMT_019801,11,residential,0.9315060109131211,0.9961862824630662,59.99730481159536,True,False,normal
0,0,SMT_015278,9,residential,0.791899020970739,1.0107594711652315,59.986729565111425,False,False,normal
0,0,SMT_002665,3,residential,0.5885755503351162,1.0089331020665178,60.00836371205156,False,False,normal
0,0,SMT_018833,10,residential,0.46527417375248764,1.000764978147609,60.01644393587796,True,False,normal
0,0,SMT_000915,2,commercial,1.3688469567915402,1.0024549146129096,59.988056601018116,False,False,normal
0,0,SMT_021543,12,commercial,2.6846225566727804,1.0114450931837022,60.002578719198254,False,False,normal
0,0,SMT_003475,3,residential,1.1589187485324715,0.9994690413704703,60.00014630625216,False,False,normal
0,0,SMT_005678,4,residential,0.9175929857437597,1.0023795781721279,59.99801178152539,True,False,normal
0,0,SMT_015184,9,residential,1.0872225432542806,0.9972153571138801,60.00307489277776,False,False,normal
0,0,SMT_012465,6,commercial,3.078131163133209,0.9911583419707571,60.000578757483545,False,False,normal
0,0,SMT_016343,9,residential,0.8899666786819183,1.0015944151928626,59.991111490389336,False,False,normal
0,0,SMT_000488,1,residential,0.5376658840502009,1.0102646006275406,59.996048349957356,False,False,normal
0,0,SMT_022651,13,commercial,1.398201860135401,1.001183481543871,59.99277802789558,False,False,normal
0,0,SMT_001808,2,residential,0.48899446778758987,0.9881331315573116,59.984374254361214,False,False,normal
0,0,SMT_006122,4,residential,0.8328754893806902,1.0112874017198856,59.99391760760475,True,False,normal
0,0,SMT_007122,4,industrial,14.172086038285475,1.0168449954347172,59.998759212897184,False,False,normal
0,0,SMT_000961,2,commercial,3.5393510865179834,0.9932442857596706,59.99686385636554,False,False,normal
0,0,SMT_016564,9,industrial,16.086799752387925,0.999906531794519,59.98165742742057,False,False,normal
0,0,SMT_013304,7,residential,0.540172534263537,0.9971309227056779,59.98908911370667,False,False,normal
0,0,SMT_010429,6,residential,1.053323229119287,0.9818718887593509,59.99838520945421,False,False,normal
0,0,SMT_017408,10,residential,0.42168690370721823,0.9873742975027291,60.00000662092452,True,False,normal
0,0,SMT_023208,14,industrial,24.309911248122724,0.991842011217148,59.994124028083746,False,False,normal
0,0,SMT_022903,13,industrial,6.79857462760131,0.9815371230469734,60.010759352245834,False,False,normal
0,0,SMT_017760,10,industrial,22.411642200630446,0.9828518779932739,59.995162730856514,False,False,normal
0,0,SMT_011236,6,residential,0.6700220645079576,0.9948700794104121,59.991887806580834,True,False,normal
0,0,SMT_021349,12,industrial,6.571605628254989,0.9957763951925523,60.0076660922092,False,False,normal
0,0,SMT_011934,6,commercial,3.468850090461591,0.9982558333601639,60.00010173327532,False,False,normal
0,0,SMT_001760,2,residential,0.5577304888131647,0.9932845526411034,59.99298196443668,True,False,normal
0,0,SMT_020940,12,commercial,3.203701873059094,1.009009270211639,60.000750021354854,False,False,normal
0,0,SMT_004055,3,commercial,3.9020740534592835,1.003273140401235,59.991449666198584,False,False,normal
0,0,SMT_002321,2,commercial,1.907084807262807,1.0075807140744126,59.995156200959904,False,False,normal
0,0,SMT_013244,7,residential,0.9767588638817124,1.0072785825951194,60.007905453768245,False,False,normal
0,0,SMT_020859,12,industrial,13.198122749417427,1.020206744801045,59.99971247162221,False,False,normal
0,0,SMT_022093,12,residential,0.7103247915404406,1.0090519657357342,60.00813452141797,False,False,normal
0,0,SMT_017681,10,residential,0.8108040554235678,0.989938876747575,60.00900047764555,False,False,normal
0,0,SMT_015757,9,residential,1.0511808593368206,1.0080250449295716,59.988766661864744,False,False,normal
0,0,SMT_009296,5,residential,0.8929545983268652,0.9995091861029827,60.00289304131211,False,False,normal
0,0,SMT_002056,2,residential,0.6636227401752822,0.9890478222437049,59.98573292913586,False,False,normal
0,0,SMT_023071,13,residential,1.0332518086314528,1.0011632755361664,60.001479963093836,False,False,normal
0,0,SMT_004178,3,residential,0.6159277766717846,1.0010383627076496,60.00407031013613,True,False,normal
0,0,SMT_023440,14,residential,0.8266336059210301,0.9919405761878796,59.99243367584386,False,False,normal
0,0,SMT_021062,12,commercial,3.614797471291259,1.0071599429043083,60.01517049323204,False,False,normal
0,0,SMT_017818,10,commercial,1.1569499052277585,1.0125675002190493,59.98908740770473,False,False,normal
0,0,SMT_019644,10,residential,1.1705344885364481,1.0059355007926791,60.01607390619963,False,False,normal
0,0,SMT_006242,4,residential,0.8727031731229545,0.9983179619416689,60.00929593170441,False,False,normal
0,0,SMT_019173,10,residential,0.8197942700481137,1.0329200523169142,59.99300468263183,False,False,normal
0,0,SMT_009265,5,residential,0.9893478602276147,1.015436517468452,60.020491042782716,False,False,normal
0,0,SMT_014835,8,commercial,3.1415741173269027,1.008565988324284,59.99362562383415,False,False,normal
0,0,SMT_008686,5,residential,0.7890417559040898,1.009953791630419,60.008536137671335,True,False,normal
0,0,SMT_001963,2,residential,1.1188232385011179,1.0009875839432825,59.99394195412175,False,False,normal
0,0,SMT_016455,9,residential,0.39341030871770816,1.0142593422979267,60.007980147017825,False,False,normal
0,0,SMT_015866,9,residential,0.8198709794801334,1.007938581346078,59.99553306564058,False,False,normal
0,0,SMT_012065,6,residential,1.0986980517976541,0.9855097034741587,60.000937386367006,False,False,normal
0,0,SMT_003264,3,residential,1.194123812570124,0.989476266711939,59.997195022581096,False,False,normal
0,0,SMT_015073,8,industrial,15.189563760628394,1.0003537345674642,60.003095537174346,False,False,normal
0,0,SMT_004387,3,commercial,2.29745267247823,0.9915824160374921,59.99775956430356,False,False,normal
0,0,SMT_008984,5,commercial,2.8222505033805363,0.9932295753168721,59.997686657082276,False,False,normal
0,0,SMT_012746,6,residential,1.0462553525607934,1.002174429090525,60.018103959520744,False,False,normal
0,0,SMT_020168,11,residential,0.6607635894307636,0.9996239920523523,59.99906671650076,False,False,normal
0,0,SMT_007328,4,residential,0.9630704947495387,0.997887102048912,59.99513978946429,False,False,normal
0,0,SMT_001152,2,industrial,14.298801755172326,1.001475994391868,60.00446019634881,False,False,normal
0,0,SMT_010652,6,residential,0.9835606332607655,1.003578564588082,60.00822632338824,False,False,normal
0,0,SMT_010330,6,industrial,8.071442058094219,0.9884335456015105,60.00192541149429,False,False,normal
0,0,SMT_023689,14,commercial,3.3777597591765214,1.0122826350439416,60.010632564617204,False,False,normal
0,0,SMT_022719,13,residential,0.8949521069677546,0.9988720321876001,59.975964505628035,False,False,normal
0,0,SMT_002104,2,commercial,3.36021291527592,1.0112600910744656,60.005936815249186,False,False,normal
0,0,SMT_023755,14,residential,0.9827463498554306,1.0014023596014874,60.015076657466814,True,False,normal
0,0,SMT_022209,13,industrial,13.171916178046121,1.0134958886419683,60.01076836784091,False,False,normal
0,0,SMT_000844,2,commercial,3.6065244029890624,1.0092379028416332,59.996784560695254,False,False,normal
0,0,SMT_007559,4,commercial,2.9561949744076825,1.0105317644219312,60.00608924569504,False,False,normal
0,0,SMT_009936,5,industrial,27.215506975640018,1.0131741904106295,60.01553076370606,False,False,normal
0,0,SMT_017554,10,residential,0.7791731127826205,0.9927196615185592,59.984111695721474,False,False,normal
0,0,SMT_005442,4,residential,1.159640169323464,1.0081324922744364,59.995525974666165,False,False,normal
0,0,SMT_003392,3,residential,0.7759416618098013,0.9815097592174699,60.007457198110615,False,False,normal
0,0,SMT_023707,14,commercial,2.604155531679766,1.0160530495723434,59.9829494597733,False,False,normal
0,0,SMT_020122,11,commercial,1.3667586953715871,1.0020258000773739,60.01982652623705,False,False,normal
0,0,SMT_003206,3,commercial,1.344701222146527,0.9990916937667288,60.019334563885884,False,False,normal
0,0,SMT_010337,6,commercial,0.9897747014741635,0.9908861446817401,60.011895902924536,False,False,normal
0,0,SMT_012198,6,residential,0.687128501235388,1.004932713112483,59.98863028750564,False,False,normal
0,0,SMT_002376,2,residential,1.110392116514627,1.0077496661457543,59.99841642028351,False,False,normal
0,0,SMT_000532,2,commercial,3.2128598166290128,0.9992710690253446,60.002317865435884,False,False,normal
0,0,SMT_015944,9,residential,0.7650767168794477,0.9992068063694287,60.001137084718806,False,False,normal
0,0,SMT_012859,7,residential,0.6022647563205388,1.002629503837449,60.007608911066654,False,False,normal
0,0,SMT_016402,9,industrial,23.607255081104334,0.9875161011470076,59.999706424307654,False,False,normal
0,0,SMT_007765,4,commercial,1.0475338355633774,1.0186414253018932,59.99884582357598,False,False,normal
0,0,SMT_019555,10,residential,0.9753802867887869,0.987169624735687,60.01592868482476,False,False,normal
0,0,SMT_022338,13,residential,1.0444092900976836,0.9984928596016966,60.00566927399741,False,False,normal
0,0,SMT_022782,13,commercial,2.594943347068813,1.002814470120012,59.98447234951347,False,False,normal
0,0,SMT_000003,1,commercial,2.164039725279578,0.9933904873506227,60.00564809191033,False,False,normal
0,0,SMT_014414,8,commercial,2.423112229385107,0.9898471009851433,59.99805795627186,False,False,normal
0,0,SMT_014637,8,commercial,3.9833858509201265,0.9926737006909359,59.99775451768149,False,False,normal
0,0,SMT_020852,12,commercial,2.1403899644771696,1.0089865773832696,60.0107463733105,False,False,normal
0,0,SMT_020957,12,residential,0.7776968765788353,0.9981589154768992,60.011833370262906,False,False,normal
0,0,SMT_017797,10,commercial,2.786025221490153,0.9983778965145517,60.00138347490938,False,False,normal
0,0,SMT_013221,7,industrial,11.799982896333608,0.9986476341345727,60.002955478168545,False,False,normal
0,0,SMT_021611,12,residential,1.0795898480650354,0.9809615086666703,60.00220919631227,False,False,normal
0,0,SMT_004631,3,industrial,8.476520167052927,1.0012225697937378,59.99178272432112,False,False,normal
0,0,SMT_022975,13,residential,1.1829993205337943,0.9991950350037094,59.9935085743688,False,False,normal
0,0,SMT_009044,5,industrial,25.73387080976221,1.0175914588045463,60.00312379622731,False,False,normal
0,0,SMT_008757,5,residential,0.43353210164033257,0.9882337032840816,59.99252747838828,False,False,normal
0,0,SMT_020109,11,residential,0.5363010580844556,0.990072174805331,59.98453826452302,False,False,normal
0,0,SMT_002964,3,residential,1.2274441644396088,1.0171264740351829,59.98908101154913,True,False,normal
0,0,SMT_017549,10,commercial,2.880156333019947,0.992048877316344,60.00004675588189,False,False,normal
0,0,SMT_022312,13,residential,1.022885999897626,0.9870295737439101,60.01868673046519,False,False,normal
0,0,SMT_023567,14,residential,0.9866315500997733,1.0071166512524785,59.99672980725733,True,False,normal
0,0,SMT_018390,10,commercial,3.0322743140178283,1.004054526543609,60.01034641715504,False,False,normal
0,0,SMT_012551,6,residential,1.1252954568575488,0.9955974113564922,60.00225432460669,False,False,normal
0,0,SMT_008053,4,industrial,11.84188473345177,1.0150373986824648,60.01485741465579,False,False,normal
0,0,SMT_002860,3,commercial,3.9772591538727298,0.9891562003422405,60.011995647497606,False,False,normal
0,0,SMT_015434,9,industrial,11.033966257345696,1.004161207315613,59.99673926710094,False,False,normal
0,0,SMT_009635,5,residential,0.9815283913725383,1.0102476354247365,59.99861292737552,False,False,normal
0,0,SMT_013058,7,residential,0.8290631447374714,1.020306401512783,60.010975634506224,False,False,normal
0,0,SMT_013370,7,residential,1.199497143688948,1.011325219808005,60.00809547143706,False,False,normal
0,0,SMT_022581,13,commercial,1.8058587551925362,1.0100532743311221,59.99895620457475,False,False,normal
0,0,SMT_013542,7,residential,0.6042795131597025,1.0007253020544198,59.998242805870845,False,False,normal
0,0,SMT_015995,9,residential,0.6134306314481048,0.9950896506750412,59.99099083871719,False,False,normal
0,0,SMT_018480,10,commercial,2.0175324726981607,0.9971765404149754,60.009004957529875,False,False,normal
0,0,SMT_011095,6,industrial,10.239021392751244,1.0030608126516392,59.972968695122205,False,False,normal
0,0,SMT_012727,6,residential,0.9909859242817987,0.9934919507980885,60.010954848815075,False,False,normal
0,0,SMT_023144,14,industrial,13.00719927644324,0.9873124352069093,60.00841302747088,False,False,normal
0,0,SMT_020086,11,industrial,20.01680228759857,0.9997437084318745,60.00154478100648,False,False,normal
0,0,SMT_018302,10,residential,0.8137047184191015,1.010538930009352,60.00821734538254,False,False,normal
0,0,SMT_013453,7,commercial,2.437177064458116,0.9926201601004413,59.990389467214065,False,False,normal
0,0,SMT_012671,6,residential,1.1603527425455422,0.9990690001391235,59.9806390284418,False,False,normal
0,0,SMT_021700,12,residential,0.755795629803661,0.9991622827869061,59.9995372590943,False,False,normal
0,0,SMT_018831,10,residential,1.2336219623283613,1.0033674543083264,59.99189343906174,False,False,normal
0,0,SMT_017572,10,commercial,2.8525379120431573,1.0159186172589696,60.00082940394166,False,False,normal
0,0,SMT_023599,14,residential,0.8341406057804069,0.9968731669094159,60.00294203093385,False,False,normal
0,0,SMT_000854,2,residential,0.7899228136944272,1.0000425030385114,60.01117158129726,False,False,normal
0,0,SMT_012082,6,residential,1.1502317967330886,0.9954104199008966,60.01057296382276,False,False,normal
0,0,SMT_011322,6,commercial,3.5169460034506965,1.0027647478581718,60.01515055761078,False,False,normal
0,0,SMT_000514,2,residential,1.0592095140438953,1.014146898757689,59.971471764589744,False,False,normal
0,0,SMT_003105,3,industrial,25.164468163529317,0.9839634101838386,59.99381910492144,False,False,normal
0,0,SMT_007543,4,commercial,3.5569178746984447,1.0125558142541533,60.00683154411351,False,False,normal
0,0,SMT_020186,11,residential,0.47448342610016836,0.9922137358840062,59.998264456237514,False,False,normal
0,0,SMT_000021,1,commercial,3.1451708489100656,1.002004032479744,60.01440800491976,False,False,normal
0,0,SMT_001444,2,residential,0.5556466861713835,1.0055551039770367,59.986097356920155,False,False,normal
0,0,SMT_001747,2,industrial,26.8515199887343,1.0130103419441423,60.000188295327696,False,False,normal
0,0,SMT_013476,7,residential,0.7703342037506165,0.9894844158013462,59.977911017545885,False,False,normal
0,0,SMT_019181,10,residential,0.5025734769756949,0.9943652140425462,60.00283695682633,False,False,normal
0,0,SMT_002754,3,industrial,16.22613499201729,1.0017429330199539,60.0092417619567,False,False,normal
0,0,SMT_001472,2,commercial,3.7155421459514635,0.9950234623489781,60.00035446564222,False,False,normal
0,0,SMT_006988,4,residential,0.8093627100585471,1.0126443106144256,59.991355827923435,False,False,normal
0,0,SMT_009429,5,residential,0.7014060010330672,1.0001399872972108,60.00352768276022,False,False,normal
0,0,SMT_022944,13,residential,0.9364362169786334,1.000018674019157,60.00540296194279,True,False,normal
0,0,SMT_003972,3,commercial,2.3506691706130103,0.989361785227564,59.994599570659844,False,False,normal
0,0,SMT_014153,8,residential,0.7132377811410959,1.010983906253308,59.98971560898302,False,False,normal
0,0,SMT_016461,9,residential,0.9586825233817505,1.0217852835143681,59.99506269613096,False,False,normal
0,0,SMT_011917,6,residential,0.7126911725072729,0.9957300071404801,59.99990955206955,False,False,normal
0,0,SMT_013966,8,commercial,2.9397996129597934,1.0061478769050212,59.979324411992444,False,False,normal
0,0,SMT_004800,3,residential,0.6723519866619309,0.9983515799206696,59.99227314010731,False,False,normal
0,0,SMT_005895,4,residential,0.4239709591099493,1.02571530329775,59.99861160431265,False,False,normal
0,0,SMT_012653,6,commercial,2.6247270999790966,1.005053290188151,59.99209445765346,False,False,normal
0,0,SMT_011234,6,residential,0.6350321442955792,1.024083173843576,59.99893290053322,False,False,normal
0,0,SMT_008567,5,residential,0.5561363701783963,1.0119254353625193,59.992536059273476,False,False,normal
0,0,SMT_003512,3,commercial,1.5257573298661806,0.9908618423544493,60.013823637645565,False,False,normal
0,0,SMT_010576,6,commercial,1.664906826345331,0.9886098085857017,60.01076098802035,False,False,normal
0,0,SMT_001961,2,residential,0.5454962216219802,1.005270249883452,60.00446088892949,False,False,normal
0,0,SMT_014160,8,commercial,1.3699641645483451,1.0016863045893478,60.00239427342268,False,False,normal
0,0,SMT_022492,13,commercial,2.1152082381117054,1.0045308889439468,60.0146201482855,False,False,normal
0,0,SMT_014070,8,residential,0.4690838116900695,0.9965634592159889,59.99650369341784,False,False,normal
0,0,SMT_015934,9,residential,0.8231908891119976,0.9983804484067422,60.01369357977961,False,False,normal
0,0,SMT_007977,4,residential,0.9858676621476715,0.9954523686809233,60.00267955069556,False,False,normal
0,0,SMT_021389,12,residential,1.214428761929629,0.9936418051116117,59.99316036880523,False,False,normal
0,0,SMT_006044,4,residential,0.39477821057862633,0.9888482808954214,59.994700252329736,False,False,normal
0,0,SMT_009603,5,residential,0.6147737202408534,0.9892004042026388,60.00238493018548,False,False,normal
0,0,SMT_013848,7,commercial,1.2919196725455315,1.000333531337323,59.994393424551085,False,False,normal
0,0,SMT_011487,6,residential,0.49680359769312804,1.0006416974552677,59.995419527082696,False,False,normal
0,0,SMT_011018,6,industrial,23.51789508308486,1.0075122608115625,59.97538378102896,False,False,normal
0,0,SMT_020745,11,commercial,2.2141907661185196,0.9979660290259997,59.993632542553776,False,False,normal
0,0,SMT_016965,10,residential,0.649211949293927,1.0140067361575065,59.99360131602746,False,False,normal
0,0,SMT_021407,12,commercial,2.1700894650165505,0.9987704762870733,60.005180962133444,False,False,normal
0,0,SMT_010229,5,commercial,0.898551116117354,1.0050003817467619,60.02235762256948,False,False,normal
0,0,SMT_011556,6,commercial,4.216303263746026,0.9933974053752759,59.99882671457846,False,False,normal
0,0,SMT_012102,6,commercial,3.6879628649179477,1.01512632515169,60.00010985133998,False,False,normal
0,0,SMT_016137,9,residential,0.8608072711123942,1.0087582821959082,59.98977000743226,True,False,normal
0,0,SMT_017133,10,residential,0.6569460965054054,1.0103968980969966,59.99839944638785,True,False,normal
0,0,SMT_016541,9,residential,0.9657958925341235,0.9873436130429802,59.991948838856594,False,False,normal
0,0,SMT_022936,13,commercial,1.796016162228818,0.9990632988552139,60.00058817157456,False,False,normal
0,0,SMT_016479,9,residential,0.5647479791367899,0.9951893309553297,60.003737589198394,False,False,normal
0,0,SMT_019754,11,residential,1.080102012888535,1.0037193728818914,59.99230801213679,True,False,normal
0,0,SMT_010422,6,residential,0.44044253612147605,0.9928753681816452,59.98029179743568,False,False,normal
0,0,SMT_019292,10,commercial,2.782586051288338,0.9826472740009183,60.005854581716456,False,False,normal
0,0,SMT_002710,3,residential,1.0206108694758191,0.9973466226491624,59.99657171385326,False,False,normal
0,0,SMT_018766,10,industrial,11.193022345002625,1.0043064778204676,59.99198897895233,False,False,normal
0,0,SMT_018216,10,residential,0.45032674857990274,0.9950163262924171,60.02383599446562,False,False,normal
0,0,SMT_005885,4,commercial,3.265541560786058,0.9856314804973386,60.00403612532887,False,False,normal
0,0,SMT_008879,5,industrial,27.366713772674945,0.9982985401241844,60.00022180941134,False,False,normal
0,0,SMT_023789,14,commercial,2.3073943748694234,0.9868550073438385,59.98083704687316,False,False,normal
0,0,SMT_007587,4,residential,1.0966670660631845,0.9945735461211138,59.973747142508984,False,False,normal
0,0,SMT_002022,2,commercial,1.246164580404241,1.0009784278814144,59.99261820575389,False,False,normal
0,0,SMT_015243,9,commercial,3.3573989957348895,0.9957008119319516,59.99587566153056,False,False,normal
0,0,SMT_020742,11,industrial,16.85954192966089,0.987945421676836,59.98132101236585,False,False,normal
0,0,SMT_011805,6,commercial,1.0820817710507926,0.9942680652089765,59.997047100496985,False,False,normal
0,0,SMT_015761,9,industrial,24.667606183126168,1.0175451814834338,60.00681532515407,False,False,normal
0,0,SMT_002682,3,residential,0.437773902308849,1.0021847501849812,60.003620694650856,False,False,normal
0,0,SMT_014373,8,commercial,3.40599386386421,1.0095874489597805,59.989302682250624,False,False,normal
0,0,SMT_008079,4,commercial,1.2541985598454648,1.0060070413594902,60.01434579987105,False,False,normal
0,0,SMT_009216,5,residential,0.5500645422130199,1.0143638518857478,59.994714039909134,False,False,normal
0,0,SMT_021998,12,industrial,9.056204034894488,0.986222516293918,60.02012944860369,False,False,normal
0,0,SMT_016185,9,commercial,2.30338423283434,0.994565441880708,60.00628300592528,False,False,normal
0,0,SMT_014344,8,commercial,3.1063932443615627,0.9921308775180018,60.011780008571456,False,False,normal
0,0,SMT_022562,13,residential,0.7335873416953698,0.9973659342972745,60.00728890205325,False,False,normal
0,0,SMT_014792,8,residential,0.7982489961046201,1.010779449142706,59.993643926941246,False,False,normal
0,0,SMT_017666,10,industrial,21.005702862301824,1.0218739001460335,59.99299049374408,False,False,normal
0,0,SMT_013387,7,commercial,3.654623631820553,0.9872017206992347,59.99655486098496,False,False,normal
0,0,SMT_005206,3,residential,1.1332149638496125,0.9912227097488766,60.01534703348502,False,False,normal
0,0,SMT_018291,10,residential,0.6664602406358128,1.016037459890209,60.00270225084029,False,False,normal
0,0,SMT_017436,10,residential,0.4723417765234859,1.009763482571045,59.99328220630025,False,False,normal
0,0,SMT_006726,4,residential,0.5032724800248859,1.010157383535677,59.99874632598214,False,False,normal
0,0,SMT_017850,10,residential,1.0356241703507751,0.9866558794529672,60.0075969574819,False,False,normal
0,0,SMT_018120,10,residential,1.0468982228179344,0.983165105550403,59.994629518676454,False,False,normal
0,0,SMT_012288,6,commercial,1.695190363799437,0.9932246338837276,60.00402721683464,False,False,normal
0,0,SMT_012424,6,industrial,22.64713798539576,0.9908002241537294,60.00520583166684,False,False,normal
0,0,SMT_010383,6,commercial,2.352651615796825,1.0019584410410936,60.00552337038057,False,False,normal
0,0,SMT_023801,14,residential,0.49190712800236275,0.9811512291618175,60.010280283397094,True,False,normal
0,0,SMT_000053,1,residential,1.1359092059029137,1.0084131777335847,59.998940537375105,False,False,normal
0,0,SMT_019174,10,commercial,1.294085262806232,1.0142656119875701,59.99710081812616,False,False,normal
0,0,SMT_017391,10,residential,0.4482448480298957,1.0021631181304156,60.007435725375565,False,False,normal
0,0,SMT_008634,5,residential,0.9755508941886927,1.017987622062798,59.98374479901845,False,False,normal
0,0,SMT_007156,4,residential,1.2438362890310515,0.9993527425159143,60.00206109565932,False,False,normal
0,0,SMT_020590,11,residential,0.9770351186734118,0.9982730334143466,59.98404992655122,False,False,normal
0,0,SMT_020089,11,commercial,1.5695204386968826,0.9674291296895796,60.00619980074155,False,False,normal
0,0,SMT_019571,10,residential,0.9172845710320763,1.0124015808394502,59.99588104639089,False,False,normal
0,0,SMT_011471,6,residential,1.0455829340055371,1.005349688446757,59.992958657452675,False,False,normal
0,0,SMT_023347,14,commercial,1.88610728037735,0.9873259163458574,59.99576988670315,False,False,normal
0,0,SMT_006055,4,residential,0.8637364006357197,1.0113187257721836,59.99776224080754,False,False,normal
0,0,SMT_000074,1,residential,0.6929286508610355,0.9806698622104482,59.998254115754335,False,False,normal
0,0,SMT_019058,10,residential,0.6724039586633895,0.9904836497210693,59.993644069784516,False,False,normal
0,0,SMT_013215,7,residential,0.7824196367592351,0.9846115490036855,59.98826321517512,True,False,normal
0,0,SMT_013920,8,commercial,1.7422996008768847,0.9907966265494631,59.99700603461267,False,False,normal
0,0,SMT_004075,3,residential,1.1431023100300521,0.9870047954027943,60.00430464314627,False,False,normal
0,0,SMT_017643,10,commercial,2.47648615833052,1.0270819720166136,59.99967248069011,False,False,normal
0,0,SMT_020231,11,industrial,8.39183718186139,0.9902776707740025,59.98880558700607,False,False,normal
0,0,SMT_002273,2,commercial,3.761833457448345,0.9898300742016146,59.986429080455096,False,False,normal
0,0,SMT_019785,11,commercial,1.688094455704191,0.9918505333776617,59.98704854329693,False,False,normal
0,0,SMT_003821,3,commercial,2.4048475677477965,0.9996075363395833,59.99188889854021,False,False,normal
0,0,SMT_004820,3,commercial,2.002997548612675,0.9780574218811795,59.982471277978,False,False,normal
0,0,SMT_013341,7,residential,0.5834178865973589,1.0118439764298068,60.00319151611723,True,False,normal
0,0,SMT_004701,3,residential,0.7509374933755922,0.9867320035879698,60.00092473888496,False,False,normal
0,0,SMT_018932,10,residential,1.137984771794916,0.997349537217331,60.02501839138904,False,False,normal
0,0,SMT_014609,8,residential,0.5023874810535465,0.9929855813686885,59.99869059808835,False,False,normal
0,0,SMT_019158,10,residential,0.9255208157101361,0.9931851525288651,60.00531766680653,False,False,normal
0,0,SMT_019227,10,residential,0.9751147343739212,1.001462976474889,60.00047531623163,False,False,normal
0,0,SMT_001656,2,residential,0.6201466869877139,0.998757829342409,60.0086450380352,False,False,normal
0,0,SMT_004195,3,commercial,2.669160624538448,0.991948818140516,60.010410975333365,False,False,normal
0,0,SMT_011828,6,residential,0.7871401372233383,0.9977006595114146,60.00801290302737,True,False,normal
0,0,SMT_014641,8,residential,0.9870666728798457,1.0138091007430081,59.991440796674105,True,False,normal
0,0,SMT_013980,8,residential,0.8945104153536755,1.0143830721627463,60.007226835626,False,False,normal
0,0,SMT_020658,11,residential,0.9254026042059024,1.0014814653703703,59.998777775619075,True,False,normal
0,0,SMT_007836,4,commercial,4.002014355404687,1.0117615076623678,59.975364732893105,False,False,normal
0,0,SMT_000022,1,residential,0.717687077346833,1.010389483397463,60.024573082224705,False,False,normal
0,0,SMT_014076,8,residential,0.6305021716944572,1.0067491527492187,59.996239509026886,False,False,normal
0,0,SMT_000000,1,residential,1.0181571743201985,1.0033297190239503,60.00872371811889,False,False,normal
0,0,SMT_004001,3,industrial,18.738976387219974,1.0002079278905875,60.00024437385252,False,False,normal
0,0,SMT_009681,5,residential,1.2309475028733454,0.9990830280276874,59.982054569695535,False,False,normal
0,0,SMT_010200,5,commercial,2.421780903525823,1.007079742188212,60.00382789071447,False,False,normal
0,0,SMT_002038,2,residential,1.1215344638915938,0.9926538829924717,60.00004471604709,False,False,normal
0,0,SMT_006468,4,industrial,22.213905300202928,1.0165653489888,60.00714866553203,False,False,normal
0,0,SMT_013708,7,residential,0.4896678569954301,0.9870741634617568,59.98922744234746,False,False,normal
0,0,SMT_015580,9,residential,0.48406857705740286,0.996519658818517,60.0142746900071,False,False,normal
0,0,SMT_014235,8,residential,0.7469172735934132,0.9893096975387136,59.99542514529232,False,False,normal
0,0,SMT_006697,4,residential,0.8752966364880687,0.996806640073518,60.007377286757475,True,False,normal
0,0,SMT_013446,7,residential,0.4028042637142772,0.9970061633380957,60.00333064639736,False,False,normal
0,0,SMT_008773,5,commercial,4.086977186976295,1.001250702865458,59.99033934515853,False,False,normal
0,0,SMT_002774,3,residential,0.8506415661060936,0.9998131740735249,59.99672341842489,False,False,normal
0,0,SMT_015098,8,commercial,2.3828405243308666,0.9881629864277369,60.002713026924354,False,False,normal
0,0,SMT_020277,11,residential,0.871772221024385,1.009659645164153,60.0139497502792,False,False,normal
0,0,SMT_018158,10,residential,0.9897955748859509,1.0051145835010389,60.00706677559194,True,False,normal
0,0,SMT_020353,11,industrial,20.03116946424251,1.015714738170764,60.006430228971794,False,False,normal
0,0,SMT_009658,5,residential,1.2189997843802498,1.0088827035295347,59.995348762541255,False,False,normal
0,0,SMT_011008,6,residential,0.8884885266939154,1.0040718905103931,59.99559014999522,False,False,normal
0,0,SMT_013350,7,residential,0.5128914497096758,1.0025221403451259,59.99831166956996,True,False,normal
0,0,SMT_010389,6,residential,0.9631749200955425,1.0002822845828088,60.00893815431298,False,False,normal
0,0,SMT_006806,4,residential,0.7441299336965183,0.9884782494464299,59.99135089610691,False,False,normal
0,0,SMT_014093,8,commercial,1.2605525624333154,0.9925408527283889,60.01101723968082,False,False,normal
0,0,SMT_005306,4,residential,0.9423150932770341,1.003517105944921,59.9997607271415,False,False,normal
0,0,SMT_001073,2,residential,0.4997742826597738,0.9937506067535697,60.007256090371385,False,False,normal
0,0,SMT_013151,7,residential,0.8112729660266005,0.9859766898760869,60.00126702419303,False,False,normal
0,0,SMT_006331,4,residential,1.2383695699363655,1.0059686936382346,59.99366197649901,False,False,normal
0,0,SMT_019787,11,industrial,8.64195757138363,1.0073775089138906,60.00176353681627,False,False,normal
0,0,SMT_019846,11,residential,0.781524663272709,1.0288837843049452,60.0000496436445,False,False,normal
0,0,SMT_003839,3,residential,0.7435995914831924,1.0046140355198927,59.99066819967934,False,False,normal
0,0,SMT_023364,14,commercial,3.700732087752392,0.9900849298671163,60.00127554077256,False,False,normal
0,0,SMT_004873,3,residential,1.1141556658747178,1.0047078721157345,60.0022320959596,False,False,normal
0,0,SMT_011543,6,residential,0.7840534812974412,0.9852079211275989,59.995209238163554,False,False,normal
0,0,SMT_016977,10,residential,0.8054971098925043,0.996533353463176,60.01801347465759,False,False,normal
0,0,SMT_009961,5,residential,0.6473838185319218,0.9848839542108673,60.011062673739644,False,False,normal
0,0,SMT_003423,3,commercial,3.429961885039436,0.9881209767102036,59.9893740715534,False,False,normal
0,0,SMT_000294,1,residential,1.0511951520735172,0.9912067054391441,60.01969728088539,False,False,normal
0,0,SMT_000858,2,commercial,2.5995957958231277,0.9952028087317445,59.995169140262306,False,False,normal
0,0,SMT_015702,9,residential,1.125545153400074,0.9987614660390601,59.989597556033445,False,False,normal
0,0,SMT_006084,4,industrial,25.198188183434006,0.9943045945109242,59.99453783445063,False,False,normal
0,0,SMT_023616,14,commercial,1.4220598983471828,1.0054779613827152,60.01130854848786,False,False,normal
0,0,SMT_006720,4,residential,0.8672266661419973,1.0072282606997016,60.00100348016894,False,False,normal
0,0,SMT_007038,4,industrial,16.026148861708993,1.0011080135661594,60.00434571093729,False,False,normal
0,0,SMT_011936,6,residential,0.7570471390550461,0.9792191021315247,59.99307557028081,False,False,normal
0,0,SMT_004970,3,residential,0.7638576219035673,1.0054701395976857,59.98461665694131,True,False,normal
0,0,SMT_009488,5,residential,0.4623830952124009,0.9971998839261286,59.99358033813926,False,False,normal
0,0,SMT_019954,11,residential,0.5534111487053127,0.987893602366716,59.99606747915315,False,False,normal
0,0,SMT_019536,10,residential,1.01177218669807,1.0011256902265926,60.02265682023591,False,False,normal
0,0,SMT_009031,5,industrial,11.049478891808644,1.0109994070699109,60.00707235798564,False,False,normal
0,0,SMT_017082,10,residential,0.6170051945019007,0.9880381887314772,59.97698287384909,False,False,normal
0,0,SMT_021300,12,residential,0.6527509772525134,0.9911793087400689,60.00312599272327,False,False,normal
0,0,SMT_018281,10,residential,0.4821759756443421,0.9898156497802494,60.004560657441495,True,False,normal
0,0,SMT_011276,6,commercial,1.964958479579408,0.9858376966158691,60.01141200674784,False,False,normal
0,0,SMT_001861,2,residential,0.6477245817819978,1.0157873084431255,60.011005941741615,False,False,normal
0,0,SMT_011277,6,commercial,2.115641312308551,1.0209678445574502,59.995705768767394,False,False,normal
0,0,SMT_008202,4,residential,1.0575355408657818,0.9712907342348237,60.01292815026226,True,False,normal
0,0,SMT_005163,3,residential,0.6426909204921308,0.9932819880473329,60.001616281736105,False,False,normal
0,0,SMT_010730,6,commercial,2.7629248702221783,0.9842602086627165,59.986596087008365,False,False,normal
0,0,SMT_009255,5,residential,0.8695994643320581,0.9927761129934757,59.99960582361771,False,False,normal
0,0,SMT_009560,5,residential,0.44587332817228437,0.9986508710599663,60.00292333987991,True,False,normal
0,0,SMT_004963,3,commercial,2.9941267072334226,0.9997433442228754,59.991403019301785,False,False,normal
0,0,SMT_012377,6,industrial,15.437795573174338,1.0175747906025032,59.988237864478045,False,False,normal
0,0,SMT_000034,1,commercial,3.073983077243694,1.02478604277097,60.011703437269084,False,False,normal
0,0,SMT_018870,10,residential,0.47084273124186554,0.9868212530927128,60.00165261394556,False,False,normal
0,0,SMT_011921,6,commercial,2.611058706599819,1.000122450467531,60.0217917402522,False,False,normal
0,0,SMT_020594,11,industrial,6.229879046723129,0.9998093574614316,60.007812407707256,False,False,normal
0,0,SMT_016170,9,commercial,1.908091527266614,0.991231573981831,60.01574891728614,False,False,normal
0,0,SMT_019124,10,commercial,3.1066101927440197,0.9918688118503061,60.00936351940086,False,False,normal
0,0,SMT_012790,6,industrial,7.022835077608893,0.9989196409584674,59.99316472527874,False,False,normal
0,0,SMT_009684,5,residential,1.0848557139257078,1.0032920057270036,59.99739262090002,False,False,normal
0,0,SMT_009073,5,residential,0.8665183382278379,1.0127258870375573,60.00382875250025,False,False,normal
0,0,SMT_010684,6,residential,0.7803518562431709,0.9815047053379788,60.00236796391719,False,False,normal
0,0,SMT_011662,6,residential,1.034545817685956,1.0009558248859822,59.99004760299541,True,False,normal
0,0,SMT_005772,4,industrial,21.340797611674137,1.0098704343461258,60.009083336838955,False,False,normal
0,0,SMT_010553,6,residential,1.151043816304715,1.0031008831619352,60.00449754113256,False,False,normal
0,0,SMT_001939,2,residential,1.0859325386499046,0.9993715865184386,59.99601631382097,False,False,normal
0,0,SMT_015172,9,residential,0.5621547097920414,0.9916445917562772,60.00991967985989,False,False,normal
0,0,SMT_001893,2,residential,1.0887208820610286,1.0069333637382034,59.9925112680156,False,False,normal
0,0,SMT_000288,1,residential,0.6254857359516637,1.017548787278367,59.99116316684812,False,False,normal
0,0,SMT_023492,14,industrial,16.754913165100188,1.025383060530251,60.01913241716122,False,False,normal
0,0,SMT_021726,12,residential,1.0494819661072001,1.0054493125447892,59.98493369498165,False,False,normal
0,0,SMT_021963,12,residential,1.082367247222867,1.0061424416270668,60.00074156329906,False,False,normal
0,0,SMT_013461,7,residential,0.641833254854172,0.9684908279911133,59.99423220398765,False,False,normal
0,0,SMT_000396,1,residential,0.6644137673322476,1.0086471603467333,59.98232123622787,False,False,normal
0,0,SMT_018282,10,residential,0.43908596041102255,0.993309167285632,60.00140084190313,False,False,normal
0,0,SMT_017723,10,residential,0.8789598753712977,0.9935609504555841,60.01035028158842,False,False,normal
0,0,SMT_011655,6,residential,0.6822890281170304,0.9973146753569052,59.990769552042025,False,False,normal
0,0,SMT_011683,6,residential,0.4954180686981774,1.0093146040739227,59.98787124496434,False,False,normal
0,0,SMT_015913,9,commercial,2.337277965567305,0.9833586214779981,60.00612433619049,False,False,normal
0,0,SMT_012445,6,commercial,1.7876459565503358,1.0078265472392913,59.99975608847486,False,False,normal
0,0,SMT_020385,11,industrial,16.74822259800699,1.0049366558533357,59.986894418355185,False,False,normal
0,0,SMT_011219,6,residential,0.6320788962774709,1.0047934877630877,60.00243459007331,False,False,normal
0,0,SMT_001057,2,industrial,26.477735256055084,1.0151858896375578,59.99001364756894,False,False,normal
0,0,SMT_022628,13,residential,0.9521168564530579,0.9874820193685361,59.990589576412205,False,False,normal
0,0,SMT_012303,6,industrial,10.239394531801578,0.9848340226249432,59.99981773685779,False,False,normal
0,0,SMT_017816,10,commercial,3.373177256827672,1.0073576699794184,59.984009641264386,False,False,normal
0,0,SMT_005903,4,residential,0.8108820803881531,1.0086868259796504,60.01062190683931,False,False,normal
0,0,SMT_006235,4,residential,0.6545779141141191,0.9978264630990206,60.00354042474491,False,False,normal
0,0,SMT_006014,4,residential,0.6380121887615164,1.012954811002507,60.021138542710226,False,False,normal
0,0,SMT_021284,12,industrial,14.017263561985011,0.9837611947507814,59.99905167178417,False,False,normal
0,0,SMT_000484,1,commercial,1.2332520587086555,0.9883800602786753,59.99529261414682,False,False,normal
0,0,SMT_002773,3,residential,0.7725411876660229,1.0039324578151367,60.01126552890621,False,False,normal
0,0,SMT_017660,10,residential,0.4415574924907132,1.0014987866744427,60.0153046778521,False,False,normal
0,0,SMT_018529,10,residential,1.1046095797868831,0.9868093320000205,59.98778497478519,False,False,normal
0,0,SMT_015551,9,commercial,1.8608088741683024,1.0027383686748468,59.99590136952752,False,False,normal
0,0,SMT_021332,12,residential,0.48598179465419006,0.9983875163247425,59.99505627826059,False,False,normal
0,0,SMT_008679,5,commercial,2.6007197901396735,0.9992428203222762,60.00223745650863,False,False,normal
0,0,SMT_020284,11,industrial,20.75333619289762,1.0155206517109507,59.997015448199555,False,False,normal
0,0,SMT_016051,9,commercial,4.022798768034339,0.9902130730852329,59.98746263595642,False,False,normal
0,0,SMT_020754,11,commercial,2.926011609131437,0.9988666681103796,60.00485635367739,False,False,normal
0,0,SMT_021404,12,residential,0.6177300216159017,0.9893243114705611,59.99624670460062,False,False,normal
0,0,SMT_005132,3,residential,1.0995370164759168,1.0121747939584709,59.99536424849099,False,False,normal
0,0,SMT_016216,9,residential,1.1325277049868478,1.0090708964099089,60.01102502433323,False,False,normal
0,0,SMT_012439,6,residential,0.9700071473886241,0.9946386390780466,60.009124890912716,False,False,normal
0,0,SMT_013751,7,industrial,19.259269902078376,0.9868683726423262,59.99966423555834,False,False,normal
0,0,SMT_012343,6,residential,0.459964603357733,0.9959993837775601,60.00942065024954,False,False,normal
0,0,SMT_023643,14,residential,1.0940712674588056,0.9913775063021105,59.999275354166755,False,False,normal
0,0,SMT_022660,13,residential,0.9203409953964383,1.000340994884389,60.012173406562766,False,False,normal
0,0,SMT_015180,9,commercial,1.1241544869927593,1.0031836920929307,60.01199311697691,False,False,normal
0,0,SMT_013272,7,residential,0.7363733824595381,0.9991416478109658,60.00340426315638,False,False,normal
0,0,SMT_001398,2,residential,0.741999458467036,1.0127469384572083,59.98632170374765,False,False,normal
0,0,SMT_015776,9,residential,0.3961274357335128,0.9993398916882834,59.99432247725584,False,False,normal
0,0,SMT_002722,3,residential,1.080862230056805,0.9887839001549307,59.99226246317119,False,False,normal
0,0,SMT_011314,6,residential,0.43069494039751827,1.003306277797814,60.01091665545132,False,False,normal
0,0,SMT_009544,5,commercial,2.2357983779862893,0.9992395757889971,59.99042054592647,False,False,normal
0,0,SMT_006905,4,residential,0.5027815377029135,0.9889323045334484,59.98775906505886,False,False,normal
0,0,SMT_004425,3,industrial,13.02654488088472,0.9912540780611385,59.980506771639256,False,False,normal
0,0,SMT_000647,2,residential,0.8782693289978124,1.0036493550936965,60.00486838944502,False,False,normal
0,0,SMT_010947,6,residential,1.160932237490411,1.0123069982270585,59.978063716546224,True,False,normal
0,0,SMT_004702,3,residential,1.0411966375944746,1.0116073743121528,59.99563847132057,False,False,normal
0,0,SMT_015680,9,residential,0.7494554719428722,1.0057497907678887,60.003736815197335,False,False,normal
0,0,SMT_007076,4,industrial,20.70806231556711,1.0002276909190524,59.99978059242091,False,False,normal
0,0,SMT_000083,1,residential,0.6601611765633275,1.0054472513773665,60.00034975363078,False,False,normal
0,0,SMT_014459,8,commercial,1.8756207586352123,0.997460033350674,60.02397512624468,False,False,normal
0,0,SMT_019460,10,residential,1.0654322088747108,0.9928450548949649,59.984574056577394,False,False,normal
0,0,SMT_018260,10,commercial,3.5662028098348,1.0109357953790483,59.98428604426157,False,False,normal
0,0,SMT_010164,5,commercial,1.8932745072863102,0.975505731605408,60.01463406176562,False,False,normal
0,0,SMT_018928,10,residential,1.1721751624734666,0.9907328464800734,59.9986566608843,True,False,normal
0,0,SMT_020774,11,commercial,1.3794557889211847,1.0030536949925182,59.991931045370265,False,False,normal
0,0,SMT_014971,8,commercial,1.8569349726878004,0.9947174002354846,60.00650468807008,False,False,normal
0,0,SMT_017574,10,residential,0.6219485390901179,0.9984362235397116,60.00536204108086,False,False,normal
0,0,SMT_008158,4,residential,0.8072671246666427,1.0080586738075952,59.99188275968707,False,False,normal
0,0,SMT_002071,2,commercial,3.983247063384342,1.0019328083438175,60.003195022232035,False,False,normal
0,0,SMT_009018,5,residential,0.48671624553343307,1.0073489020685362,60.01247034981041,False,False,normal
0,0,SMT_008293,4,residential,1.1722924734202265,1.0048425066893802,59.98762395747194,False,False,normal
0,0,SMT_004857,3,residential,1.0222094599215445,1.0065988096711531,60.00637143118489,False,False,normal
0,0,SMT_018939,10,commercial,1.7454863812937969,1.0005169283008244,60.0153281819319,False,False,normal
0,0,SMT_018254,10,residential,0.4266326537020539,1.0217859472951933,60.002531368212395,False,False,normal
0,0,SMT_022715,13,commercial,2.448788487445434,0.9835438117752225,60.004447154243444,False,False,normal
0,0,SMT_018666,10,industrial,30.363316714134765,0.9922403819159632,59.990007003982726,False,False,normal
0,0,SMT_022968,13,commercial,3.7354051535103707,1.0053285652962571,59.99777854999991,False,False,normal
0,0,SMT_016345,9,residential,1.2151299903395814,1.001571335129346,60.00893325011042,False,False,normal
0,0,SMT_014757,8,commercial,3.715274613197443,1.001802671603405,59.99821833102527,False,False,normal
0,0,SMT_014702,8,commercial,2.770286159668392,1.0178077772092429,59.99261428633376,False,False,normal
0,0,SMT_022199,12,industrial,6.757962178016586,1.0072358771450762,59.990420723158664,False,False,normal
0,0,SMT_022418,13,residential,1.2758588471440724,1.004036459722633,60.010791405790286,False,False,normal
0,0,SMT_018732,10,residential,0.8696358085635095,0.9915895780671258,59.99108317909078,False,False,normal
0,0,SMT_017600,10,residential,0.9154734730212396,1.013139605345829,60.01494591346623,False,False,normal
0,0,SMT_019936,11,residential,1.0955159898097317,0.9905112265627569,59.999938135752664,True,False,normal
0,0,SMT_007374,4,residential,0.8829310993844902,0.9956431102838407,59.99199739270552,False,False,normal
0,0,SMT_013385,7,residential,1.0235722696473812,1.000347544501455,59.99761662012363,False,False,normal
0,0,SMT_008451,5,residential,1.037729128336817,1.0104718238725576,60.01498109616025,False,False,normal
0,0,SMT_020173,11,residential,0.6921641737651724,1.0129847187448884,59.99955112441091,False,False,normal
0,0,SMT_006555,4,residential,0.4971110816486654,1.00286001715113,60.00060697084829,False,False,normal
0,0,SMT_023422,14,residential,0.8852199505881775,1.0047699233323533,59.98142272996583,True,False,normal
0,0,SMT_020985,12,commercial,1.7015150931279577,0.9918268670703261,59.99797331097456,False,False,normal
0,0,SMT_001562,2,industrial,22.724479790131753,0.9982836577068522,60.004587382264695,False,False,normal
0,0,SMT_018095,10,residential,0.9975509673968941,1.004894727510969,59.99015269976271,False,False,normal
0,0,SMT_007834,4,residential,0.7539072806187723,1.0055389254291898,59.996564316848605,False,False,normal
0,0,SMT_007120,4,residential,1.0096499667968626,0.991891336193742,59.99495553482601,False,False,normal
0,0,SMT_023851,14,residential,0.7858469227327882,1.0054627666994231,59.993773699688404,False,False,normal
0,0,SMT_007023,4,industrial,20.0290452419226,0.9978280869920186,59.99900406446859,False,False,normal
0,0,SMT_013770,7,industrial,22.139316033833328,1.0055721065157306,60.00456967265817,False,False,normal
0,0,SMT_000253,1,commercial,3.1600956480763336,1.00353004750174,59.99941072512805,False,False,normal
0,0,SMT_023034,13,residential,0.6833409167510217,0.9999419628819058,60.007960068863426,False,False,normal
0,0,SMT_010466,6,residential,1.2025356485482173,0.988222595992856,59.98933407725069,False,False,normal
0,0,SMT_006473,4,residential,1.2307803858000534,0.9899318203155039,59.986591968083296,False,False,normal
0,0,SMT_020608,11,industrial,6.527827175946214,1.008928860648178,59.9951665561398,False,False,normal
0,0,SMT_013331,7,residential,1.0145735782974474,0.9917081881957135,59.98590002899855,True,False,normal
0,0,SMT_011374,6,residential,0.5393635801300107,0.9925567746273293,60.00849799640598,False,False,normal
0,0,SMT_011563,6,commercial,2.864269679359968,1.030088991732156,60.010038564980356,False,False,normal
0,0,SMT_003127,3,industrial,7.314718084081673,1.0141714169881182,59.999993653001845,False,False,normal
0,0,SMT_013391,7,commercial,3.4393172222498936,0.9899817495225861,60.01606811644888,False,False,normal
0,0,SMT_009092,5,residential,1.1796423086492873,0.9965442458015432,60.01411323233554,False,False,normal
0,0,SMT_010469,6,residential,1.1830408849171639,0.9977068625347528,59.994404380929815,False,False,normal
0,0,SMT_016554,9,commercial,1.6145268152949872,0.9932346102388742,60.008619842917916,False,False,normal
0,0,SMT_016583,9,residential,0.6600997990650874,1.0038769786684743,60.01037411532495,True,False,normal
0,0,SMT_012296,6,commercial,2.178042252177636,0.9928085538919538,59.99653822841558,False,False,normal
0,0,SMT_021817,12,residential,1.1438675395405744,0.9804445986513202,60.02099919159237,False,False,normal
0,0,SMT_023392,14,residential,0.38479531647443793,1.0037862688470722,60.00148097389047,False,False,normal
0,0,SMT_021202,12,residential,0.43494565387012735,0.9966618368652383,59.99790253593085,True,False,normal
0,0,SMT_013464,7,industrial,25.04834882552676,1.0000731492217343,59.99424530523934,False,False,normal
0,0,SMT_011554,6,commercial,2.619552113141693,1.008007964556868,59.97758923600793,False,False,normal
0,0,SMT_001931,2,residential,0.5386078894981459,0.9954957225455705,60.01974713334442,False,False,normal
0,0,SMT_006297,4,residential,0.4126215793361089,0.9914888568784742,60.011761936518745,False,False,normal
0,0,SMT_015065,8,residential,0.8433406837888541,1.0130805220163486,60.00849393059973,False,False,normal
0,0,SMT_005890,4,residential,1.0195117745853883,0.9838675929971675,60.00272066693251,False,False,normal
0,0,SMT_005433,4,commercial,3.922467683942708,0.9980235545485013,59.980496467444006,False,False,normal
0,0,SMT_021106,12,industrial,20.57093416635949,1.0107339699202287,60.007530732295116,False,False,normal
0,0,SMT_018979,10,commercial,1.710841412593721,1.012417229599443,60.002559635715464,False,False,normal
0,0,SMT_003915,3,commercial,1.6694157206143176,0.9956109517914743,59.99653396897729,False,False,normal
0,0,SMT_012780,6,commercial,3.752517054113108,1.0014422917404113,59.99808693109047,False,False,normal
0,0,SMT_023047,13,residential,1.1126375947089784,0.9931020514443875,60.00622747108371,False,False,normal
0,0,SMT_018098,10,commercial,2.336835943913161,0.9971374750155839,59.99880651462581,False,False,normal
0,0,SMT_023754,14,commercial,3.8004212571783587,0.9942663653495645,60.00963978406751,False,False,normal
0,0,SMT_007916,4,industrial,19.632414349836818,1.001205397173571,59.99650916705982,False,False,normal
0,0,SMT_016569,9,residential,1.1127990305859223,1.008645299803197,60.0045022822119,False,False,normal
0,0,SMT_013926,8,commercial,3.6543345052883422,0.9969091287424098,59.99265026895638,False,False,normal
0,0,SMT_016414,9,residential,0.46728478654718536,0.9994156062861269,59.99493725016456,False,False,normal
0,0,SMT_003656,3,industrial,28.26417962563657,1.0080256088037476,60.011752620282756,False,False,normal
0,0,SMT_010678,6,commercial,3.5047130337204546,1.0121834386516704,60.001783383290714,False,False,normal
0,0,SMT_012121,6,residential,0.4295164418756626,0.9928101010376226,60.00478338360936,False,False,normal
0,0,SMT_005553,4,commercial,2.7734722107015335,1.0102263273018324,60.030182172613756,False,False,normal
0,0,SMT_015305,9,commercial,2.0686667251418056,0.9897624128638736,59.99930150046731,False,False,normal
0,0,SMT_003262,3,residential,0.8668415892063095,1.0017354712469229,59.99887460671262,False,False,normal
0,0,SMT_016001,9,residential,1.0999704117187166,0.9897669399460165,59.99199417278217,False,False,normal
0,0,SMT_003244,3,residential,0.949955544212206,1.0084915438002247,60.010138461382596,True,False,normal
0,0,SMT_001402,2,residential,1.1865500855730844,0.9993616330360885,59.98958764195727,True,False,normal
0,0,SMT_009168,5,residential,0.8133152038808207,1.0174087310901085,60.01399396030875,False,False,normal
0,0,SMT_012540,6,residential,0.9083544019987296,0.9902723205436699,59.99357348735848,False,False,normal
0,0,SMT_016011,9,commercial,1.8491995577119307,0.9879923623621728,60.00572308991753,False,False,normal
0,0,SMT_010725,6,residential,1.1081524672994196,1.0155367173217722,59.9945264564442,False,False,normal
0,0,SMT_023581,14,residential,0.6304281958781746,0.996777993206444,59.98705660786933,False,False,normal
0,0,SMT_009627,5,industrial,10.056759714372916,1.0185371335365954,60.004472358279685,False,False,normal
0,0,SMT_011767,6,residential,0.654789442184543,0.9948237690559414,60.01189199767245,False,False,normal
0,0,SMT_010689,6,residential,1.1244022696567626,1.0247709779227294,59.99162787101649,True,False,normal
0,0,SMT_014026,8,industrial,12.59965363974131,1.0022773279604367,60.00841412294384,False,False,normal
0,0,SMT_014721,8,industrial,20.19756721970711,1.019366675684431,60.001559763169645,False,False,normal
0,0,SMT_017439,10,residential,1.0217090283892645,0.989591385652694,60.00880923409213,False,False,normal
0,0,SMT_000073,1,industrial,12.05390253597403,0.9864728349464528,59.9893813797943,False,False,normal
0,0,SMT_000235,1,commercial,2.7782654068847683,0.9867275987330247,60.008490447480085,False,False,normal
0,0,SMT_007664,4,industrial,25.501943448918528,0.9996099130747376,59.985033451955005,False,False,normal
0,0,SMT_011496,6,industrial,19.51701782453431,1.0141812771712915,59.99038392205624,False,False,normal
0,0,SMT_022818,13,commercial,3.031274240355988,1.0085875351264975,59.997818414394075,False,False,normal
0,0,SMT_016254,9,residential,0.6839426807335064,1.0004813372199486,60.00450177693138,False,False,normal
0,0,SMT_019150,10,commercial,4.104330460727644,1.0004742917650296,60.008907764866045,False,False,normal
0,0,SMT_004729,3,residential,0.6584062944067184,1.0097470791182528,60.0125610213276,False,False,normal
0,0,SMT_023849,14,residential,0.41744044129814106,1.0157277796194928,59.99449968837973,False,False,normal
0,0,SMT_001711,2,residential,0.8958142501719706,0.9872955316246741,59.982840374935364,False,False,normal
0,0,SMT_002936,3,commercial,2.6835725401914416,1.0073885785697891,59.99576493890636,False,False,normal
0,0,SMT_021923,12,residential,0.9679707481049057,1.010072909478902,59.99752593874769,False,False,normal
0,0,SMT_005224,3,residential,1.026378666707332,1.014951916146512,60.0147195791779,False,False,normal
0,0,SMT_006025,4,residential,0.43103818088501133,1.0039250406670068,60.02375621237236,False,False,normal
0,0,SMT_019275,10,residential,0.9481310938425487,0.9959809252387295,59.99074385258649,False,False,normal
0,0,SMT_018197,10,industrial,24.284293286544514,0.9795605438604218,59.990579093336834,False,False,normal
0,0,SMT_023166,14,industrial,9.78115993546263,0.9922355251891953,60.0270308505136,False,False,normal
0,0,SMT_012587,6,commercial,1.7497866387104541,0.9961031459453169,60.00345296113645,False,False,normal
0,0,SMT_015121,8,residential,0.4736974023622389,1.0033891955563894,59.999411261958436,False,False,normal
0,0,SMT_016917,10,industrial,23.967469785586566,0.9829390899659182,59.99155207541513,False,False,normal
0,0,SMT_017763,10,industrial,27.531770544738777,0.9975423735215687,59.99447526066135,False,False,normal
0,0,SMT_008573,5,residential,0.48560871517148085,1.0019548655535286,59.990694022797754,False,False,normal
0,0,SMT_011778,6,commercial,2.015728555251462,0.998178009150603,60.0059075298795,False,False,normal
0,0,SMT_014312,8,industrial,19.145039638494115,0.9957121197002358,59.990992161435706,False,False,normal
0,0,SMT_016486,9,residential,0.8935840313962465,1.0050790184564184,59.99189443532816,False,False,normal
0,0,SMT_013665,7,residential,1.07146724130634,0.9921770819582458,60.008485426923585,False,False,normal
0,0,SMT_002539,2,residential,0.45119588288086643,1.0070508689104054,60.00532762232464,True,False,normal
0,0,SMT_013066,7,residential,0.8087731796216558,0.993099122178462,60.01178027008853,True,False,normal
0,0,SMT_006755,4,industrial,10.583972959989119,1.0022659271720034,60.02299918952297,False,False,normal
0,0,SMT_008950,5,residential,1.135164571460158,0.9888435830305433,59.988622553995235,True,False,normal
0,0,SMT_011340,6,residential,0.6969181884690968,1.0148652329350414,60.0209221967418,False,False,normal
0,0,SMT_012213,6,commercial,3.170866158606761,0.997896870162962,59.98503902928975,False,False,normal
0,0,SMT_005316,4,residential,0.5258866236396159,0.9926600006893217,59.984962482516806,False,False,normal
0,0,SMT_013501,7,residential,0.5462736053714172,1.0059162950031397,60.005642214265656,False,False,normal
0,0,SMT_017854,10,residential,0.48202313603037245,0.9973507578006403,60.00646559206567,False,False,normal
0,0,SMT_016924,10,residential,0.780415758639353,1.0081655358083519,60.00009780884934,False,False,normal
0,0,SMT_004430,3,residential,0.5383009221099329,0.9906908108462278,60.000062453090365,False,False,normal
0,0,SMT_017324,10,industrial,23.99767768136716,1.00190835436248,59.99783109644377,False,False,normal
0,0,SMT_001868,2,residential,1.2351618587007485,1.001116841039538,60.002787192202106,False,False,normal
0,0,SMT_008447,5,residential,0.5333844350109562,1.0099252509549708,60.01651841282892,False,False,normal
0,0,SMT_006112,4,residential,1.2075021583464625,1.0015178657172155,60.00553494886271,False,False,normal
0,0,SMT_014661,8,residential,0.9452070295653692,1.0154291032618745,59.99688967941969,False,False,normal
0,0,SMT_021767,12,residential,1.0039099869302295,1.0051852228973017,59.99680591616794,False,False,normal
0,0,SMT_000012,1,commercial,2.7199420340273646,0.9933551999411373,60.00535887195292,False,False,normal
0,0,SMT_005753,4,industrial,13.520555572862229,0.997079097055388,60.0110621850715,False,False,normal
0,0,SMT_023036,13,residential,0.7455384411472984,1.0008502308975642,60.006770459537016,False,False,normal
0,0,SMT_023814,14,commercial,1.6288796290663483,1.0139658592482814,60.00552179160155,False,False,normal
0,0,SMT_022124,12,commercial,2.6968254472668227,1.0125666766232593,60.01637944729883,False,False,normal
0,0,SMT_020537,11,residential,0.8193925037449277,1.0091026808257653,59.99956326456111,False,False,normal
0,0,SMT_021633,12,industrial,19.810805752548113,1.0276760935241342,59.99681947682119,False,False,normal
0,0,SMT_000147,1,residential,0.8936639030016317,0.9851992714642748,60.00727742552757,False,False,normal
0,0,SMT_003785,3,commercial,3.469952210151189,1.0156851277401229,60.00522816348922,False,False,normal
0,0,SMT_011660,6,residential,0.9544820386777513,1.0084531406163084,60.00642787913213,True,False,normal
0,0,SMT_013722,7,residential,0.7433365154834616,1.0132832994240175,59.99108927976636,True,False,normal
0,0,SMT_001837,2,commercial,1.3025451489206799,0.9934496631614605,59.98768057983419,False,False,normal
0,0,SMT_016905,10,residential,0.5633855058620348,1.011812511342758,60.0090193569063,False,False,normal
0,0,SMT_023587,14,residential,0.8077524841748989,1.0002772669151339,60.00307854510409,True,False,normal
0,0,SMT_017421,10,residential,1.02813624665505,1.0091075617443306,60.004413984925186,False,False,normal
0,0,SMT_005461,4,industrial,14.519962186332128,1.0009742359144693,60.00776446153413,False,False,normal
0,0,SMT_022575,13,residential,0.7365866467300128,0.9894421442469806,60.004634972696124,False,False,normal
0,0,SMT_009907,5,residential,1.039052539317965,1.0067031741949983,60.0101730146234,False,False,normal
0,0,SMT_008472,5,commercial,2.1687612888562153,1.0047590392409422,59.998796239975135,False,False,normal
0,0,SMT_005467,4,residential,0.42679732408243987,1.0048285860096302,59.99283753849425,False,False,normal
0,0,SMT_018009,10,residential,0.5002545149416652,0.9985747620718958,60.00279312077131,False,False,normal
0,0,SMT_014937,8,residential,0.9803379368682291,1.0107259236521084,59.989504834745304,False,False,normal
0,0,SMT_011735,6,industrial,13.1629629987373,1.0069503067653203,59.9796331151548,False,False,normal
0,0,SMT_013243,7,commercial,4.115177830543026,1.006103129937343,59.993940279257906,False,False,normal
0,0,SMT_013718,7,residential,1.0060022551678447,1.0098069861839125,60.00026930023088,True,False,normal
0,0,SMT_020850,12,commercial,2.488639947610096,0.9828971778242126,59.998174034826945,False,False,normal
0,0,SMT_017585,10,commercial,3.212065977990392,1.0174041806001632,59.99291592549717,False,False,normal
0,0,SMT_015384,9,commercial,1.1097189324723202,1.0079713154681889,60.004281628842016,False,False,normal
0,0,SMT_012312,6,residential,0.7149457657083067,1.0140564683957045,59.99381543342277,False,False,normal
0,0,SMT_011665,6,residential,0.7189616310875918,0.9912943829943841,59.99218995747863,False,False,normal
0,0,SMT_018232,10,residential,0.8577605445991845,0.9903397771953968,59.99416677997588,False,False,normal
0,0,SMT_007200,4,residential,0.5788214275698386,1.0102577558758705,59.99053787605827,False,False,normal
0,0,SMT_022641,13,residential,0.4376223125393291,1.0015914791327722,60.004897301937746,False,False,normal
0,0,SMT_013198,7,residential,0.4202212743863012,0.9992768036219368,60.018610995420744,True,False,normal
0,0,SMT_013418,7,industrial,7.7505682532736495,1.007287656315934,60.00899734978196,False,False,normal
0,0,SMT_008792,5,industrial,10.273945229023143,1.0123849265788434,59.99845490326845,False,False,normal
0,0,SMT_012020,6,industrial,23.06468513677201,0.9960019038115828,59.98584758706497,False,False,normal
0,0,SMT_023257,14,residential,0.4822149827806921,1.0061797299902373,59.999875092349406,True,False,normal
0,0,SMT_016110,9,residential,1.1291925013927178,1.0025851994267752,59.98719848594526,False,False,normal
0,0,SMT_023619,14,residential,0.8340110805160941,0.9991190430663861,59.999475374427604,False,False,normal
0,0,SMT_007512,4,industrial,22.90913313208279,1.0008366582448798,59.98543031392454,False,False,normal
0,0,SMT_023748,14,commercial,3.0935707955408063,0.9908992990392653,60.00475978105761,False,False,normal
0,0,SMT_018629,10,residential,1.0643357056088025,1.0023815094450024,59.99695928874022,False,False,normal
0,0,SMT_003784,3,commercial,3.1357230726104057,1.0076750965103152,59.988348470033756,False,False,normal
0,0,SMT_001230,2,residential,0.5654318085476642,1.004459820498913,59.98776414436599,False,False,normal
0,0,SMT_012359,6,residential,1.0031421050379306,0.982304940931645,60.02591359480412,False,False,normal
0,0,SMT_003304,3,industrial,16.982970823185862,0.9905558009432751,60.00767093054303,False,False,normal
0,0,SMT_001708,2,industrial,10.888259551078809,1.0130613491981764,59.99172878538685,False,False,normal
0,0,SMT_013277,7,residential,0.7134105928641202,0.9985261460532292,60.00428447376699,False,False,normal
0,0,SMT_009852,5,industrial,26.071103386423182,1.0050649876698758,59.99827265959193,False,False,normal
0,0,SMT_015237,9,commercial,3.594459401057744,1.0153387670204084,59.980278322821476,False,False,normal
0,0,SMT_010120,5,residential,0.8702346538792586,1.0167709968788414,59.97289423527808,False,False,normal
0,0,SMT_008534,5,commercial,2.7326055508790885,1.0019898788130344,60.00326733813572,False,False,normal
0,0,SMT_017176,10,commercial,3.3460903210549833,0.9929206818713112,60.01107742463781,False,False,normal
0,0,SMT_010778,6,residential,0.5030971179060828,0.9929381909442816,60.00599264897085,False,False,normal
0,0,SMT_021034,12,commercial,1.2117551738434793,1.0222227955375123,59.98398710452021,False,False,normal
0,0,SMT_015332,9,residential,0.719008742165358,0.9871567521850094,59.99836222895979,False,False,normal
0,0,SMT_000927,2,residential,0.5430812989790904,0.9943180431009262,59.985960722564165,False,False,normal
0,0,SMT_006870,4,residential,0.9959282340111695,0.9840554198949827,60.00131050149231,False,False,normal
0,0,SMT_016966,10,commercial,1.9248433578148287,0.995903455447593,59.99843796180937,False,False,normal
0,0,SMT_021379,12,industrial,9.101897992530468,1.00905374947187,60.00236141622674,False,False,normal
0,0,SMT_001611,2,residential,0.8229381707733316,1.0259286306891768,60.000098296316885,False,False,normal
0,0,SMT_007575,4,industrial,22.917922195225348,0.9876479447469604,60.00616343577155,False,False,normal
0,0,SMT_006567,4,residential,1.0971449318903352,0.9958849987027228,59.986714093248196,False,False,normal
0,0,SMT_001729,2,residential,0.9012612347577165,0.9907754654816083,60.000953135661824,False,False,normal
0,0,SMT_009659,5,residential,0.9495300688619328,1.0136463655682546,60.00713548588901,False,False,normal
0,0,SMT_001400,2,residential,0.819564658847662,0.9996631984340342,60.00295799387403,True,False,normal
0,0,SMT_021542,12,commercial,1.8131925177390484,0.9969671425612483,59.99831989724288,False,False,normal
0,0,SMT_022582,13,residential,1.106152422465275,0.9924142551388733,59.990178915290045,False,False,normal
0,0,SMT_020424,11,residential,0.7114973574954886,0.9879244634504943,60.00835699208564,False,False,normal
0,0,SMT_019655,10,commercial,3.8162344441733156,1.017644216531303,60.0084992887192,False,False,normal
0,0,SMT_007110,4,residential,0.8279487799276102,1.0116767427826037,60.00923956353661,False,False,normal
0,0,SMT_010557,6,residential,0.4735795693908779,0.9834793366216074,60.02003868813084,False,False,normal
0,0,SMT_011257,6,residential,0.6163335648775601,0.9973169369349588,59.98452404077275,False,False,normal
0,0,SMT_002402,2,residential,0.7239612657868493,1.001590995863482,60.00284246414303,False,False,normal
0,0,SMT_007937,4,commercial,3.386131384313212,1.0052774268281013,60.025748232722734,False,False,normal
0,0,SMT_006126,4,residential,0.6417472492082678,1.007499728565465,59.99297939610121,False,False,normal
0,0,SMT_006863,4,commercial,2.893953067795102,0.9993251739215938,60.01350457593923,False,False,normal
0,0,SMT_019237,10,residential,0.9221909770773834,0.9693708326007984,59.994759792893944,False,False,normal
0,0,SMT_003035,3,industrial,12.102540023730755,0.9864571844416423,59.99709986729649,False,False,normal
0,0,SMT_001275,2,residential,0.5585341994611038,1.006820325315147,59.99802234429651,False,False,normal
0,0,SMT_020420,11,residential,0.40289098663633877,0.9832935740386565,59.9849738600085,False,False,normal
0,0,SMT_006313,4,commercial,3.590668238073175,1.0040856737416715,59.99681749495289,False,False,normal
0,0,SMT_017124,10,residential,0.8884159353116583,0.9880244014741579,59.9917232384293,False,False,normal
0,0,SMT_003954,3,residential,1.1520040312601902,0.9771347963943019,60.015027936735855,False,False,normal
0,0,SMT_018985,10,residential,1.0868973837111033,0.9860060801913697,60.021351983299304,False,False,normal
0,0,SMT_005561,4,commercial,1.8287526246489836,1.016796917991681,60.007950682501736,False,False,normal
0,0,SMT_001739,2,residential,0.5857867147598091,0.9943589855562394,60.01446615459206,False,False,normal
0,0,SMT_011303,6,commercial,3.7558968962851114,0.9891218494497017,60.014970938243955,False,False,normal
0,0,SMT_014193,8,residential,1.0945411519996613,1.0114309455663641,60.011536809266175,True,False,normal
0,0,SMT_008246,4,industrial,27.888212414539638,1.0051001690769905,59.99856783835648,False,False,normal
0,0,SMT_012521,6,residential,0.5278003394851334,0.9997361488220162,59.996139835237564,False,False,normal
0,0,SMT_013182,7,industrial,6.868305134930664,0.9877128420023129,60.0053962556717,False,False,normal
0,0,SMT_020182,11,commercial,2.3936586845399646,0.9867273398717752,60.00731327800729,False,False,normal
0,0,SMT_015967,9,industrial,26.70607753899799,1.0006088554777635,59.98690497086007,False,False,normal
0,0,SMT_003776,3,residential,0.833643111286214,0.9962415049811677,60.00108569913116,False,False,normal
0,0,SMT_014466,8,commercial,1.6601646756082555,0.9920511553822642,60.00644046247189,False,False,normal
0,0,SMT_016203,9,commercial,1.077608864000546,1.0117040045844963,60.004886833888946,False,False,normal
0,0,SMT_017332,10,industrial,15.245722669397718,1.0032301378950603,59.99988276732825,False,False,normal
0,0,SMT_013534,7,residential,0.7309126337919799,0.9877774878754642,59.99106735989102,False,False,normal
0,0,SMT_023095,13,industrial,17.49782875421748,1.0130978388624752,59.99275268109997,False,False,normal
0,0,SMT_012177,6,residential,0.6965307382951775,0.9961084363757653,60.011140056819016,False,False,normal
0,0,SMT_020950,12,residential,1.0427019622106617,0.996743888015111,60.004091710945794,True,False,normal
0,0,SMT_012432,6,residential,0.7822051775378133,1.002894312323213,60.00435873872038,False,False,normal
0,0,SMT_001546,2,residential,0.5953468540899455,1.0079132286006642,59.99058781284723,False,False,normal
0,0,SMT_023746,14,residential,0.602232275654844,0.9918301891936935,60.01402174878704,False,False,normal
0,0,SMT_007369,4,residential,1.0564621713440752,1.0055384713147224,60.0032039542427,True,False,normal
0,0,SMT_002342,2,residential,0.993475602519891,0.993204182893183,59.992918128391985,False,False,normal
0,0,SMT_013029,7,residential,1.1630672080224862,0.992939631098812,60.00019607587942,False,False,normal
0,0,SMT_010084,5,commercial,3.0720499904038974,1.0006136317872503,59.989611558731795,False,False,normal
0,0,SMT_016694,9,commercial,1.0541105606724424,1.004151155612096,60.01173644488939,False,False,normal
0,0,SMT_000151,1,residential,0.7430037421823101,0.9913487261826526,59.99852924626803,False,False,normal
0,0,SMT_000403,1,residential,1.0664581644488664,0.9974114229019645,60.00977443254455,False,False,normal
0,0,SMT_004049,3,industrial,18.78163637616315,0.990988942657393,60.009865883193456,False,False,normal
0,0,SMT_016165,9,residential,0.9263615473629375,0.9982495426461323,60.000499454494,False,False,normal
0,0,SMT_005935,4,commercial,3.56814667305914,1.0101565617683839,60.01992795573044,False,False,normal
0,0,SMT_023751,14,residential,0.7836463439706807,0.9941733875465296,59.991198264552864,False,False,normal
0,0,SMT_021818,12,residential,0.8574631300193497,0.9925061007775526,60.00298973980083,False,False,normal
0,0,SMT_023484,14,industrial,21.996931106224235,1.0079548566596472,59.99603315693246,False,False,normal
0,0,SMT_006424,4,residential,0.6155120149899269,0.9832251974030162,59.995372322037845,False,False,normal
0,0,SMT_016828,10,residential,1.009523457239338,0.9882482022331874,60.04343392257948,False,False,normal
0,0,SMT_021398,12,residential,0.4238012295995785,1.0053899398662827,59.991430226592065,False,False,normal
0,0,SMT_014462,8,residential,0.6800215285181459,1.0083665157045838,59.99501138406409,False,False,normal
0,0,SMT_007822,4,residential,0.7198549961216086,0.9995558540537183,60.004695550619495,False,False,normal
0,0,SMT_006176,4,residential,0.8860260671236243,0.9859580259321004,59.98593307371449,False,False,normal
0,0,SMT_003099,3,residential,0.9973077454858144,1.0067405252001018,60.01284051454699,False,False,normal
0,0,SMT_013470,7,commercial,3.6050859039689187,0.9918025465202184,60.01024555732169,False,False,normal
0,0,SMT_012142,6,residential,1.0246735587235853,0.9894402178273464,59.99094929409796,False,False,normal
0,0,SMT_017759,10,commercial,2.82991264082031,0.99028086623449,60.022767233153886,False,False,normal
0,0,SMT_021757,12,residential,0.7662688952290492,0.9943664580094748,60.01373090768604,True,False,normal
0,0,SMT_010592,6,residential,0.564865627710706,0.9915255792955517,59.9966296818123,True,False,normal
0,0,SMT_007032,4,residential,1.1372162967213741,1.0067993462066396,60.002059443221654,True,False,normal
0,0,SMT_008825,5,commercial,1.7783077510227685,1.0143933822148012,59.988348918315396,False,False,normal
0,0,SMT_015635,9,residential,1.0272758673046385,1.003728791412413,60.005371122789356,False,False,normal
0,0,SMT_021614,12,residential,0.7396087239383561,0.988237822703128,59.974423289315645,False,False,normal
0,0,SMT_021157,12,residential,0.8911374582831951,1.0024214577292283,59.99270845626761,False,False,normal
0,0,SMT_013541,7,commercial,2.948215806603067,0.9974371715053515,59.99471757894663,False,False,normal
0,0,SMT_009532,5,residential,0.4499646192888661,1.0064537933320192,60.008698226414595,False,False,normal
0,0,SMT_007453,4,industrial,6.297147465337276,0.9981757552018702,59.98587768346248,False,False,normal
0,0,SMT_004525,3,commercial,3.3349455282948597,0.9913463204688262,59.9858688685134,False,False,normal
0,0,SMT_003584,3,industrial,27.55214121002416,1.0010424654941212,60.00489137863019,False,False,normal
0,0,SMT_006141,4,residential,0.8530853448438532,0.9905133952286156,60.00532712796297,False,False,normal
0,0,SMT_021915,12,residential,0.6894457337051465,1.016274211682451,60.0008246258641,False,False,normal
0,0,SMT_016049,9,residential,0.8660784621739627,1.0095034382365828,60.01346286537441,False,False,normal
0,0,SMT_014072,8,commercial,3.7953232898846245,1.0003484789013717,60.00315778152097,False,False,normal
0,0,SMT_015795,9,commercial,1.621939561843988,0.9988453667250332,60.01019116635859,False,False,normal
0,0,SMT_021956,12,commercial,3.8802107749343,0.9883236932535134,59.99521369386282,False,False,normal
0,0,SMT_021850,12,residential,0.4592284448737611,0.9814400098699199,59.98767765033597,False,False,normal
0,0,SMT_001598,2,residential,0.8973468859443022,0.9924858378711287,59.98902763196013,False,False,normal
0,0,SMT_006582,4,commercial,2.236919270562981,0.9893688776968907,59.98436335706003,False,False,normal
0,0,SMT_000427,1,commercial,1.8937235195770972,1.0117275110305044,59.994954508844394,False,False,normal
0,0,SMT_013866,7,commercial,1.5541963379654853,1.013612777220096,60.00002967825772,False,False,normal
0,0,SMT_014247,8,residential,1.0787357546146799,1.0049481991888074,59.992065824761575,True,False,normal
0,0,SMT_006866,4,residential,0.7527492483152958,1.014637719986697,59.987315674569416,False,False,normal
0,0,SMT_011565,6,residential,0.5437479371935344,0.9992209922244958,60.004142567918336,False,False,normal
0,0,SMT_001786,2,residential,0.5294633348708001,0.9884374539258963,59.98680238595662,False,False,normal
0,0,SMT_006356,4,commercial,3.37511024230479,1.028356249191674,59.99889476306722,False,False,normal
0,0,SMT_008233,4,residential,0.45131502775371346,0.9986559012414066,59.98171550775742,False,False,normal
0,0,SMT_021403,12,commercial,2.23279187783154,0.9921912423159183,59.9958725983119,False,False,normal
0,0,SMT_018738,10,commercial,3.769942048008632,0.987236920376288,60.00591763456713,False,False,normal
0,0,SMT_017326,10,residential,0.4644391789732773,1.0113685728593413,60.00947326421494,False,False,normal
0,0,SMT_004804,3,industrial,25.82647524532199,0.9887814322232912,60.008071708041385,False,False,normal
0,0,SMT_021099,12,commercial,2.9775786123985855,1.0091426521248577,59.99131780900495,False,False,normal
0,0,SMT_023209,14,residential,0.4920945300491851,0.9936995042642055,59.996635133427134,False,False,normal
0,0,SMT_004881,3,residential,0.784795540222296,1.0092414868251058,59.98326940177204,False,False,normal
0,0,SMT_023576,14,residential,0.7471796316961132,1.0047427598275114,59.99507075214316,False,False,normal
0,0,SMT_009201,5,industrial,24.38787165837729,0.9942188269682185,60.00908194481678,False,False,normal
0,0,SMT_015169,9,commercial,3.7874293497508815,0.9965729225900062,59.9991274740661,False,False,normal
0,0,SMT_012879,7,industrial,12.108431907754131,0.999979532506827,59.98716567518954,False,False,normal
0,0,SMT_015575,9,residential,0.5801685640704817,1.0066449786911673,60.0039720154475,False,False,normal
0,0,SMT_012761,6,residential,1.0622015015289386,1.0090027310166716,59.9997404441446,False,False,normal
0,0,SMT_014007,8,residential,0.8983365103296725,1.016558070046317,59.991052462648724,False,False,normal
0,0,SMT_016544,9,residential,1.0046067012885804,1.0094460407208314,60.004115157414226,False,False,normal
0,0,SMT_010066,5,residential,0.44111709307226565,1.0023635802978323,59.995471312317186,False,False,normal
0,0,SMT_021155,12,industrial,14.267653263069013,1.0013820425905589,59.98723103932743,False,False,normal
0,0,SMT_022550,13,residential,0.9792067325200012,1.0152563735953104,60.01451772241949,False,False,normal
0,0,SMT_002656,3,residential,1.0068316299335798,1.0145061426706488,59.993474259022186,False,False,normal
0,0,SMT_006338,4,commercial,3.024229133899191,0.9989222238776816,59.9785152951728,False,False,normal
0,0,SMT_002378,2,commercial,3.0214002409904968,0.9901267105822144,60.013241425384926,False,False,normal
0,0,SMT_011379,6,commercial,3.320475310727863,0.9919629940443652,59.996263812073565,False,False,normal
0,0,SMT_023087,13,industrial,14.470747369995381,1.0016405858521538,59.97999296519785,False,False,normal
0,0,SMT_017896,10,residential,0.8930346390089607,1.0099924535008302,60.00209419442163,False,False,normal
0,0,SMT_002111,2,commercial,2.6183635066338757,0.9905969395029581,59.998539294520185,False,False,normal
0,0,SMT_004931,3,industrial,25.491172568515857,0.9903672772783826,60.00609306211638,False,False,normal
0,0,SMT_004436,3,residential,1.0443259848342865,0.9843977092333553,60.005925710267476,True,False,normal
0,0,SMT_012168,6,residential,0.6882151760583851,1.0038233758063937,59.99121047307034,False,False,normal
0,0,SMT_002547,2,commercial,1.508406958519042,1.0074631043594895,60.00759468182991,False,False,normal
0,0,SMT_009090,5,residential,0.5294853930541549,1.0055658535813212,60.0063418283112,False,False,normal
0,0,SMT_014503,8,industrial,15.858061897882518,1.0021969037394975,60.00498573401699,False,False,normal
0,0,SMT_009267,5,residential,0.6815207607443357,1.00200215964456,59.99641251891211,False,False,normal
0,0,SMT_020845,12,residential,0.6285935218184802,1.008858437890145,59.99906205776222,False,False,normal
0,0,SMT_015460,9,residential,1.1351855347261708,0.9897951403797238,60.01039954005053,False,False,normal
0,0,SMT_013468,7,residential,0.9478401351654357,0.9978019541035342,60.00524160981114,False,False,normal
0,0,SMT_016089,9,residential,0.4641454086017161,1.002259311121287,59.97353151976104,False,False,normal
0,0,SMT_008983,5,residential,0.8491254650338371,1.0078845203411892,60.002038560495485,False,False,normal
0,0,SMT_016900,10,industrial,19.929884493928707,1.0042890338643853,59.9959291694368,False,False,normal
0,0,SMT_003192,3,residential,0.638834832693405,1.0071399816444755,59.97851062403404,True,False,normal
0,0,SMT_023589,14,industrial,27.747754294042196,1.0062043082864738,59.999470915417874,False,False,normal
0,0,SMT_001401,2,residential,0.7668892816035182,1.0152993721388837,59.99295801824138,False,False,normal
0,0,SMT_022955,13,industrial,15.51598503725438,1.0051704719394696,60.013203004125984,False,False,normal
0,0,SMT_006608,4,commercial,2.0872197185041883,0.9878827120102307,60.000962267899794,False,False,normal
0,0,SMT_022464,13,commercial,3.8770529844603074,0.9921563223699682,59.99637395112286,False,False,normal
0,0,SMT_003964,3,commercial,3.68425466271005,0.9967339734194054,60.004640027309506,False,False,normal
0,0,SMT_003961,3,residential,0.757189052289025,0.9952204574987965,60.00740375414946,False,False,normal
0,0,SMT_015405,9,residential,0.6021612373073685,0.9877969319817125,59.998051210284245,False,False,normal
0,0,SMT_008778,5,commercial,1.1520122410798534,1.0094476080365649,59.99831775966329,False,False,normal
0,0,SMT_003563,3,commercial,1.8896458065160397,0.9965239604864793,60.011307189717385,False,False,normal
0,0,SMT_019763,11,residential,0.45361274207183855,1.0034690386576468,59.98962919691117,True,False,normal
0,0,SMT_004269,3,industrial,9.409947347294857,1.0091125249913657,59.99606825078352,False,False,normal
0,0,SMT_016162,9,residential,0.4655347857836872,0.9780474446563145,59.98536863250603,True,False,normal
0,0,SMT_009006,5,commercial,3.7002520525110403,1.0134395534307123,60.00389279906561,False,False,normal
0,0,SMT_007992,4,commercial,2.439039303880404,0.9960964201016381,59.9905770600199,False,False,normal
0,0,SMT_005715,4,residential,0.7305123728058782,1.0058447052416302,59.996265473592636,False,False,normal
0,0,SMT_001852,2,industrial,24.15363878808091,0.9999022861695229,59.98933132730603,False,False,normal
0,0,SMT_007385,4,commercial,2.474697323118685,0.9980955857297065,59.992018664403055,False,False,normal
0,0,SMT_006450,4,residential,0.5441891179461097,0.9958366117897565,59.99074302211866,False,False,normal
0,0,SMT_004669,3,residential,0.9329925965033926,0.9896115694000778,60.01326047046842,False,False,normal
0,0,SMT_012997,7,residential,1.161698562359814,0.9991912679623671,60.0086312574483,False,False,normal
0,0,SMT_005765,4,residential,1.1228361479396103,1.0079803043783522,60.00243534717538,False,False,normal
0,0,SMT_012293,6,commercial,2.447679174614176,0.9843782052862894,59.99746321104057,False,False,normal
0,0,SMT_013838,7,commercial,1.9956388345408944,1.0099024074427987,60.02497444877458,False,False,normal
0,0,SMT_001500,2,industrial,15.495680029998836,1.008499555203798,59.99595130907108,False,False,normal
0,0,SMT_004363,3,industrial,6.591211703862523,0.9960788569616433,60.019093520370646,False,False,normal
0,0,SMT_010758,6,industrial,28.469637053104936,0.9908364559588889,60.002161980207624,False,False,normal
0,0,SMT_017225,10,commercial,1.3741945584328028,1.0084818152482327,59.985446988585636,False,False,normal
0,0,SMT_014928,8,residential,0.8116336316786754,1.0124128862874846,60.006850174999194,False,False,normal
0,0,SMT_011069,6,residential,0.9301695164995395,0.9948150758412342,59.998361932579954,False,False,normal
0,0,SMT_004152,3,residential,1.1063502749170289,0.9994467210813555,59.98057780240605,False,False,normal
0,0,SMT_023733,14,residential,0.8795732936409912,1.0214060717952886,59.9902589438592,False,False,normal
0,0,SMT_022425,13,residential,0.6954188183417849,1.003536094981356,59.99520176052064,True,False,normal
0,0,SMT_021495,12,residential,0.4630816802254253,0.9967259295766975,60.00620979711245,False,False,normal
0,0,SMT_007224,4,residential,1.0931260536450138,1.0102731249660992,60.00814528809169,False,False,normal
0,0,SMT_023279,14,residential,0.9536015566480691,1.0064462862032364,60.00820149443405,False,False,normal
0,0,SMT_017538,10,residential,0.7552136900698128,1.0180521838520307,60.015212548458756,False,False,normal
0,0,SMT_006864,4,residential,0.5688235602080266,1.0031009181135129,60.02010471557262,False,False,normal
0,0,SMT_018296,10,residential,1.1013447061169759,1.0055398639374988,60.010941998239716,False,False,normal
0,0,SMT_021405,12,residential,0.6555173280661801,1.005090021757976,60.005900200098424,True,False,normal
0,0,SMT_005107,3,residential,0.473835346356853,1.0009720964235638,60.00343012761287,False,False,normal
0,0,SMT_015149,8,residential,0.4731075326273135,0.9943486279571055,59.98760916953088,False,False,normal
0,0,SMT_009381,5,residential,0.47478000294281214,0.9844021132176327,59.989577605746796,False,False,normal
0,0,SMT_023249,14,residential,0.7767379749779755,1.0075288541195442,59.98484233940645,False,False,normal
0,0,SMT_002192,2,residential,0.5226881756825438,0.9787876028195241,59.99814918025232,False,False,normal
0,0,SMT_019106,10,residential,1.0608292227895493,1.0071158454270297,59.99996930761858,False,False,normal
0,0,SMT_018974,10,residential,0.8558086387536193,0.9948205729831497,60.02472987535316,False,False,normal
0,0,SMT_019522,10,residential,0.5259495821392476,1.005914775715794,60.008600902602716,False,False,normal
0,0,SMT_020799,11,residential,0.4974040450856699,0.9862395067494619,59.9867757615395,False,False,normal
0,0,SMT_014263,8,residential,1.153125604226865,0.9972139079054827,59.994118543728874,False,False,normal
0,0,SMT_005254,4,residential,0.6225536632351323,1.0046042470332937,60.00065805726419,False,False,normal
0,0,SMT_017002,10,commercial,2.6556041301667612,1.0025070819118402,59.98940880913123,False,False,normal
0,0,SMT_012161,6,residential,0.5439781614976602,0.9823105510321373,60.010780502526984,True,False,normal
0,0,SMT_010851,6,residential,1.0720957763930286,1.0125969737173646,60.0009481363744,False,False,normal
0,0,SMT_006479,4,residential,0.8977301846012429,1.0020883638685936,60.00485361057236,False,False,normal
0,0,SMT_008142,4,residential,0.4602560639329013,1.0012528737421376,59.9982861720809,False,False,normal
0,0,SMT_011625,6,industrial,23.376582679700277,1.0059928117640875,59.99632326008525,False,False,normal
0,0,SMT_002026,2,commercial,3.1119394433916034,1.0160266935429736,59.99467152058298,False,False,normal
0,0,SMT_014281,8,commercial,1.050605046838621,1.0120795966967444,59.99522394893806,False,False,normal
0,0,SMT_010981,6,commercial,3.6064509026182217,1.0021991332136786,60.00528517190753,False,False,normal
0,0,SMT_005022,3,residential,0.9773053519996007,1.002238499443945,60.00971050563986,False,False,normal
0,0,SMT_004497,3,residential,1.0947445861503022,1.008759254264589,60.00172030497073,False,False,normal
0,0,SMT_015170,9,residential,0.8825949934766109,1.0015388684403481,60.00591316252616,True,False,normal
0,0,SMT_015629,9,residential,0.9273771214885431,0.9875939761731758,60.012327464828786,False,False,normal
0,0,SMT_001671,2,residential,1.121148445113253,1.0021511055168717,59.989408042255086,False,False,normal
0,0,SMT_010995,6,commercial,2.60393283627688,0.9962120750198462,60.0045208514447,False,False,normal
0,0,SMT_008448,5,commercial,2.5488201674645206,1.001042240570553,60.00294927450314,False,False,normal
0,0,SMT_004412,3,residential,0.5904957318192791,1.0019844411731929,59.99008357431919,False,False,normal
0,0,SMT_016451,9,commercial,1.6252265668761587,1.0013411144943654,60.006155719211826,False,False,normal
0,0,SMT_014943,8,industrial,29.24902895861861,0.9888787669052078,59.997990694428935,False,False,normal
0,0,SMT_011349,6,residential,0.48716546101935665,1.0102381923155364,59.984857710959965,False,False,normal
0,0,SMT_009315,5,commercial,1.9375267203804198,1.0186282321711329,60.000996707094274,False,False,normal
0,0,SMT_011867,6,residential,0.5603407536711509,0.991227279759757,59.97879503257678,False,False,normal
0,0,SMT_004897,3,commercial,3.9882777194672556,1.0031069730625224,59.9953159702756,False,False,normal
0,0,SMT_022766,13,residential,0.7951966166732903,0.9992285830073239,60.02028872387297,True,False,normal
0,0,SMT_008431,5,commercial,1.4116803214693459,0.9941070307255634,60.00215072939925,False,False,normal
0,0,SMT_001052,2,commercial,2.8229724446033853,1.0191216362387387,59.99973302714713,False,False,normal
0,0,SMT_020907,12,residential,0.9554516976852098,1.0004242452506236,60.00002416928967,False,False,normal
0,0,SMT_005919,4,commercial,4.050982682950347,1.0013813461579184,59.990062827204454,False,False,normal
0,0,SMT_018395,10,industrial,6.284095986772052,1.0193650547184516,60.00063256765754,False,False,normal
0,0,SMT_012511,6,residential,0.6265297534179026,1.006837745846456,60.00866287730026,False,False,normal
0,0,SMT_006288,4,residential,0.9023518264763395,0.9986446961375407,59.99471069693773,False,False,normal
0,0,SMT_005157,3,commercial,4.190165098980991,1.0052915334781918,60.00576179803913,False,False,normal
0,0,SMT_021159,12,residential,0.8371004764635472,1.010889663297892,59.99632550106014,False,False,normal
0,0,SMT_017139,10,residential,0.9867679178880217,0.9986738172409417,59.98593967070933,False,False,normal
0,0,SMT_015506,9,residential,0.8514713697485362,0.9858958268729884,59.99472019487211,False,False,normal
0,0,SMT_006804,4,industrial,22.857617124785452,0.9888894899100676,60.00286091841786,False,False,normal
0,0,SMT_015787,9,residential,1.2827902218075047,1.0007812928825823,60.00361895580483,True,False,normal
0,0,SMT_019862,11,commercial,3.378794597729742,1.0134260888314948,59.99934535560502,False,False,normal
0,0,SMT_014564,8,commercial,3.6989058434182946,1.0061730377255584,59.998693731283105,False,False,normal
0,0,SMT_018506,10,commercial,3.5100838170997277,1.0009164468704461,60.000238693436245,False,False,normal
0,0,SMT_022045,12,commercial,2.811162502063473,0.9974128727051034,59.98372134961524,False,False,normal
0,0,SMT_007222,4,industrial,18.023527004131513,1.0226494572815072,60.00515472080695,False,False,normal
0,0,SMT_021131,12,commercial,2.268460059685495,1.0108945148904054,60.02348565689221,False,False,normal
0,0,SMT_008042,4,commercial,3.8445600833354434,1.0172279806267082,59.99041583043481,False,False,normal
0,0,SMT_020250,11,residential,0.8137378902823695,1.017652367053128,59.99389529195931,False,False,normal
0,0,SMT_018694,10,residential,0.7637665191454925,0.9973215637766438,59.997721865354215,False,False,normal
0,0,SMT_013199,7,residential,0.7930278312901323,0.9950653373692544,60.009661313772334,False,False,normal
0,0,SMT_016326,9,commercial,3.315126660431518,1.012834591303332,59.997343576230236,False,False,normal
0,0,SMT_012099,6,industrial,22.98190518155296,0.9946546749701435,59.998247112431656,False,False,normal
0,0,SMT_007365,4,commercial,2.7653159111391306,0.9946267439582512,59.98778238228859,False,False,normal
0,0,SMT_020317,11,residential,0.5916134780442011,0.9822769621011903,59.9741416338693,False,False,normal
0,0,SMT_002660,3,residential,0.8387228165630813,0.9973379850156979,60.015655849797845,False,False,normal
0,0,SMT_011781,6,residential,0.6151605797717148,1.0135058040793692,60.01384742863961,False,False,normal
0,0,SMT_001076,2,commercial,2.451774712058991,0.9997521178552401,60.00701000893315,False,False,normal
0,0,SMT_012913,7,industrial,16.32148381682302,1.0076624798259284,59.994147124502966,False,False,normal
0,0,SMT_019206,10,residential,0.8029754521987497,0.9950165861875552,59.99301129048924,False,False,normal
0,0,SMT_016206,9,residential,1.0282993432740082,0.9911649583164013,59.98405623602707,False,False,normal
0,0,SMT_016187,9,commercial,3.0616667921596545,0.9883617014835601,59.989522664333776,False,False,normal
0,0,SMT_018191,10,residential,1.1226400099375444,1.0007457086834701,59.994017253045605,False,False,normal
0,0,SMT_008130,4,commercial,2.102843351019428,1.0126526253282344,59.995692980080946,False,False,normal
0,0,SMT_014269,8,residential,0.7603897648891723,0.9929015699040403,59.992439160646626,False,False,normal
0,0,SMT_001167,2,residential,0.9948021850352778,1.013371365087893,60.00225103045785,True,False,normal
0,0,SMT_009672,5,residential,0.6222665319261207,0.998700240218552,59.99693324904975,False,False,normal
0,0,SMT_007002,4,industrial,18.783863688654396,1.0005704250195613,59.98483446776723,False,False,normal
0,0,SMT_018593,10,commercial,1.9215852809444984,0.9996076368854696,59.99543420753403,False,False,normal
0,0,SMT_021778,12,residential,0.7217828044324139,1.011752542604111,59.991941869748366,False,False,normal
0,0,SMT_016447,9,industrial,6.05016778531169,1.0055618937695963,60.00386612527306,False,False,normal
0,0,SMT_023475,14,industrial,13.089392396618505,0.9803795031000159,59.99626302310544,False,False,normal
0,0,SMT_020207,11,residential,0.5947594649956854,0.9899015379179388,59.99568025714016,False,False,normal
0,0,SMT_004421,3,commercial,3.810753654597015,0.9864056452700425,59.9874574697434,False,False,normal
0,0,SMT_007643,4,residential,0.7921755509258406,0.9916946470075794,60.005810581549206,False,False,normal
0,0,SMT_014024,8,industrial,27.675387682778407,1.0057800602171463,59.99121523905286,False,False,normal
0,0,SMT_000827,2,residential,0.7777118006156493,0.9890085809075443,59.986523690799324,True,False,normal
0,0,SMT_004320,3,residential,0.49265438276346024,1.0006477554572273,60.00508548928196,True,False,normal
0,0,SMT_017007,10,residential,0.8074539425323028,0.9850125367168253,60.00555716399199,False,False,normal
0,0,SMT_018623,10,commercial,1.2939139187495727,0.9974160991918658,59.99764560260527,False,False,normal
0,0,SMT_008127,4,residential,1.2085748715405182,0.9852521596595186,60.012676436968945,True,False,normal
0,0,SMT_008716,5,residential,1.227303921700797,1.0089527013183974,59.990915001713134,False,False,normal
0,0,SMT_011621,6,residential,0.6310973117781582,0.9877830970989748,59.98228762727204,False,False,normal
0,0,SMT_015578,9,residential,0.6147803887134954,0.9995813542645503,60.01925616373801,False,False,normal
0,0,SMT_014151,8,commercial,1.4474772163877812,0.9997514827778647,59.99379499933831,False,False,normal
0,0,SMT_012747,6,residential,0.454112267706959,0.9961961295982203,60.00343938830695,False,False,normal
0,0,SMT_013954,8,residential,0.4691297259024155,0.9778283921115196,60.0111139883812,False,False,normal
0,0,SMT_001922,2,residential,0.5962222116719803,1.008034301287788,59.9930567492649,False,False,normal
0,0,SMT_019046,10,commercial,2.6293332033238617,1.0063185852217638,60.002758346322985,False,False,normal
0,0,SMT_008352,5,residential,0.7948344276038022,0.9934248737674727,60.00359857743864,False,False,normal
0,0,SMT_004538,3,commercial,2.982414479589761,0.9958451810517724,60.00883397814114,False,False,normal
0,0,SMT_020130,11,residential,0.7253273645611389,1.0109317171912946,60.00468240795487,False,False,normal
0,0,SMT_002131,2,residential,0.7226612777630746,1.0209775877118425,59.982911752981124,False,False,normal
0,0,SMT_022204,13,residential,0.4344423328545812,1.0006226995893677,59.9924382010059,False,False,normal
0,0,SMT_017433,10,residential,0.42667291475909674,1.0117059126513068,59.9960037913594,False,False,normal
0,0,SMT_013569,7,residential,0.724252698548693,1.0153732150064154,60.01742348249901,False,False,normal
0,0,SMT_023065,13,commercial,3.093244631632097,1.010203385088954,60.00655556153523,False,False,normal
0,0,SMT_017166,10,industrial,21.664051873476577,1.0151811052358202,60.00242367494913,False,False,normal
0,0,SMT_006882,4,residential,0.5140701225409812,1.002650646413552,59.99181983498812,False,False,normal
0,0,SMT_017948,10,residential,1.1473462634231355,0.9884876442205585,59.99374944477119,False,False,normal
0,0,SMT_010680,6,residential,0.5936399780512204,1.0018610987467247,60.007940288774456,False,False,normal
0,0,SMT_010936,6,commercial,1.1835001834504333,1.001719918608642,59.99424226254588,False,False,normal
0,0,SMT_001927,2,residential,0.7947977218681239,0.9873426283994045,60.00189328190463,False,False,normal
0,0,SMT_017744,10,residential,0.8738354940710422,1.0133025990879476,59.99420248167452,False,False,normal
0,0,SMT_016367,9,industrial,16.0174998756788,0.9866719281842562,59.993221756675815,False,False,normal
0,0,SMT_010677,6,residential,1.1419030310471279,1.0008875094063747,59.9906190197477,False,False,normal
0,0,SMT_015176,9,residential,0.7187200866805489,1.0138380059094048,59.9985145587638,False,False,normal
0,0,SMT_014608,8,commercial,2.2508136759589656,1.0138625409003628,60.00952914864313,False,False,normal
0,0,SMT_013613,7,commercial,1.721903854264563,1.0021340111107873,59.99827546560352,False,False,normal
0,0,SMT_011121,6,residential,0.6261487717263645,1.0004431476290432,59.99664263342521,False,False,normal
0,0,SMT_010298,5,commercial,1.2224661451618153,0.9978146270300786,59.993726153131355,False,False,normal
0,0,SMT_005454,4,commercial,1.1363512483634846,0.99627514025469,60.0115951074394,False,False,normal
0,0,SMT_005691,4,residential,0.9862303988615834,0.9924339287743333,60.000955220275635,False,False,normal
0,0,SMT_002750,3,residential,0.6456343996438114,0.9988388591882972,59.99094848818164,False,False,normal
0,0,SMT_020627,11,commercial,2.571946007642433,0.988349942734578,59.99391385065012,False,False,normal
0,0,SMT_004441,3,residential,0.5068817773845936,1.002329704226295,59.99239264479578,False,False,normal
0,0,SMT_016448,9,industrial,25.776524840677542,1.0025652512152636,59.988022324700054,False,False,normal
0,0,SMT_003042,3,industrial,14.372928397743332,1.0063186102989745,59.99431175521445,False,False,normal
0,0,SMT_018963,10,industrial,19.932611345592044,0.9951692202799238,59.994119783870936,False,False,normal
0,0,SMT_012900,7,residential,0.440408061571588,0.999902791981779,59.992033262200486,False,False,normal
0,0,SMT_003971,3,residential,0.5769122163380985,1.0126938670136463,59.99122945611892,False,False,normal
0,0,SMT_019991,11,commercial,2.999962730949297,0.9964637439353978,60.01473644612283,False,False,normal
0,0,SMT_011157,6,residential,0.5070013543736395,1.0023793972352555,60.02151335209574,False,False,normal
0,0,SMT_020729,11,residential,0.9887006286642586,0.9958023210756722,60.007047510289105,True,False,normal
0,0,SMT_001163,2,residential,0.38614883060555916,1.0298842690955623,59.99045556454475,False,False,normal
0,0,SMT_008426,5,residential,1.1876300152705235,0.9939387848009595,60.01399423734726,False,False,normal
0,0,SMT_015606,9,residential,0.9057251172964306,0.9972965521052453,60.00321587645234,False,False,normal
0,0,SMT_008872,5,residential,0.5296402289533827,1.0058753105262728,59.99709959138708,False,False,normal
0,0,SMT_003109,3,industrial,22.24335586469753,1.0029793708794292,60.00412773651283,False,False,normal
0,0,SMT_002121,2,industrial,6.490744255250643,1.0039830784533936,59.990009982439794,False,False,normal
0,0,SMT_013756,7,residential,0.5501085230605668,0.9975296265555176,60.0098910607139,True,False,normal
0,0,SMT_005831,4,residential,0.7879030355555751,1.0050381818435228,59.99637512323043,False,False,normal
0,0,SMT_015798,9,residential,0.4354450629275349,0.9801933708289117,60.00847878087361,False,False,normal
0,0,SMT_005958,4,residential,0.9444572452480602,1.0024826095575317,59.99743595066207,False,False,normal
0,0,SMT_020041,11,commercial,3.6888358058130732,0.9974107822502105,60.00830432276337,False,False,normal
0,0,SMT_007673,4,industrial,17.00719344284838,0.979727892390219,60.006024494330205,False,False,normal
0,0,SMT_011856,6,residential,1.2736245909822699,0.9863123299290526,60.00079427933241,False,False,normal
0,0,SMT_006017,4,residential,0.42961108776648044,1.0086392857099864,60.002549607479395,True,False,normal
0,0,SMT_014629,8,residential,0.45951589093784395,1.000877833495824,59.99571046997557,True,False,normal
0,0,SMT_001463,2,residential,1.0314841618557127,1.0019528668262478,59.997438725677185,False,False,normal
0,0,SMT_008989,5,residential,1.1470377448369797,1.0001216852222465,59.99955842838373,False,False,normal
0,0,SMT_006566,4,residential,0.5433320162508758,0.9978620710107504,60.00058059293722,False,False,normal
0,0,SMT_009474,5,industrial,23.7733459853372,0.9914219974842872,60.01275487044722,False,False,normal
0,0,SMT_002905,3,commercial,2.676534741929305,0.9905308187893976,60.010579043540645,False,False,normal
0,0,SMT_004734,3,residential,0.6491949252547707,0.9947880843956342,59.998286940956184,True,False,normal
0,0,SMT_022435,13,residential,0.7217590216059905,1.0110079358923802,60.01146142813216,False,False,normal
0,0,SMT_006592,4,commercial,1.644792939176146,1.0213711913080388,59.99520483009998,False,False,normal
0,0,SMT_013284,7,residential,1.2703779479139097,1.0035527383878278,59.99807278523004,False,False,normal
0,0,SMT_016355,9,commercial,2.051651091272949,0.9987075077417309,60.006501987960455,False,False,normal
0,0,SMT_013952,8,industrial,20.492413235365923,0.9979082837112705,59.99569478257568,False,False,normal
0,0,SMT_004586,3,industrial,23.074022665419168,0.9905360646552468,59.984477520450056,False,False,normal
0,0,SMT_017043,10,residential,0.7777758014177814,0.9917615625905912,60.01170956351572,False,False,normal
0,0,SMT_019447,10,commercial,3.4739780593230742,0.9887689906667958,60.00744784022324,False,False,normal
0,0,SMT_005413,4,residential,0.9639988473297001,0.987855818193997,60.0112003385922,False,False,normal
0,0,SMT_020578,11,commercial,1.9941494601325696,0.9981783176755549,60.01076767046407,False,False,normal
0,0,SMT_005719,4,industrial,20.046927007327973,0.9844925204631868,60.005602675925964,False,False,normal
0,0,SMT_020488,11,residential,0.5519335586307124,1.0189359408589833,59.9993986600428,False,False,normal
0,0,SMT_003380,3,residential,0.7482373669116877,0.9901150267930723,60.00886793176415,False,False,normal
0,0,SMT_009639,5,residential,0.9725682255669069,1.0052725465835715,60.01318564455912,False,False,normal
0,0,SMT_014849,8,commercial,1.5894838198087613,0.9944917541196624,59.9940801695697,False,False,normal
0,0,SMT_009604,5,residential,0.9492056491906475,1.0096450982857519,59.98997767750333,False,False,normal
0,0,SMT_015306,9,residential,0.9782995908437221,0.999520432819136,60.00068403070961,False,False,normal
0,0,SMT_005578,4,commercial,1.9941238323626824,0.9989767057515968,59.986027015378646,False,False,normal
0,0,SMT_005084,3,residential,0.659667071047347,1.0016387453846356,60.00847120738226,False,False,normal
0,0,SMT_003616,3,residential,1.1640244023657722,0.9961091850591337,59.99545575213095,False,False,normal
0,0,SMT_008923,5,commercial,2.0314816937973474,0.995774966925532,59.99756978474048,False,False,normal
0,0,SMT_017086,10,commercial,1.353346248462062,0.994135189716448,60.01047150353306,False,False,normal
0,0,SMT_016176,9,commercial,2.0696128251862813,0.9858038340078454,60.008062841572375,False,False,normal
0,0,SMT_023381,14,residential,0.8162306150380705,1.0102819491022879,59.99758213037777,False,False,normal
0,0,SMT_013862,7,commercial,3.41130806954178,0.9934091207928725,60.00655608635554,False,False,normal
0,0,SMT_022649,13,residential,0.7689754561642868,0.986147463557736,59.99803313501532,False,False,normal
0,0,SMT_002852,3,residential,1.0926958076450701,1.0014010313979111,60.00502042032532,False,False,normal
0,0,SMT_014787,8,industrial,12.068536864090953,1.0036201809403085,59.98657114203512,False,False,normal
0,0,SMT_005328,4,residential,0.7858420399313216,0.9956410358751995,59.98872245698379,False,False,normal
0,0,SMT_006179,4,commercial,3.070702165504674,1.0103834228696935,60.00117557918077,False,False,normal
0,0,SMT_008121,4,commercial,1.613530305452612,0.995093547666495,60.01409497826749,False,False,normal
0,0,SMT_021055,12,industrial,29.448999759435242,1.0000368915857447,60.00413465950728,False,False,normal
0,0,SMT_008039,4,industrial,17.560845710080418,0.9808821888315661,59.98764234214996,False,False,normal
0,0,SMT_004710,3,residential,0.5591061951775974,0.9849662237713489,59.98791013490759,False,False,normal
0,0,SMT_013171,7,residential,0.9095062845267454,0.9966337817726242,59.987399636838035,False,False,normal
0,0,SMT_015909,9,commercial,1.6136382740851756,1.0051522981091694,59.99612069512039,False,False,normal
0,0,SMT_005581,4,residential,0.9358502522366848,0.994106533463232,59.99743369632234,False,False,normal
0,0,SMT_002440,2,industrial,24.02251018366273,0.9966259050112193,60.00144889301571,False,False,normal
0,0,SMT_018901,10,residential,0.7956000238545226,1.00676134544351,59.98778486621638,False,False,normal
0,0,SMT_003402,3,residential,0.4354939597539655,1.0084162413156907,60.011448657076315,False,False,normal
0,0,SMT_000845,2,residential,0.9492194028634295,1.007912862357233,60.00819041641705,False,False,normal
0,0,SMT_004997,3,residential,0.6864986629021773,1.0042728835922436,60.002919171329154,False,False,normal
0,0,SMT_011302,6,residential,0.5330435488344909,1.0068304166423434,60.00971670575733,False,False,normal
0,0,SMT_001948,2,industrial,21.528067138939175,1.0095936979521236,60.01022004092699,False,False,normal
0,0,SMT_020792,11,residential,0.8258090005438742,0.9949649689544858,60.00023061502207,False,False,normal
0,0,SMT_006232,4,residential,0.5873222683743,1.0144000161516213,59.99719361776512,False,False,normal
0,0,SMT_008171,4,residential,1.1404192282461387,1.0125030971013886,59.990697120495625,False,False,normal
0,0,SMT_006140,4,commercial,2.4525209596060757,1.0153370894139637,60.012394588275704,False,False,normal
0,0,SMT_020603,11,residential,0.8417164006420176,0.9976392318926441,60.000470746036136,False,False,normal
0,0,SMT_011880,6,residential,0.5362244931502989,0.9907826511404358,60.00858454923188,False,False,normal
0,0,SMT_011772,6,residential,0.9073881697889674,0.999608062742977,59.99796489623965,False,False,normal
0,0,SMT_007254,4,residential,0.5633943623017106,0.9946046180290989,60.00250415161561,False,False,normal
0,0,SMT_020195,11,residential,0.8611276578087964,0.9960997972276056,60.00914494532213,True,False,normal
0,0,SMT_011634,6,commercial,1.4096379526373215,0.9903447968885095,60.00555515931079,False,False,normal
0,0,SMT_012238,6,commercial,2.8126592880063517,0.9897743366651912,59.99111301362352,False,False,normal
0,0,SMT_014541,8,commercial,3.9923010773588623,0.9827962420219687,59.98513594967614,False,False,normal
0,0,SMT_023298,14,residential,1.2066703759932944,1.0009442152221526,59.99656197272076,False,False,normal
0,0,SMT_011925,6,residential,0.5242184425117277,1.0006311155705923,60.00181481666935,False,False,normal
0,0,SMT_010034,5,residential,0.7173203217432068,0.9958788524623186,59.9842129151029,False,False,normal
0,0,SMT_021502,12,residential,0.698240910634395,1.0122922779162131,60.0045208895292,False,False,normal
0,0,SMT_018540,10,industrial,29.255846124337136,1.0185488716931288,59.99468003399861,False,False,normal
0,0,SMT_017715,10,residential,1.0067385724509499,0.9833331464704995,60.00517351908862,False,False,normal
0,0,SMT_012530,6,residential,0.7462724354740227,0.9912575244970239,60.0147003690901,False,False,normal
0,0,SMT_023634,14,residential,0.6677812210144476,1.006568568729263,59.98884616673343,False,False,normal
0,0,SMT_016938,10,residential,0.6713585677665282,1.0129003348758998,59.99090987489467,False,False,normal
0,0,SMT_015292,9,industrial,26.093308157957637,0.9914955715582999,60.009423382838804,False,False,normal
0,0,SMT_012131,6,commercial,2.7060094674199373,1.0102239603685113,60.00148675993022,False,False,normal
0,0,SMT_019689,11,residential,0.533379575946495,0.9945985603244629,59.986681051904355,True,False,normal
0,0,SMT_009712,5,residential,1.133117994906813,0.9898374269869269,60.01011981761485,False,False,normal
0,0,SMT_018305,10,residential,0.9943620733282922,0.9969860984495815,59.98946676833998,False,False,normal
0,0,SMT_005812,4,industrial,19.866094837064793,1.006559576450798,60.003975442990175,False,False,normal
0,0,SMT_000740,2,residential,0.8832722423497762,1.0055937563044652,59.99899227403294,False,False,normal
0,0,SMT_016483,9,residential,0.6524721910332149,0.9975071479894162,59.998037467678316,False,False,normal
0,0,SMT_002521,2,residential,0.8730563437102199,0.9837388613676041,60.01090186033151,True,False,normal
0,0,SMT_020453,11,residential,0.9306809422402653,0.9973174432475347,59.98617189203507,False,False,normal
0,0,SMT_007196,4,residential,0.47303179691666103,0.9849873965035885,59.9960134253851,False,False,normal
0,0,SMT_007348,4,commercial,3.8848232451568445,1.0210488876257704,59.99682805641104,False,False,normal
0,0,SMT_016177,9,residential,0.47381550125693933,1.0162479950293422,60.01391006725606,False,False,normal
0,0,SMT_005066,3,residential,1.0413722935445924,0.990699838682484,60.02925530106353,False,False,normal
0,0,SMT_006606,4,residential,0.8206409771863046,1.007166310546878,60.00619759216367,False,False,normal
0,0,SMT_011729,6,residential,0.591115031504321,0.993462990190878,60.01303308793616,False,False,normal
0,0,SMT_014913,8,residential,0.9028509182191864,1.0064602731833903,59.99255354684826,False,False,normal
0,0,SMT_004391,3,residential,0.7073784464348207,0.9969894476823775,60.00551490837746,False,False,normal
0,0,SMT_012057,6,commercial,1.8310961373540167,1.0002186943631357,59.986533087973164,False,False,normal
0,0,SMT_019042,10,residential,0.857168856878619,0.998206794141038,59.97425274283387,True,False,normal
0,0,SMT_012912,7,residential,0.6568873563921143,1.0128126805103133,60.01856701139833,False,False,normal
0,0,SMT_008501,5,residential,0.949616655001393,1.0102987373772487,60.01201659982605,False,False,normal
0,0,SMT_009724,5,commercial,1.3155981101301666,0.9747973538850545,59.994071741971446,False,False,normal
0,0,SMT_000669,2,residential,0.47962032314868075,1.0023415654729022,59.99602051916494,True,False,normal
0,0,SMT_017238,10,residential,0.8376586673329899,0.9914674123167448,60.01896263753931,False,False,normal
0,0,SMT_014005,8,residential,0.7078456176187937,1.0108622440399297,60.030360610928554,False,False,normal
0,0,SMT_003870,3,industrial,16.417614925075057,0.9983338974463605,59.991135701976745,False,False,normal
0,0,SMT_010759,6,residential,1.0071671131899043,0.9900557649154175,60.01677479097491,False,False,normal
0,0,SMT_016739,9,residential,0.792777662467929,1.0255534771757389,60.01983007513704,False,False,normal
0,0,SMT_007227,4,residential,0.7095603032533672,0.9940111237975232,59.99806275074698,False,False,normal
0,0,SMT_022305,13,industrial,15.38563705016598,0.9984595225570156,60.01868174315854,False,False,normal
0,0,SMT_012591,6,residential,0.37897459659455196,1.0053857154535948,59.970072005788865,False,False,normal
0,0,SMT_001788,2,residential,1.0225332690455917,1.0059903090730788,59.9981064980288,False,False,normal
0,0,SMT_022011,12,residential,0.8421981396487784,0.9938355611273282,60.00672123223548,False,False,normal
0,0,SMT_003574,3,residential,0.534074688259328,1.0101596256285814,59.9955116228663,True,False,normal
0,0,SMT_002858,3,industrial,14.128765860359232,1.0182445805089795,60.023428944122514,False,False,normal
0,0,SMT_022928,13,industrial,19.80681445673849,0.9935906390947531,59.998214933412555,False,False,normal
0,0,SMT_010070,5,residential,0.8629977878837769,1.0026723752826854,59.9959353767698,False,False,normal
0,0,SMT_005986,4,commercial,1.9158573740582558,0.9881577097837676,59.99748635127519,False,False,normal
0,0,SMT_008633,5,commercial,2.250666065931701,1.0021464633253827,59.99178551994505,False,False,normal
0,0,SMT_011869,6,residential,0.7780765661874589,0.9909817429388672,59.99101170789582,False,False,normal
0,0,SMT_000885,2,residential,0.7450149982560307,0.9917227427705625,59.99817603128964,False,False,normal
0,0,SMT_020157,11,residential,0.8842846800097314,1.0104261682997315,59.98778531512187,False,False,normal
0,0,SMT_005272,4,residential,0.9144525388834195,0.9986250048748712,59.9997469946519,False,False,normal
0,0,SMT_009626,5,residential,0.8295613067896433,0.9942813750199114,60.00927806814855,False,False,normal
0,0,SMT_000936,2,industrial,25.31777256618875,1.0006101582417655,60.002435544538585,False,False,normal
0,0,SMT_003463,3,residential,1.0861840140905952,0.999932886492739,59.991855340163575,False,False,normal
0,0,SMT_000231,1,commercial,3.687203194775321,0.9988181723046892,59.98718698534053,False,False,normal
0,0,SMT_013529,7,commercial,3.710609454141925,0.9946699295303412,60.010002971609524,False,False,normal
0,0,SMT_005036,3,commercial,1.451882566505147,1.0002365423107333,59.994894862296974,False,False,normal
0,0,SMT_014400,8,commercial,0.9886244110295738,0.9822245063490714,60.01388108340338,False,False,normal
0,0,SMT_002350,2,residential,0.9522442850117232,0.9915330994514507,60.00182855349369,False,False,normal
0,0,SMT_006457,4,commercial,1.1044060604841675,0.9992999855805028,59.99607386630974,False,False,normal
0,0,SMT_002224,2,residential,0.6239945533897598,0.9928028909425739,59.99694784669743,False,False,normal
0,0,SMT_018549,10,industrial,12.294079855632727,1.0101793529961065,60.00664872599643,False,False,normal
0,0,SMT_020051,11,commercial,1.7186516581856681,1.0118065435819243,59.98968352539623,False,False,normal
0,0,SMT_014771,8,residential,0.5592281548722652,1.0047568523610844,60.00148214666778,False,False,normal
0,0,SMT_017949,10,residential,0.7542495391435513,1.0024736520065758,59.99769302146797,False,False,normal
0,0,SMT_003514,3,residential,0.9347996641091726,0.9792492451608511,60.003954766147615,False,False,normal
0,0,SMT_018532,10,commercial,2.7190158491120107,1.0084629019394198,59.98505235754545,False,False,normal
0,0,SMT_006243,4,residential,0.4319601156749759,0.9959369159267014,60.00819010413691,False,False,normal
0,0,SMT_018965,10,residential,0.9299410922425024,1.0063923988177996,60.008344641457946,False,False,normal
0,0,SMT_012486,6,industrial,11.991535525163107,0.9884593366041836,60.00176891315259,False,False,normal
0,0,SMT_019324,10,commercial,1.442025037505008,1.0040106344490873,60.003391715098736,False,False,normal
0,0,SMT_004463,3,industrial,7.527427910713678,1.0040831792721634,60.019495779773344,False,False,normal
0,0,SMT_001171,2,residential,0.5554486613466368,1.0089808438629368,60.007111106911395,False,False,normal
0,0,SMT_002612,2,industrial,28.807904882851815,1.002363232738381,59.99307553778077,False,False,normal
0,0,SMT_019459,10,residential,0.764309399028601,1.002456722600486,60.011425703006175,False,False,normal
0,0,SMT_010202,5,commercial,2.4854144096815642,0.9956644305134141,60.00918387370435,False,False,normal
0,0,SMT_003064,3,residential,1.0123072787840521,0.9815633350755142,59.99388343478134,False,False,normal
0,0,SMT_022534,13,residential,1.0801397474903511,0.9960015724684704,60.0068126716407,False,False,normal
0,0,SMT_006036,4,commercial,3.4136944353010614,1.0003006204922082,59.9909306501004,False,False,normal
0,0,SMT_002716,3,commercial,1.898279820251118,1.005992236763871,60.001857835323456,False,False,normal
0,0,SMT_009347,5,commercial,3.699642701018879,1.008461123309731,59.982558037299945,False,False,normal
0,0,SMT_014065,8,industrial,22.19444236826739,0.9833938881396544,60.006295314233945,False,False,normal
0,0,SMT_016957,10,commercial,3.0561324882017615,1.0121765879544544,59.995285921262195,False,False,normal
0,0,SMT_005835,4,residential,0.562316294437223,0.9821781504413586,60.00399225055185,False,False,normal
0,0,SMT_001941,2,commercial,1.8953583804902818,0.9928082666175954,59.998173754008235,False,False,normal
0,0,SMT_019140,10,residential,0.47568439758089526,0.9850024941887865,60.00292606311421,False,False,normal
0,0,SMT_002486,2,commercial,2.941029970819869,1.010620766587667,60.004762600410196,False,False,normal
0,0,SMT_010159,5,commercial,2.0955862163017764,0.9889378055631076,59.99784945626745,False,False,normal
0,0,SMT_020737,11,industrial,26.585051529903918,0.9827294657866549,60.01518162773014,False,False,normal
0,0,SMT_004686,3,residential,0.6645448411002423,0.9962086415313949,59.98466764658994,False,False,normal
0,0,SMT_011493,6,residential,0.5036996046798347,0.9878825157187034,59.99724957029658,False,False,normal
0,0,SMT_005947,4,residential,0.8360037291175295,0.990463639042189,60.00103706861619,False,False,normal
0,0,SMT_000852,2,residential,0.517794527908356,1.0140927873224432,60.00583130218845,False,False,normal
0,0,SMT_014580,8,residential,0.5054198277226114,1.015421577315476,60.00216152027305,False,False,normal
0,0,SMT_008418,5,residential,0.78184135451701,0.9887796257176171,59.99524689855663,False,False,normal
0,0,SMT_021117,12,residential,0.4829940534952331,1.0045775351609034,59.99328724074936,True,False,normal
0,0,SMT_008579,5,residential,0.6861638639413027,0.9866447818520513,59.99541784130399,False,False,normal
0,0,SMT_020903,12,residential,0.635037163982009,0.9937656066036208,59.99112888351044,False,False,normal
0,0,SMT_012242,6,residential,0.7671349848651947,0.9910782970152107,60.014340838356375,False,False,normal
0,0,SMT_014892,8,residential,0.3964708197466694,1.0012023266523848,59.996920263913886,False,False,normal
0,0,SMT_013703,7,residential,0.5081665080018231,0.9972291872370599,59.99160869112374,False,False,normal
0,0,SMT_000760,2,industrial,26.94471315684053,0.9950117652613231,59.99800344437031,False,False,normal
0,0,SMT_021766,12,industrial,12.881347419620937,0.9972089984072267,59.986818150728666,False,False,normal
0,0,SMT_014274,8,residential,0.8599816822907972,0.9902674355465632,59.995073010093165,True,False,normal
0,0,SMT_011749,6,residential,1.1492934952075915,1.0120246026913677,60.01595431135824,False,False,normal
0,0,SMT_016475,9,residential,0.8086080947226917,0.9956889442887722,60.019214158408495,False,False,normal
0,0,SMT_021869,12,residential,0.4986787367722891,1.0038903493029983,59.99343091582382,False,False,normal
0,0,SMT_000075,1,residential,0.6355014801243969,1.004440182552273,60.000071708221476,False,False,normal
0,0,SMT_005929,4,residential,1.0313749152030658,1.0061959197054386,60.002891133397284,False,False,normal
0,0,SMT_008154,4,residential,0.8363018800715495,0.9976703762576964,59.992864523672324,False,False,normal
0,0,SMT_003705,3,residential,0.895503597572782,0.9964645077701326,60.019369624975205,False,False,normal
0,0,SMT_010701,6,commercial,2.045203502115202,1.0061515220099309,60.00244119927571,False,False,normal
0,0,SMT_012649,6,commercial,2.422264108502223,1.003691605137321,59.986825642198866,False,False,normal
0,0,SMT_006190,4,commercial,1.9415007783598717,1.0009869235827507,60.000437464218734,False,False,normal
0,0,SMT_005111,3,residential,0.7102726093263578,0.9890414248671408,60.002357123966235,False,False,normal
0,0,SMT_011162,6,commercial,2.973061544979408,0.9881790959272335,59.993427394668686,False,False,normal
0,0,SMT_014390,8,commercial,2.759549303480361,1.0053471594117556,59.9927050916093,False,False,normal
0,0,SMT_002929,3,residential,1.0825982356718775,1.0000922858643604,60.00329897500975,False,False,normal
0,0,SMT_013112,7,residential,1.0248647099406598,1.0070443610897863,60.00177927265393,False,False,normal
0,0,SMT_005648,4,residential,0.502163469739802,1.0036934866484437,59.98545355478583,False,False,normal
0,0,SMT_019985,11,commercial,2.86578473941681,0.9982096943009724,59.99845739366028,False,False,normal
0,0,SMT_018654,10,industrial,28.542627725555196,0.9964305680210297,60.00416602014122,False,False,normal
0,0,SMT_005659,4,residential,0.468588217171803,1.0122944322653304,60.00750419770818,False,False,normal
0,0,SMT_001443,2,residential,0.6433069410728535,0.9982291665040423,59.9997535827452,False,False,normal
0,0,SMT_011330,6,commercial,1.7508683499541202,1.0118838154033878,60.00962422607564,False,False,normal
0,0,SMT_010856,6,residential,0.6039529975665318,1.005625098685267,59.99917361528132,False,False,normal
0,0,SMT_013334,7,residential,1.015681432091252,0.9921359122055841,59.99103447380732,True,False,normal
0,0,SMT_021458,12,commercial,2.0636305705081095,0.9756283454102433,59.98792682462071,False,False,normal
0,0,SMT_022238,13,commercial,1.889207892832779,0.9982477734808648,59.979803587773716,False,False,normal
0,0,SMT_018686,10,residential,1.1061870879502134,1.006891608669489,59.99161426378784,False,False,normal
0,0,SMT_020780,11,residential,0.42684345977384713,0.996384766368563,60.00442461547379,False,False,normal
0,0,SMT_005804,4,residential,1.0043941659558366,0.9837239928425808,60.00489119587301,False,False,normal
0,0,SMT_013338,7,industrial,16.20484122485205,1.0060514714799667,60.0131611278971,False,False,normal
0,0,SMT_012478,6,industrial,23.332140458465123,1.0031441595598538,59.99106430372019,False,False,normal
0,0,SMT_017430,10,residential,0.49940666350620133,1.0019350987419433,59.99998566390206,False,False,normal
0,0,SMT_013021,7,residential,1.1209791011696657,0.9997104923638761,60.02094991501173,False,False,normal
0,0,SMT_007604,4,residential,0.5357288270517477,0.9867186263107648,59.975838488463225,False,False,normal
0,0,SMT_009308,5,residential,0.5783761971569396,1.0122533062148198,59.99351131510944,False,False,normal
0,0,SMT_012128,6,residential,1.1086300391495796,1.0049919165947112,59.996079585506514,False,False,normal
0,0,SMT_021866,12,commercial,3.315035476527089,0.9868634238024934,59.9921131100466,False,False,normal
0,0,SMT_000248,1,residential,1.1653824708610565,1.0029425014121025,59.999971296957334,False,False,normal
0,0,SMT_020412,11,industrial,8.285971811722693,1.0054331660010476,59.99665422349013,False,False,normal
0,0,SMT_022381,13,industrial,14.473651479758987,0.9850841949166778,59.998762765765434,False,False,normal
0,0,SMT_012851,7,residential,0.6926951066310977,1.0017494791675445,59.998019384964884,True,False,normal
0,0,SMT_008453,5,industrial,24.25397805632962,0.9903830409124047,60.00355286614067,False,False,normal
0,0,SMT_023174,14,residential,0.6910246658682452,0.9925240402631365,60.01282223491727,False,False,normal
0,0,SMT_000632,2,residential,0.7044444907295607,0.9762767197995683,59.99839013954871,False,False,normal
0,0,SMT_021795,12,residential,0.986963387042696,1.0002384160580744,59.99394445287967,False,False,normal
0,0,SMT_016518,9,commercial,1.8038805622083038,1.0008205907594911,59.99583250298881,False,False,normal
0,0,SMT_002676,3,residential,0.5443330037833076,1.009455882529855,60.011663937143375,False,False,normal
0,0,SMT_005800,4,residential,0.5627526746854502,0.9882964606994071,60.01999979638449,False,False,normal
0,0,SMT_000719,2,residential,0.7955750692817256,1.0205889787924671,60.003925507887935,False,False,normal
0,0,SMT_014429,8,residential,0.809708042973311,0.9990991950093114,59.984370262127996,False,False,normal
0,0,SMT_019450,10,commercial,2.1234192360556903,1.0064081011691137,60.01433325164149,False,False,normal
0,0,SMT_006071,4,commercial,4.180411730802221,1.0072515731953149,59.996787246189164,False,False,normal
0,0,SMT_008935,5,commercial,3.4676396119808475,0.9918443263317899,59.99539917318221,False,False,normal
0,0,SMT_014194,8,residential,0.6026535197767168,0.995641294974534,59.99469555806329,False,False,normal
0,0,SMT_000562,2,commercial,2.585204087089985,0.9971596139625485,60.01174687068831,False,False,normal
0,0,SMT_007477,4,residential,1.0419808038127027,0.9988682872938639,59.979623091134094,False,False,normal
0,0,SMT_005371,4,commercial,1.1981795521165282,0.9982638296964828,60.002954692708805,False,False,normal
0,0,SMT_014846,8,residential,0.4478035839318578,0.9940662101307618,60.002257637539564,False,False,normal
0,0,SMT_014430,8,residential,0.8527779672858492,1.0070604930488196,59.99824205381074,False,False,normal
0,0,SMT_018519,10,commercial,1.991947800506566,1.0128652898917652,59.9999262381037,False,False,normal
0,0,SMT_007965,4,commercial,3.077693203742644,0.9960320424794074,60.00135955402591,False,False,normal
0,0,SMT_003339,3,residential,0.7191147669451808,1.0083026328964964,60.00443659043722,False,False,normal
0,0,SMT_001648,2,residential,0.7466496926782743,0.984409454350677,59.99844356854776,False,False,normal
0,0,SMT_019817,11,residential,0.8772507145500099,0.9986463248768264,59.989911420561725,False,False,normal
0,0,SMT_022111,12,industrial,7.194225265606117,1.0198811533666339,60.034986211764895,False,False,normal
0,0,SMT_015571,9,residential,0.7826517297384021,1.0028842423491318,60.003732776657635,False,False,normal
0,0,SMT_012862,7,commercial,1.6250864205901039,0.9988524581565629,60.00605583520104,False,False,normal
0,0,SMT_000815,2,industrial,10.668224157761381,1.0002748214547699,60.01075162142915,False,False,normal
0,0,SMT_001132,2,residential,0.6457818258029554,0.9952796238736524,60.01114924672568,False,False,normal
0,0,SMT_002034,2,residential,0.7271802483981253,1.0007976992124896,60.00670280428459,False,False,normal
0,0,SMT_019710,11,residential,1.0723946076109607,1.0021640568070416,59.99335096957201,False,False,normal
0,0,SMT_009250,5,industrial,24.476490638295648,1.0060398858217154,60.01722851144729,False,False,normal
0,0,SMT_016253,9,residential,0.45102101184217386,0.9946199229572672,59.993933135767875,False,False,normal
0,0,SMT_000583,2,residential,0.8576699104291543,0.9984011730771084,59.984943010948214,False,False,normal
0,0,SMT_010358,6,industrial,12.310926299061416,1.0106591028594234,59.991796601169234,False,False,normal
0,0,SMT_021861,12,residential,0.7183240217196031,0.990664354365753,59.99062445389968,False,False,normal
0,0,SMT_012263,6,residential,0.5746045890620007,0.9924389405180425,60.005958729058726,False,False,normal
0,0,SMT_005867,4,residential,0.7340861004079923,0.9952921364432733,60.00217090334479,False,False,normal
0,0,SMT_014737,8,residential,1.0175469529133996,0.9913688524791493,60.00438389628561,False,False,normal
0,0,SMT_019001,10,residential,0.7093221344048896,1.013413053251191,60.021928307345014,False,False,normal
0,0,SMT_013849,7,residential,1.0797947385709503,0.9985903085427401,60.01192975112022,False,False,normal
0,0,SMT_012601,6,residential,1.223296407128818,0.9958337608062485,59.99310680125634,True,False,normal
0,0,SMT_008559,5,industrial,8.664977737066353,1.0040494931552244,60.009546452408664,False,False,normal
0,0,SMT_006741,4,residential,1.1278388480514105,1.0042066639430474,59.997813192826264,False,False,normal
0,0,SMT_020583,11,residential,0.7803849111594127,0.9973746520077155,59.9952556963263,False,False,normal
0,0,SMT_015319,9,residential,0.4250788855449532,1.0124356725009986,60.00628445072079,False,False,normal
0,0,SMT_022156,12,industrial,14.384211663533618,1.0004413867046893,59.99360275829263,False,False,normal
0,0,SMT_002739,3,residential,0.9070716781444145,0.9894519580026025,59.99303893295658,False,False,normal
0,0,SMT_003131,3,residential,0.43618776836521245,0.996392045573322,59.9912039277941,True,False,normal
0,0,SMT_016154,9,residential,0.5085988273182674,0.9966066463529212,59.98975713231543,False,False,normal
0,0,SMT_002291,2,industrial,25.35674659821706,0.9963785252692632,59.99000295930413,False,False,normal
0,0,SMT_008289,4,commercial,1.881886255561211,0.9965967642780608,59.98424930598701,False,False,normal
0,0,SMT_005667,4,commercial,1.302639295741931,1.0042468287979405,60.00201382232783,False,False,normal
0,0,SMT_007984,4,residential,1.0689712213421916,0.9968978246292973,59.984874256263794,False,False,normal
0,0,SMT_015214,9,industrial,29.52276548750456,1.000100457830479,59.99729575508769,False,False,normal
0,0,SMT_021708,12,commercial,3.1160896521100936,1.0141655729199501,60.00126337992152,False,False,normal
0,0,SMT_023597,14,residential,1.098523226826027,0.9867223827422464,60.0165375531448,False,False,normal
0,0,SMT_022701,13,commercial,1.9841190506664006,1.0018167943625473,59.99969951351523,False,False,normal
0,0,SMT_002450,2,industrial,30.298657119672537,0.9856680948579924,60.01028373840737,False,False,normal
0,0,SMT_004604,3,industrial,28.04446864037915,1.0000080407832328,60.00506594010642,False,False,normal
0,0,SMT_014037,8,residential,0.9138524094722771,0.9970183100773802,59.97478199105166,True,False,normal
0,0,SMT_017363,10,residential,0.9665164218054043,1.0079007469175387,59.9801902449206,False,False,normal
0,0,SMT_001313,2,commercial,3.6155245678374586,0.9905663614819554,59.99892373233283,False,False,normal
0,0,SMT_021326,12,residential,0.7096400374784655,1.0100077409867856,60.003310300231206,False,False,normal
0,0,SMT_005621,4,commercial,3.311663606676108,0.9956364153122655,59.986977340493866,False,False,normal
0,0,SMT_002438,2,commercial,3.652195673513735,1.0073379660875055,60.002869783935836,False,False,normal
0,0,SMT_013839,7,residential,0.7051296338892171,0.9891947452228854,59.981812367582755,False,False,normal
0,0,SMT_000865,2,commercial,1.039238111868223,0.9988387142254258,60.02015947721298,False,False,normal
0,0,SMT_018787,10,residential,1.106209626356434,1.0040798745318367,60.00657540915783,False,False,normal
0,0,SMT_005000,3,commercial,1.1383457261121321,0.9968073126267605,60.00777866617145,False,False,normal
0,0,SMT_016123,9,commercial,1.2823186058751928,0.9860894360582834,60.006345589271845,False,False,normal
0,0,SMT_010473,6,residential,0.914017084567211,0.9945323011024915,60.015734086857556,False,False,normal
0,0,SMT_004420,3,residential,0.4748642762566713,1.005366436940593,59.99143102733592,False,False,normal
0,0,SMT_014926,8,residential,0.7362895289946881,1.0082237709081077,60.00832361873812,False,False,normal
0,0,SMT_005690,4,residential,0.6290172638002596,0.9865124366134044,60.01213667029594,False,False,normal
0,0,SMT_012254,6,residential,1.0035425544890462,1.005676160143701,59.99027578815008,False,False,normal
0,0,SMT_020926,12,residential,1.031298169960687,1.0016674992812977,60.004867355967754,False,False,normal
0,0,SMT_021492,12,residential,0.9649050039345229,0.9978942980882709,59.994739465804436,False,False,normal
0,0,SMT_006294,4,residential,0.8343151923758081,0.9971748065178699,60.00026710881197,False,False,normal
0,0,SMT_020763,11,industrial,23.10801087035466,1.0148246132533745,60.00031378656263,False,False,normal
0,0,SMT_016705,9,industrial,19.92896439948501,1.006757117649892,60.00016081417136,False,False,normal
0,0,SMT_009808,5,commercial,1.5597645168057837,0.9894242095736855,60.00072009822374,False,False,normal
0,0,SMT_017837,10,commercial,2.0247030828013157,1.0040462115338167,60.00350091423057,False,False,normal
0,0,SMT_011913,6,residential,0.8146067829830355,1.0076783245156289,60.0079529398354,False,False,normal
0,0,SMT_016676,9,residential,1.0793842660831208,1.0155726811732473,59.99785010706112,False,False,normal
0,0,SMT_020075,11,industrial,31.492440520534444,0.9942856614252293,59.98856274693426,False,False,normal
0,0,SMT_018150,10,residential,0.41144791357997607,0.9838341716645111,59.98760527520814,False,False,normal
0,0,SMT_017000,10,commercial,2.5116338125613606,1.0041309130753697,60.009526494000156,False,False,normal
0,0,SMT_008494,5,commercial,1.5207359978079225,1.0128730859455017,59.9978272156826,False,False,normal
0,0,SMT_020265,11,industrial,21.36049442833238,0.9889968044510538,60.00561784374241,False,False,normal
0,0,SMT_000516,2,residential,0.8573101652831189,1.0198383933166406,59.999417541804114,False,False,normal
0,0,SMT_014984,8,residential,0.8899132139057702,1.0001797329765985,59.99932430220962,False,False,normal
0,0,SMT_013063,7,residential,0.6395023333234189,0.9891957605691694,60.00120357135006,False,False,normal
0,0,SMT_023140,14,residential,0.958288961973632,0.9945538898169649,59.99672422996231,False,False,normal
0,0,SMT_016567,9,commercial,2.5453797595395082,1.0022888281232913,60.005649269756226,False,False,normal
0,0,SMT_001203,2,commercial,1.9569559496640871,0.9971621651833801,59.999315047795314,False,False,normal
0,0,SMT_000912,2,residential,0.6400356271919456,0.9860264780981355,59.9896714829124,True,False,normal
0,0,SMT_014554,8,residential,0.39965693540459424,0.9913017479964962,60.00889793975514,True,False,normal
0,0,SMT_012793,6,residential,0.4861534209297045,0.9909454072525471,60.00936969136858,False,False,normal
0,0,SMT_021000,12,residential,1.1982776152187136,0.9881433001129987,60.0020042318716,False,False,normal
0,0,SMT_020653,11,residential,0.693474668487111,0.990799425167126,59.99943090095041,False,False,normal
0,0,SMT_015203,9,commercial,1.385806885161737,0.9998699299599193,59.99673854251094,False,False,normal
0,0,SMT_009387,5,residential,0.6445861974861361,0.9838549797432123,59.98718785800013,False,False,normal
0,0,SMT_019766,11,residential,0.5499190031172221,1.008287955220873,60.011951455317416,False,False,normal
0,0,SMT_010344,6,industrial,10.906712862317576,1.0124722534882966,59.98933284319675,False,False,normal
0,0,SMT_010092,5,residential,0.9932480779784848,0.9979276074709523,59.97704472492292,True,False,normal
0,0,SMT_011233,6,residential,0.49069615828267404,0.9957964325590077,60.0023951822223,True,False,normal
0,0,SMT_017971,10,residential,0.8484860777967559,1.0087507365145245,60.000562355388574,False,False,normal
0,0,SMT_023671,14,residential,1.0602782910775064,1.0059762207664364,59.9829639230264,False,False,normal
0,0,SMT_005914,4,commercial,1.5159128662898942,1.0004044953955251,60.01509355286123,False,False,normal
0,0,SMT_017751,10,commercial,1.7413911612742163,1.0040752849164838,60.00428710950077,False,False,normal
0,0,SMT_014126,8,residential,0.47118123379277504,1.0145067865965118,60.01336764642672,False,False,normal
0,0,SMT_020515,11,residential,0.5637218813796206,1.0057684004531071,60.009311889576075,False,False,normal
0,0,SMT_001867,2,commercial,1.0407106101600236,0.977169702419181,59.99401110418529,False,False,normal
0,0,SMT_001050,2,residential,0.6215403489220678,1.007767299031364,59.99127419350251,False,False,normal
0,0,SMT_003533,3,residential,1.0885034332127468,0.9976106370007276,59.993976023473074,False,False,normal
0,0,SMT_014364,8,commercial,2.51268203411253,0.9997052572808793,59.99374718432551,False,False,normal
0,0,SMT_008631,5,residential,1.171681359131658,1.0003341632026654,60.02273730512757,True,False,normal
0,0,SMT_008552,5,residential,0.9690085836069059,0.9873107997936273,60.01048645946202,False,False,normal
0,0,SMT_018541,10,residential,1.151011538628078,1.0066902219783667,60.003056394656575,False,False,normal
0,0,SMT_004829,3,commercial,3.727021191884795,0.9853588269310364,60.01637906913825,False,False,normal
0,0,SMT_005571,4,residential,1.0839350801850287,1.0093768404771788,59.98288801813866,False,False,normal
0,0,SMT_006728,4,residential,0.9034214233222414,0.9959463014030893,60.00650853443773,False,False,normal
0,0,SMT_015847,9,residential,0.8414141323036566,1.00902812639417,60.00054353210913,False,False,normal
0,0,SMT_020814,11,commercial,3.244289481558145,1.0029897137993355,59.9873433626922,False,False,normal
0,0,SMT_000775,2,industrial,27.072643919102127,0.9889786386254051,59.99723952584052,False,False,normal
0,0,SMT_000410,1,residential,0.7228987772276192,1.0013293714620708,60.023676173172966,False,False,normal
0,0,SMT_017415,10,residential,0.8537979170153184,1.0123953475119565,60.009230420009715,False,False,normal
0,0,SMT_015636,9,residential,0.8081391661785563,0.9937034253345691,60.002143609699445,True,False,normal
0,0,SMT_019154,10,residential,0.43171261164114116,1.0062172752335075,59.98946914181111,True,False,normal
0,0,SMT_017923,10,commercial,2.4406810186370627,0.9953679509253209,60.00905714539801,False,False,normal
0,0,SMT_018128,10,residential,0.4759104944131745,0.9990482962271025,59.998320832309375,True,False,normal
0,0,SMT_015045,8,industrial,16.275203609829276,0.9913169229225095,60.007213834532365,False,False,normal
0,0,SMT_004050,3,residential,0.9013062191758399,1.0144938534629038,59.99995041546018,True,False,normal
0,0,SMT_020936,12,residential,0.4329791414310995,0.9941131278353335,60.00161770482895,True,False,normal
0,0,SMT_005882,4,commercial,1.1996996334693992,1.0137271863135504,59.99439589838178,False,False,normal
0,0,SMT_012022,6,residential,0.8163474783209071,1.0011095413689917,59.996569184834,False,False,normal
0,0,SMT_015226,9,residential,1.0182924815336882,1.0000682446304865,60.00120017494839,False,False,normal
0,0,SMT_000302,1,residential,0.5471846428879358,1.0122488754825598,60.00246317706244,False,False,normal
0,0,SMT_017738,10,residential,1.1921098771390644,0.9950809612968623,60.00315711558485,False,False,normal
0,0,SMT_013724,7,commercial,2.383941809610302,0.9976392251713612,59.99832100229963,False,False,normal
0,0,SMT_001923,2,residential,1.1125352120636431,0.9927163158588599,60.00515665832417,False,False,normal
0,0,SMT_006449,4,residential,0.7568727357923903,1.0061530115643398,59.993870513349634,False,False,normal
0,0,SMT_016466,9,industrial,20.562871807784926,1.0134280855074644,59.99999008449762,False,False,normal
0,0,SMT_009941,5,commercial,3.8750601342289417,1.0096204986330364,60.00294193740117,False,False,normal
0,0,SMT_017314,10,commercial,1.9636932441056045,0.9904795017424148,60.009546586343966,False,False,normal
0,0,SMT_019692,11,residential,0.879116230367401,1.001361118476627,60.00374461052414,False,False,normal
0,0,SMT_016106,9,commercial,3.924163335492516,1.0044329671577128,60.0013252008389,False,False,normal
0,0,SMT_005246,3,commercial,2.5139247787718,1.0099125375245872,59.99464022822397,False,False,normal
0,0,SMT_021268,12,commercial,2.0047582921830385,0.9962733197172952,59.995455043631196,False,False,normal
0,0,SMT_003003,3,industrial,10.147229696390431,0.9996523132190452,60.022677299395895,False,False,normal
0,0,SMT_019107,10,residential,1.022966131713617,0.999829103113864,60.00005851416016,False,False,normal
0,0,SMT_001666,2,residential,0.713339672649715,1.0093291822042976,59.998960682604356,False,False,normal
0,0,SMT_016164,9,industrial,7.849285586449943,1.0021784616558809,59.98046283657794,False,False,normal
0,0,SMT_006594,4,residential,0.575090466498897,1.0049930705093246,59.99889151234631,False,False,normal
0,0,SMT_022220,13,industrial,24.57664993742815,1.0090503610926127,60.00452724711692,False,False,normal
0,0,SMT_018625,10,residential,0.9812248329576271,0.998543386356182,60.00776054371858,True,False,normal
0,0,SMT_019558,10,residential,1.0349910562759335,0.9935593246017858,60.00473120441556,False,False,normal
0,0,SMT_012179,6,residential,0.8817469074312783,0.9976473738199649,60.009529405470516,True,False,normal
0,0,SMT_002950,3,residential,0.8255934267282735,0.9926016575352391,59.98937238461275,False,False,normal
0,0,SMT_019938,11,commercial,1.8331141497662418,1.0171946980599247,59.97861828511856,False,False,normal
0,0,SMT_019581,10,commercial,2.4487003491155432,0.9891026289555686,60.0324431780874,False,False,normal
0,0,SMT_001734,2,residential,0.5306852329477681,1.011775267362222,60.00593902849995,False,False,normal
0,0,SMT_021275,12,industrial,14.39991271303827,1.0109684023556582,60.016478289723594,False,False,normal
0,0,SMT_012525,6,residential,1.085789475803887,0.9972421592791473,59.981174364249384,False,False,normal
0,0,SMT_014677,8,residential,0.9706580413833393,1.0009230623740373,59.99306189866586,False,False,normal
0,0,SMT_014329,8,commercial,3.249866012745354,1.0099499742819527,60.01452874280257,False,False,normal
0,0,SMT_014665,8,residential,1.1107063910515236,0.9880062122756624,60.018569897213695,False,False,normal
0,0,SMT_000580,2,residential,0.44024210864416136,1.0120864792969577,60.01329586280985,False,False,normal
0,0,SMT_013365,7,residential,0.7262828797688322,1.0010730081656025,59.99863355917275,False,False,normal
0,0,SMT_018600,10,residential,0.4447188635430756,1.009256961676661,59.97286069058191,False,False,normal
0,0,SMT_014336,8,residential,1.2242337463095525,1.003753416460514,60.000704395225874,True,False,normal
0,0,SMT_007251,4,residential,0.6766483993784689,0.9835606465736809,59.9981366024037,False,False,normal
0,0,SMT_009349,5,residential,0.770382265621526,1.000066545051581,60.00412668369132,False,False,normal
0,0,SMT_019849,11,residential,0.7307920371501222,0.9850749412383645,59.996538219483995,True,False,normal
0,0,SMT_018470,10,residential,0.42786164884027045,0.9906076869037508,59.99596398271289,False,False,normal
0,0,SMT_000216,1,residential,0.9307704781428938,0.9898183700841561,60.0024823348723,False,False,normal
0,0,SMT_021822,12,residential,1.0372034200055014,1.0122365515514442,60.00002615282711,True,False,normal
0,0,SMT_023673,14,residential,0.8755630168265549,1.008606857670963,59.99976351592852,False,False,normal
0,0,SMT_005241,3,commercial,1.5849061743616701,1.0123690545673387,59.98076926743986,False,False,normal
0,0,SMT_013300,7,commercial,1.7606902962017257,0.983194071355789,60.00452479122476,False,False,normal
0,0,SMT_003160,3,residential,0.5797328598051298,1.0117753535939698,59.996845422953015,False,False,normal
0,0,SMT_002282,2,commercial,1.9894667749891621,1.0012996414791902,60.016116137964325,False,False,normal
0,0,SMT_013353,7,residential,1.2078597115726892,1.0074647662344687,60.0009501195883,False,False,normal
0,0,SMT_001363,2,commercial,3.2454835371887345,0.9894520772381813,59.99222291946461,False,False,normal
0,0,SMT_018877,10,commercial,3.413084696199044,1.0110515342399125,60.005188024581166,False,False,normal
0,0,SMT_019185,10,residential,1.1468549053184431,0.9903522764934077,59.994700587628856,False,False,normal
0,0,SMT_005518,4,residential,0.9351357932947942,1.0115618876096713,60.00305637719197,True,False,normal
0,0,SMT_001882,2,industrial,9.466936800015723,0.9949272664933887,59.993723315751986,False,False,normal
0,0,SMT_016311,9,residential,0.5549963550884048,0.9899594847702151,60.00122628251774,False,False,normal
0,0,SMT_012873,7,residential,0.5910763487064707,0.9906566794006302,60.00752496169941,False,False,normal
0,0,SMT_018466,10,residential,0.974461260632108,0.9956354341672662,60.01359763839096,True,False,normal
0,0,SMT_016612,9,residential,0.46793138617065,0.9867666959366779,59.992364836589616,False,False,normal
0,0,SMT_006546,4,residential,1.1939090789161868,0.9931607827420189,60.00358064366538,False,False,normal
0,0,SMT_021686,12,residential,0.8947518651722786,1.016284106044854,59.994487671065535,False,False,normal
0,0,SMT_001675,2,residential,0.4593988311344663,0.9882887106734732,59.98786397076377,True,False,normal
0,0,SMT_023175,14,residential,0.6540346975267642,1.0061907195316049,59.990856162397506,False,False,normal
0,0,SMT_001707,2,residential,0.7536608036728246,0.9990270724243369,60.00050491922971,False,False,normal
0,0,SMT_022580,13,residential,0.9348628342256934,0.977222411638847,60.01176594890816,True,False,normal
0,0,SMT_022682,13,residential,0.7723230360577832,1.00455922844983,60.00294596097519,False,False,normal
0,0,SMT_002536,2,industrial,6.142789486488848,1.002116014582563,59.9972842568903,False,False,normal
0,0,SMT_014162,8,commercial,2.347800420822266,1.0065160667630817,60.015013470285226,False,False,normal
0,0,SMT_021206,12,residential,0.9795784443552976,1.0030558151340876,60.01111401071049,False,False,normal
0,0,SMT_014992,8,residential,0.6232246919678173,0.9815006516247015,59.98510363091435,False,False,normal
0,0,SMT_010119,5,residential,0.7607017404153075,1.009337902779089,60.0027840668649,False,False,normal
0,0,SMT_015599,9,commercial,1.2590261182525524,0.9839786903911292,59.9949293470496,False,False,normal
0,0,SMT_004113,3,commercial,1.9668316565616208,0.9891053765992052,59.99525490857192,False,False,normal
0,0,SMT_008645,5,residential,0.44153252085127676,0.9862395393482511,59.989140244940074,False,False,normal
0,0,SMT_003983,3,residential,1.0472651634508854,0.9990666098980071,59.98829596479698,True,False,normal
0,0,SMT_020452,11,commercial,1.8719883643493067,0.9931103752374615,60.01024968022593,False,False,normal
0,0,SMT_002375,2,residential,0.6157220601065929,0.9948595694208152,59.98249841003521,True,False,normal
0,0,SMT_005917,4,residential,0.6526649273763194,1.0002630298612274,59.98015451920429,False,False,normal
0,0,SMT_006327,4,commercial,3.9932474244712193,1.0001697782837362,60.00927387515521,False,False,normal
0,0,SMT_016338,9,residential,0.4164977866526659,0.994637105531296,59.99868903676985,True,False,normal
0,0,SMT_023772,14,commercial,2.7376299328504774,0.9937200896609426,59.99598287659617,False,False,normal
0,0,SMT_009149,5,residential,0.7330773289387467,1.006456675976597,60.016066730330884,False,False,normal
0,0,SMT_006367,4,industrial,27.487064219777114,0.9877477494921596,60.01610407968433,False,False,normal
0,0,SMT_010990,6,commercial,3.6172327974066927,1.0043202718274045,60.011409040527624,False,False,normal
0,0,SMT_004634,3,commercial,1.74539575101752,1.0127816466934971,59.9840516151454,False,False,normal
0,0,SMT_016000,9,residential,0.6555441487411423,1.0162035825308287,60.00769422919924,False,False,normal
0,0,SMT_021427,12,commercial,2.476447242818801,0.9981941440471834,59.99068878627968,False,False,normal
0,0,SMT_013623,7,residential,0.530565293106806,0.993876785964807,59.999645119776346,False,False,normal
0,0,SMT_021920,12,industrial,10.953058794740413,0.9962758749105497,60.00549797860921,False,False,normal
0,0,SMT_010248,5,residential,0.8901766430410281,0.9772487985428626,60.01446054563142,False,False,normal
0,0,SMT_023132,13,industrial,8.351240459644773,0.9913541310062478,60.00616528138775,False,False,normal
0,0,SMT_023741,14,commercial,3.582911472313589,0.9884079152126604,60.00081143810164,False,False,normal
0,0,SMT_015905,9,industrial,9.594709981856214,1.0088861223918335,59.99945791603296,False,False,normal
0,0,SMT_016775,10,residential,0.5663092066863998,1.0032120347767848,59.98448704862896,False,False,normal
0,0,SMT_002760,3,industrial,24.02101365426717,1.0081830153631695,60.00771732763028,False,False,normal
0,0,SMT_002237,2,residential,0.5488689915223839,1.0028232904216885,59.993461193516765,False,False,normal
0,0,SMT_023241,14,commercial,2.2964807397880933,1.006356880963369,60.0014527562662,False,False,normal
0,0,SMT_016117,9,commercial,2.397390079146756,0.9929271994805451,60.00064630901511,False,False,normal
0,0,SMT_004499,3,residential,0.781248128279743,0.9982753915747395,59.99190613575254,False,False,normal
0,0,SMT_012384,6,residential,0.9132580723048009,0.9905392732573891,60.000567105150154,True,False,normal
0,0,SMT_017228,10,industrial,10.346287101020573,0.9795425663141367,60.0068845802416,False,False,normal
0,0,SMT_010224,5,residential,1.0881217224348112,1.0021897861654945,59.99117409375115,False,False,normal
0,0,SMT_016044,9,residential,1.1232740680840698,0.9955998591762428,60.005510490920805,False,False,normal
0,0,SMT_009717,5,commercial,2.671060528882643,0.9983533245176638,59.99769831727606,False,False,normal
0,0,SMT_013232,7,residential,0.9954154674214652,0.992208632105124,60.00536592376653,False,False,normal
0,0,SMT_001214,2,commercial,3.1294447526721747,0.9976168060811874,59.993081479369536,False,False,normal
0,0,SMT_002803,3,residential,1.065027356729705,0.995743630903977,60.01569238032614,False,False,normal
0,0,SMT_001475,2,commercial,2.003064506186616,0.9988394477223534,59.99748826800321,False,False,normal
0,0,SMT_001951,2,commercial,3.8830335626663133,0.9904105335427938,59.99519423852909,False,False,normal
0,0,SMT_016792,10,industrial,19.5310429562397,0.9922796835541369,59.9939263132432,False,False,normal
0,0,SMT_019868,11,residential,1.0523508802213417,1.0058777857873324,60.00214843033526,False,False,normal
0,0,SMT_011862,6,residential,0.7055247880382038,1.0016388714882847,59.986174253425865,False,False,normal
0,0,SMT_017806,10,residential,1.0172956561078121,1.0182019517065573,60.0034323824816,False,False,normal
0,0,SMT_006533,4,commercial,3.4205563105838888,1.0022804577864841,60.00458581990544,False,False,normal
0,0,SMT_009952,5,commercial,4.201610808068937,1.0084856676732388,60.01436786892732,False,False,normal
0,0,SMT_010012,5,commercial,3.6937744888285207,0.9875999625741683,59.99846657683566,False,False,normal
0,0,SMT_010797,6,residential,0.5697610700117351,1.006996957770628,59.997752237489074,False,False,normal
0,0,SMT_002089,2,residential,0.9277933501682759,0.9824891045841706,60.014711682056216,False,False,normal
0,0,SMT_017203,10,residential,0.43657240909600414,0.9992309446753593,60.01561438024704,False,False,normal
0,0,SMT_015959,9,commercial,2.619622293978124,1.0217108141037468,59.99638219205267,False,False,normal
0,0,SMT_004974,3,industrial,23.824295141027974,1.0029344496857118,59.99570410111106,False,False,normal
0,0,SMT_009720,5,residential,0.7329301971702619,0.999628578722218,59.99451106355143,False,False,normal
0,0,SMT_015031,8,industrial,13.78862707860028,0.9988606400603199,60.00517140414548,False,False,normal
0,0,SMT_015187,9,residential,1.0265545612143987,1.0047007620909472,59.996571428572864,False,False,normal
0,0,SMT_018229,10,commercial,1.657057998945331,1.0131174256539293,60.00354240579861,False,False,normal
0,0,SMT_007906,4,commercial,1.2626582742446573,1.00702153271312,59.9834970915964,False,False,normal
0,0,SMT_021742,12,residential,0.7348323476713965,0.9960886979828363,59.98303232730977,False,False,normal
0,0,SMT_014114,8,residential,1.167997437441673,1.0161835570143753,59.99277702503757,False,False,normal
0,0,SMT_021719,12,residential,0.8105636336444634,1.0138956091658267,60.01932851425983,False,False,normal
0,0,SMT_002275,2,industrial,19.07102379352984,0.9893616254332755,60.02168012736609,False,False,normal
0,0,SMT_019531,10,residential,0.929237215319158,1.0080021943597288,59.99770258623507,False,False,normal
0,0,SMT_017498,10,residential,0.5455303493746316,0.9898760585972397,60.00418364375047,False,False,normal
0,0,SMT_008514,5,residential,0.8912645925383245,0.9980694451175698,59.9877596159136,False,False,normal
0,0,SMT_016748,10,residential,1.1920458972063597,0.9764890187068722,59.98544296535158,False,False,normal
0,0,SMT_004458,3,industrial,13.85908798163502,1.017344923213878,59.99433147002842,False,False,normal
0,0,SMT_005466,4,residential,0.7866467096632183,0.9988022073756067,60.00488518105143,False,False,normal
0,0,SMT_006272,4,industrial,11.574099401456838,1.0090283904518287,59.99686643022569,False,False,normal
0,0,SMT_020723,11,commercial,2.5584542754542774,0.9940018639419834,59.99409718186882,False,False,normal
0,0,SMT_009167,5,residential,0.565338350369763,0.9886003264339422,59.98595716417154,False,False,normal
0,0,SMT_008844,5,residential,0.5519008238701347,1.0002147910262982,60.01754977339494,False,False,normal
0,0,SMT_019476,10,residential,0.9913959043075293,1.014274296066692,60.011475457566334,True,False,normal
0,0,SMT_018442,10,commercial,2.4361729779135595,1.0109818411842582,59.981575194498106,False,False,normal
0,0,SMT_022940,13,industrial,10.86516509392413,0.9832659387267262,60.01412440301878,False,False,normal
0,0,SMT_010605,6,industrial,29.133104086256765,1.0086588524941356,60.01350795038857,False,False,normal
0,0,SMT_012925,7,residential,0.5745924224003344,1.0039940179784967,59.98543251588035,False,False,normal
0,0,SMT_020511,11,industrial,22.427490622475894,0.9916460263775634,60.00074853259873,False,False,normal
0,0,SMT_012734,6,residential,0.6199736976123141,1.0169569414816788,60.000243170889796,False,False,normal
0,0,SMT_019389,10,residential,0.6053964332168288,0.9894385740044191,60.00218117584459,False,False,normal
0,0,SMT_020365,11,residential,0.48690876541684297,0.9927212232442558,59.98825919865629,False,False,normal
0,0,SMT_000064,1,residential,0.81428045597238,0.9989015505037342,60.00709704162547,True,False,normal
0,0,SMT_015484,9,industrial,10.742462610117622,1.018031338039206,59.991228939771354,False,False,normal
0,0,SMT_003570,3,residential,1.2355917579588176,1.0020705558598002,59.996374762804216,False,False,normal
0,0,SMT_009490,5,residential,0.4767996913549109,0.9859676227168386,59.99438368041086,False,False,normal
0,0,SMT_013634,7,residential,0.8674928826496366,0.9783398235814201,60.0107295992301,False,False,normal
0,0,SMT_008858,5,residential,0.4690643101123627,1.0024226967788754,60.00940207139956,False,False,normal
0,0,SMT_023430,14,residential,1.0276180491915794,0.9870386674976767,60.00043861415202,False,False,normal
0,0,SMT_002096,2,residential,0.8227538017927268,0.9986747648632178,59.998493016402975,False,False,normal
0,0,SMT_015662,9,commercial,1.9287610636780417,1.0042440772029229,60.00564851259528,False,False,normal
0,0,SMT_002456,2,industrial,10.366470105739438,0.9850657525174739,60.001830104743064,False,False,normal
0,0,SMT_009388,5,commercial,1.6339835072025934,0.9857046438941077,59.99762540357092,False,False,normal
0,0,SMT_007223,4,residential,1.1988073053194925,1.005203152279463,60.00303486349993,True,False,normal
0,0,SMT_001239,2,residential,0.5953684408066058,1.0160146506753487,59.99415637090443,True,False,normal
0,0,SMT_007800,4,industrial,22.462490916621935,0.9912856305138589,60.01235549572526,False,False,normal
0,0,SMT_014402,8,residential,0.5924849105487324,0.9868614721876903,59.99174412711048,False,False,normal
0,0,SMT_009668,5,industrial,19.956791692313082,0.9938327649744529,59.997801555951895,False,False,normal
0,0,SMT_007390,4,industrial,20.714116028833104,1.0049138382300031,60.00464052067996,False,False,normal
0,0,SMT_023240,14,commercial,2.444128515616005,0.990274725915519,60.012652621062315,False,False,normal
0,0,SMT_015349,9,residential,0.7310882694250203,1.0017009613913157,59.98963336837499,False,False,normal
0,0,SMT_020524,11,residential,0.6924578539286095,1.011121556221361,59.99976175722278,False,False,normal
0,0,SMT_000520,2,residential,0.9449989912725104,0.9853899492098117,60.014833549883846,False,False,normal
0,0,SMT_001942,2,residential,0.9283102370351533,0.9928086541043506,60.01957587235806,False,False,normal
0,0,SMT_017512,10,residential,0.704615540521982,1.000923971397007,60.007709104852104,True,False,normal
0,0,SMT_001667,2,industrial,28.88468076165097,1.0089283590193663,59.99733664901821,False,False,normal
0,0,SMT_013238,7,commercial,1.1378841061563465,1.0099376167286684,59.98773998146688,False,False,normal
0,0,SMT_015326,9,industrial,8.614579857053114,0.9833858234909554,60.00733516026548,False,False,normal
0,0,SMT_014132,8,residential,0.6476888802441197,0.9957269365730665,59.99224637758423,False,False,normal
0,0,SMT_010353,6,commercial,3.0614980645552134,1.0052734537298056,59.99295774866279,False,False,normal
0,0,SMT_018579,10,residential,0.8080208586286814,1.0055902654310058,59.998916234682,False,False,normal
0,0,SMT_006628,4,residential,0.4619061302832525,0.9819627680157238,59.987052512804965,True,False,normal
0,0,SMT_002755,3,residential,0.7025503078260373,0.9942308470848962,60.007876506526415,False,False,normal
0,0,SMT_012136,6,commercial,3.1531470767407592,0.9857507700751128,59.993116039263086,False,False,normal
0,0,SMT_010973,6,residential,0.45810965152490374,0.9942933730667479,59.970585926345564,False,False,normal
0,0,SMT_021565,12,residential,0.876425130162432,1.018943192481587,59.99681453983309,True,False,normal
0,0,SMT_019651,10,residential,0.5410486684802885,0.9992265132706203,60.00616826101045,False,False,normal
0,0,SMT_006301,4,industrial,14.457630630724115,1.0011973215957506,59.99365060598036,False,False,normal
0,0,SMT_017930,10,residential,1.0293936262129015,0.9771703692142836,59.99114180552018,False,False,normal
0,0,SMT_020124,11,residential,1.1400525767544996,1.0117034888069694,60.010680938513886,False,False,normal
0,0,SMT_009343,5,residential,0.6910740607836028,1.0161531296678226,59.981033480303886,False,False,normal
0,0,SMT_021101,12,residential,1.0676667352142142,0.9835181205518255,60.00012984558027,False,False,normal
0,0,SMT_007925,4,residential,0.9727166416467572,1.005354181548234,60.01369961076691,False,False,normal
0,0,SMT_004123,3,residential,0.7979739465490022,1.0085654009575766,59.99640926346656,False,False,normal
0,0,SMT_015360,9,residential,1.1170534342155056,1.006486996735066,59.99954942000223,False,False,normal
0,0,SMT_022256,13,residential,0.8832910405219716,0.9999153561075508,59.98594543859699,True,False,normal
0,0,SMT_023577,14,industrial,22.53453273929238,1.0153203360352945,59.983058526096585,False,False,normal
0,0,SMT_004058,3,residential,0.9935543139517479,1.003935499930046,60.004687683879816,False,False,normal
0,0,SMT_015677,9,residential,1.171724652444129,0.9822239018494603,59.99693339301247,False,False,normal
0,0,SMT_005617,4,residential,0.5435263883433452,1.0019292981573162,60.01768827985622,False,False,normal
0,0,SMT_019311,10,residential,0.9393025982482605,0.9840072138708712,60.00284978459209,False,False,normal
0,0,SMT_003306,3,residential,1.1540735549822398,0.9822968589884791,60.005716674164994,True,False,normal
0,0,SMT_020491,11,commercial,2.156952580641568,1.0159561988482992,60.00699701721598,False,False,normal
0,0,SMT_000206,1,residential,0.903486948336537,0.9943296770180143,59.98374512607819,False,False,normal
0,0,SMT_004588,3,residential,0.46178143877561983,0.9961860908615393,59.97691303117498,False,False,normal
0,0,SMT_020573,11,residential,0.9148364933199276,1.0145384569048885,59.99610114144636,False,False,normal
0,0,SMT_019832,11,residential,0.7247607959427206,1.0041193810417757,60.00405452055595,False,False,normal
0,0,SMT_023692,14,residential,0.3860271786518988,0.9967592323642759,59.99691500318854,False,False,normal
0,0,SMT_014614,8,industrial,19.79421395517406,0.9968078477143678,59.99944216065399,False,False,normal
0,0,SMT_023780,14,commercial,1.4859667375812458,1.0080552787298038,60.00320963264919,False,False,normal
0,0,SMT_009320,5,residential,0.8197727947610618,0.99838798927575,59.99330438065317,False,False,normal
0,0,SMT_018162,10,residential,0.700465370780642,0.9925660026878756,60.00013307107161,False,False,normal
0,0,SMT_015258,9,residential,1.2644516592653983,0.9915666447180131,60.003849929505535,False,False,normal
0,0,SMT_005926,4,commercial,1.3898203225953198,0.9874221710327021,59.97170177927083,False,False,normal
0,0,SMT_017709,10,residential,1.0056454817133664,1.0094349103408795,59.99364059779425,False,False,normal
0,0,SMT_017368,10,residential,0.8483149098070821,1.0112199781316489,59.98965467950153,False,False,normal
0,0,SMT_017774,10,commercial,3.8286378066729116,1.0047021932453029,59.99360737192519,False,False,normal
0,0,SMT_001972,2,residential,0.7226126960793273,1.0027905336831586,60.004207115627224,False,False,normal
0,0,SMT_021617,12,residential,0.46700557085869426,0.9912059253078133,59.98632536769055,False,False,normal
0,0,SMT_010041,5,residential,1.1446195764345157,0.9920045077084674,60.00046484414719,False,False,normal
0,0,SMT_003756,3,residential,0.7810845650252649,0.9966459521518539,60.003655366058645,False,False,normal
0,0,SMT_016214,9,residential,0.9773541743949176,0.9778021479146687,59.99916769057184,False,False,normal
0,0,SMT_011912,6,residential,1.0775947067374378,1.0151070331052208,60.00807491894093,False,False,normal
0,0,SMT_001508,2,commercial,1.123792406132162,0.98893508963417,60.00087031430066,False,False,normal
0,0,SMT_014092,8,residential,0.6558015521443498,0.9909033624798796,60.01533487593488,False,False,normal
0,0,SMT_018678,10,industrial,22.780368097911452,0.982944679118948,59.98634562271485,False,False,normal
0,0,SMT_012531,6,residential,1.1858869577737212,0.988704302266515,59.9885825079682,False,False,normal
0,0,SMT_016552,9,residential,1.1050483529417303,0.9851046822424281,60.00450815647325,True,False,normal
0,0,SMT_009136,5,residential,1.0187759056828258,0.9802222281551252,60.00247097380005,False,False,normal
0,0,SMT_017596,10,commercial,1.433563872721463,0.9861578739316946,59.99482458395488,False,False,normal
0,0,SMT_016547,9,residential,1.147243741777434,1.0069898232664845,59.988761968496256,False,False,normal
0,0,SMT_019709,11,residential,1.1309138784180965,1.0024617840455807,60.019155275367915,False,False,normal
0,0,SMT_010801,6,residential,0.9066705676021719,0.9964436324406611,60.01974325335906,False,False,normal
0,0,SMT_006001,4,residential,1.1200165516587723,0.9979321007113312,59.99264441173639,False,False,normal
0,0,SMT_009330,5,residential,0.6602173212845764,1.017356269163825,59.994721690274226,False,False,normal
0,0,SMT_012995,7,commercial,2.3729432273804383,1.0102791561322573,59.9995312558432,False,False,normal
0,0,SMT_013544,7,industrial,14.772789978258626,0.9986073635444993,59.995237348353754,False,False,normal
0,0,SMT_005193,3,residential,1.1843807171335121,1.0084590773753994,59.9998867291169,True,False,normal
0,0,SMT_017344,10,industrial,20.65278349220362,0.9993088619659708,59.997497949900705,False,False,normal
0,0,SMT_013835,7,commercial,2.2792591683610484,0.991213295196463,59.99640763738947,False,False,normal
0,0,SMT_012506,6,residential,1.2192822071508813,1.004816084602363,60.01591906592582,False,False,normal
0,0,SMT_015009,8,residential,0.6008729720953787,0.9980008018261635,59.99924213937049,False,False,normal
0,0,SMT_002380,2,commercial,3.169094467243253,1.004358595431613,59.99293777624115,False,False,normal
0,0,SMT_003228,3,industrial,11.621526334293957,0.973934450483317,60.004495624498546,False,False,normal
0,0,SMT_004260,3,residential,0.41649584749239466,0.9905938288389834,59.99636477754284,False,False,normal
0,0,SMT_014273,8,residential,1.1290522562053438,0.9811243047210016,60.00408008222199,False,False,normal
0,0,SMT_016961,10,residential,1.0206914469635002,1.003470104592734,59.99867791786338,False,False,normal
0,0,SMT_004837,3,industrial,13.497766041933987,0.9977192057841424,59.99819407262808,False,False,normal
0,0,SMT_001944,2,residential,0.9317299032266494,0.9947441407478724,59.995059230087406,False,False,normal
0,0,SMT_002738,3,residential,0.7024982928311136,1.00263087233432,60.017669771411555,True,False,normal
0,0,SMT_001004,2,commercial,2.3857059812559314,1.0030359021996413,59.99386344572769,False,False,normal
0,0,SMT_001255,2,residential,1.0266035918264131,0.9884883685928765,59.99450118891278,False,False,normal
0,0,SMT_004111,3,industrial,7.188675587514029,0.9970388215248783,59.99990338038674,False,False,normal
0,0,SMT_003076,3,industrial,13.759207617006949,1.014884453595214,59.996979961273254,False,False,normal
0,0,SMT_018975,10,industrial,10.393146141584246,1.000827287314045,59.97661585886733,False,False,normal
0,0,SMT_020724,11,residential,0.6439637907027115,0.9928891688353481,60.013342019221746,False,False,normal
0,0,SMT_011482,6,commercial,2.1483701754197533,1.0176404972498432,59.97975888791264,False,False,normal
0,0,SMT_019151,10,residential,0.9974738349943628,0.9835346857290077,60.00209934650023,False,False,normal
0,0,SMT_011288,6,residential,0.8291000152506824,0.9934998265241052,60.00068940678036,False,False,normal
0,0,SMT_000939,2,residential,1.0313817413414423,0.978348746199557,60.01650402072829,False,False,normal
0,0,SMT_013714,7,residential,1.0495903352830926,1.009469003944974,60.011062042646124,False,False,normal
0,0,SMT_016329,9,residential,1.0380782061963496,1.0019107461368715,59.9797076229035,False,False,normal
0,0,SMT_010541,6,residential,1.1504772830658423,0.992315988434977,59.98800934266649,False,False,normal
0,0,SMT_005001,3,industrial,19.451549239416885,1.008116145004394,60.00489911537517,False,False,normal
0,0,SMT_021655,12,residential,0.5209645001929227,1.0127614964086502,60.006068332031646,False,False,normal
0,0,SMT_011834,6,residential,0.6302319627626861,0.9944447872441083,59.99948248448084,False,False,normal
0,0,SMT_021776,12,industrial,24.37103256635349,0.9902201078400037,60.0112267812383,False,False,normal
0,0,SMT_014394,8,residential,1.059203771105737,1.0027029377975822,60.00256133698722,False,False,normal
0,0,SMT_007652,4,residential,0.8594472948391445,1.0067172277350818,59.99907776180488,False,False,normal
0,0,SMT_019960,11,commercial,3.1293986086158285,1.0122136040399192,60.016487815089796,False,False,normal
0,0,SMT_002404,2,residential,0.999821871500836,1.0132258088599266,60.00276633531885,False,False,normal
0,0,SMT_002933,3,residential,0.7327929406472936,0.9971305655511105,60.000495814869325,False,False,normal
0,0,SMT_016834,10,commercial,1.5484268811322626,1.0103643654704382,59.999930084495965,False,False,normal
0,0,SMT_009798,5,commercial,1.4564784251553586,1.0044116551696802,59.9984067095193,False,False,normal
0,0,SMT_010763,6,commercial,1.61099935108519,1.0030051066479118,60.003530783828744,False,False,normal
0,0,SMT_008123,4,industrial,6.029084919848524,1.0038665597762266,60.01170981960051,False,False,normal
0,0,SMT_016265,9,commercial,2.3600186690372627,0.9948442991295436,60.02187828523318,False,False,normal
0,0,SMT_022412,13,residential,0.6610069124787529,1.0059705476698126,60.001027161232116,True,False,normal
0,0,SMT_010642,6,residential,0.5953234986143695,1.0153906471240968,60.00778425916208,True,False,normal
0,0,SMT_000370,1,residential,1.1150150080425913,1.0142782862017221,59.99620105574688,False,False,normal
0,0,SMT_011985,6,residential,0.4842596779842961,0.9920332710985366,59.9923399032117,False,False,normal
0,0,SMT_018894,10,industrial,25.38628202153576,0.993933574415717,60.001807314057565,False,False,normal
0,0,SMT_009866,5,residential,0.37724521240299086,0.9873842651303578,59.98526427276544,False,False,normal
0,0,SMT_009579,5,residential,0.6161444351768585,1.0103247899156271,59.989190292166136,False,False,normal
0,0,SMT_012414,6,residential,0.5519841199907032,1.0010938067806434,60.00108256913821,False,False,normal
0,0,SMT_015116,8,residential,0.5179300080307135,0.9840167580774866,60.00617388395001,False,False,normal
0,0,SMT_016197,9,residential,1.0629465616407,1.0089390949530237,60.00149897083315,False,False,normal
0,0,SMT_006923,4,residential,0.5188111410684626,1.010520007013899,60.00364323205113,False,False,normal
0,0,SMT_006995,4,residential,0.58803068239928,1.0176865523442504,59.995076134813914,False,False,normal
0,0,SMT_017164,10,residential,0.5957368613184956,1.0048703338809488,60.01056432668319,False,False,normal
0,0,SMT_017771,10,residential,0.6150040105211241,0.9977354509661625,60.01620288342637,False,False,normal
0,0,SMT_014296,8,residential,0.7562575650539456,1.0068404120122643,60.005707901218734,False,False,normal
0,0,SMT_018353,10,commercial,1.0005705565266036,1.0093333762917003,60.00492081084321,False,False,normal
0,0,SMT_016732,9,residential,1.1629323917137209,1.0079153509656358,60.00920096450675,False,False,normal
0,0,SMT_007408,4,commercial,2.237652166270525,1.0157206627150304,59.98831892275473,False,False,normal
0,0,SMT_005615,4,industrial,26.97139429867961,1.0029564206580601,59.99174249449527,False,False,normal
0,0,SMT_006875,4,residential,0.8246546208084199,1.007449783915267,60.01722370148525,False,False,normal
0,0,SMT_005472,4,industrial,21.653335343848212,1.0045878954574479,60.01540983773406,False,False,normal
0,0,SMT_009484,5,industrial,17.36235706006476,0.9985912247993407,60.00209114388705,False,False,normal
0,0,SMT_013510,7,industrial,20.925111573416604,0.9806651541536238,60.01301684934974,False,False,normal
0,0,SMT_003538,3,residential,0.5546896868396339,1.002982167271831,59.97961439590717,True,False,normal
0,0,SMT_012728,6,commercial,3.6361107817489375,1.0021257106467578,60.003580445180624,False,False,normal
0,0,SMT_007095,4,residential,1.0813952197425432,0.9881577551803759,60.01033162182434,False,False,normal
0,0,SMT_006254,4,residential,0.7481732722675458,1.0181399866149474,60.00179885240085,False,False,normal
0,0,SMT_008682,5,residential,0.43366668241270484,1.0021898778474136,59.99918256300491,False,False,normal
0,0,SMT_020205,11,industrial,15.626947539680016,0.9894624272291076,60.003997971920874,False,False,normal
0,0,SMT_005343,4,residential,1.1088922317255812,1.0153397725816318,60.00803573891077,False,False,normal
0,0,SMT_018109,10,residential,0.8062446014454643,0.9897218719819814,60.01551305470571,False,False,normal
0,0,SMT_006924,4,residential,0.934820287376439,0.9941955814801643,59.99794395016846,False,False,normal
0,0,SMT_009170,5,residential,0.61540264031145,1.0094949701004403,59.980752071033905,True,False,normal
0,0,SMT_003560,3,residential,0.8481767295647451,1.0026328181292732,59.99523266394052,False,False,normal
0,0,SMT_022610,13,industrial,10.669144774265035,0.9972756289975183,59.991227606744125,False,False,normal
0,0,SMT_012945,7,residential,0.8050675129098729,1.0056577822759276,60.01347454013978,False,False,normal
0,0,SMT_001520,2,residential,0.7413174596934436,0.9929543727375113,60.011658618058384,False,False,normal
0,0,SMT_001208,2,residential,1.1413401383732082,0.9922939428660373,59.992170877927144,False,False,normal
0,0,SMT_021437,12,residential,0.42017522175089045,0.9987404561882388,59.9981924553747,False,False,normal
0,0,SMT_010748,6,residential,0.8827837278457348,1.0050556752769728,60.008902190556334,True,False,normal
0,0,SMT_021215,12,residential,0.9959023692571057,1.0105453728404883,59.98046416205901,False,False,normal
0,0,SMT_003021,3,industrial,28.5478829938511,0.99328533254243,60.01368216316542,False,False,normal
0,0,SMT_008115,4,residential,0.978146919579187,1.0090935160159848,60.00605653833332,False,False,normal
0,0,SMT_007728,4,residential,0.7046338219949603,1.027734856830133,60.000530988682456,False,False,normal
0,0,SMT_020632,11,residential,0.6694762220955773,0.9897470079905231,60.008816210912585,False,False,normal
0,0,SMT_014149,8,commercial,1.5176743228373442,1.0021281359305994,60.00536111013818,False,False,normal
0,0,SMT_004956,3,residential,0.43503851272306115,1.0014257748918183,59.98688451348409,False,False,normal
0,0,SMT_013668,7,residential,0.4886124359769865,1.0074134423813694,60.00492428588263,False,False,normal
0,0,SMT_001346,2,commercial,3.6297439170702983,1.0084488644702359,59.995732864028206,False,False,normal
0,0,SMT_011175,6,commercial,2.2450378823985493,1.0153582821204565,60.01939260196955,False,False,normal
0,0,SMT_008909,5,industrial,22.864026122270484,0.9930633968251943,59.99059685747098,False,False,normal
0,0,SMT_017657,10,residential,0.6467889103984191,0.9811604543500965,60.006479889356385,False,False,normal
0,0,SMT_001253,2,industrial,22.369339166130914,0.9966507767190911,60.006892822181484,False,False,normal
0,0,SMT_010300,5,residential,0.4907012477552944,0.995245268696123,59.98947836707163,True,False,normal
0,0,SMT_010340,6,residential,0.9453144758549827,0.9952590022927413,59.98578356786631,False,False,normal
0,0,SMT_016128,9,residential,0.6143533821582865,0.9996598718461479,59.99869456214635,False,False,normal
0,0,SMT_007638,4,residential,0.9190883291615781,1.0207523205504188,59.969991962595294,False,False,normal
0,0,SMT_001319,2,industrial,25.537483770245895,1.0122204329157511,59.99965112875522,False,False,normal
0,0,SMT_001907,2,commercial,0.9172541636874533,1.0006891427632223,60.00170214433964,False,False,normal
0,0,SMT_011858,6,residential,0.5954522369950417,0.994714932270418,59.99293311755853,False,False,normal
0,0,SMT_007646,4,residential,0.8405634115059156,1.0039732455585635,60.00419813175108,False,False,normal
0,0,SMT_011641,6,residential,0.548163100577393,0.9932323871020595,60.00032926367472,False,False,normal
0,0,SMT_010467,6,residential,0.8469915530839467,1.0110098822544773,60.00891725121266,False,False,normal
0,0,SMT_018270,10,residential,1.2436967944944737,1.0054319743381341,60.004044090447614,False,False,normal
0,0,SMT_023756,14,residential,1.1222809966564278,0.9994220244116853,60.007536639622096,False,False,normal
0,0,SMT_020571,11,industrial,9.055633778151634,1.006998112559293,60.016011877925806,False,False,normal
0,0,SMT_018474,10,residential,0.911105496116991,0.9949791452383316,60.007970951840356,False,False,normal
0,0,SMT_018100,10,residential,1.0902066988996522,0.9933315067625454,60.008424287270834,False,False,normal
0,0,SMT_018780,10,commercial,2.0169692566795807,0.9991074884988848,60.00384094532604,False,False,normal
0,0,SMT_023000,13,commercial,1.0934382798247022,1.0200067555657895,60.0115616579155,False,False,normal
0,0,SMT_014819,8,residential,0.62443060645934,1.007952728008069,60.00112604199865,False,False,normal
0,0,SMT_001717,2,residential,1.1492635443419132,1.0057842261181231,59.982393671841905,False,False,normal
0,0,SMT_007249,4,commercial,2.3586835477681776,0.9758332386187708,59.99922738090214,False,False,normal
0,0,SMT_010548,6,residential,0.44909057757212884,1.017895345567015,59.998817958798426,False,False,normal
0,0,SMT_008341,5,industrial,19.954716172929565,0.9885741836073779,60.00477548599755,False,False,normal
0,0,SMT_000986,2,residential,0.8250431257268579,1.004597548285042,60.000287626174064,False,False,normal
0,0,SMT_009894,5,commercial,2.814947402618805,1.000873076844803,59.98529604300787,False,False,normal
0,0,SMT_006079,4,residential,0.6541714447918644,0.9961643608793762,59.99341263822271,False,False,normal
0,0,SMT_023126,13,residential,0.532087914495448,1.0062653116400224,59.99683867047598,False,False,normal
0,0,SMT_008384,5,residential,0.5628490826653545,0.9891970945563662,59.999926422481835,False,False,normal
0,0,SMT_010814,6,residential,0.4304913777116799,1.0239062293823327,60.00986020103017,False,False,normal
0,0,SMT_005592,4,industrial,21.8097246560201,1.017409271099463,59.99053514699051,False,False,normal
0,0,SMT_019022,10,residential,0.4239255148091333,1.0021736734324977,60.00732007617046,False,False,normal
0,0,SMT_003474,3,residential,1.1898488996158452,0.9848205842575387,60.00567716329971,False,False,normal
0,0,SMT_013552,7,residential,0.6361885788559376,0.9983301759555154,60.00705810688583,False,False,normal
0,0,SMT_011899,6,residential,0.5174376354685923,1.0118234704069426,60.00642300412904,False,False,normal
0,0,SMT_019576,10,residential,0.7185697630884584,1.0013693225887288,59.98421630817564,False,False,normal
0,0,SMT_019116,10,commercial,3.255630161881458,1.0076663826731986,59.99901980982291,False,False,normal
0,0,SMT_005924,4,industrial,8.773015999998078,1.0123395198122223,59.97405284964367,False,False,normal
0,0,SMT_009182,5,residential,1.0560638693664155,1.0000434533206968,60.002227206158125,False,False,normal
0,0,SMT_022702,13,residential,0.7550591756889574,0.992291965460388,60.02404277213975,False,False,normal
0,0,SMT_020622,11,residential,1.0552330233831309,1.0068415713143308,60.008392719740584,False,False,normal
0,0,SMT_010932,6,residential,0.6433424760246506,0.9962359981056326,59.97962249830375,False,False,normal
0,0,SMT_009686,5,residential,0.7174407296055055,0.9952018318956494,60.00940372723098,False,False,normal
0,0,SMT_022514,13,industrial,7.828007323840535,0.984843439388656,59.99985401039421,False,False,normal
0,0,SMT_016151,9,residential,0.6261609648793818,0.9896026650529338,60.0149794262612,False,False,normal
0,0,SMT_010501,6,commercial,3.099675250173619,1.00236535826492,60.00083931182415,False,False,normal
0,0,SMT_002764,3,industrial,6.368436432833493,1.0099523151129381,59.993356459761536,False,False,normal
0,0,SMT_003850,3,commercial,1.0956289165545359,0.9889939481948747,60.00019466490688,False,False,normal
0,0,SMT_004410,3,commercial,3.5187139222190065,0.9886759406424941,60.00596288654292,False,False,normal
0,0,SMT_000192,1,residential,0.46734254985554835,1.0082678241071978,60.00260544347965,True,False,normal
0,0,SMT_009483,5,commercial,3.828742858563159,1.0008273585344307,59.9928768653491,False,False,normal
0,0,SMT_010377,6,residential,0.6445797734980223,1.0063049497191867,59.99746460394777,False,False,normal
0,0,SMT_016419,9,residential,0.9769699927848671,1.0006696115790905,59.990304818731516,False,False,normal
0,0,SMT_002976,3,residential,0.5941620813625291,1.015683375203754,60.01115359746075,True,False,normal
0,0,SMT_005086,3,commercial,3.9217488426288596,0.9940559548519641,59.99181472877132,False,False,normal
0,0,SMT_013508,7,commercial,2.941380007596062,0.9925231242370204,59.977888853489596,False,False,normal
0,0,SMT_019442,10,commercial,2.0656160888784774,0.9951333131012524,59.98959774761272,False,False,normal
0,0,SMT_017983,10,residential,0.9936152874089555,1.0034348011710799,59.99073689425123,True,False,normal
0,0,SMT_003913,3,residential,0.45538243280848006,1.0007652606255264,60.00041777754184,True,False,normal
0,0,SMT_003365,3,commercial,3.0656541183892836,1.0051714041463071,60.00006740747899,False,False,normal
0,0,SMT_022976,13,residential,1.0400946401405657,1.0023751937746368,60.005458088428675,False,False,normal
0,0,SMT_017101,10,commercial,1.882981014759726,0.9961832415987881,60.00061752063748,False,False,normal
0,0,SMT_007617,4,commercial,3.6952428620399185,1.0060717626941793,60.0009922906508,False,False,normal
0,0,SMT_008763,5,residential,1.1206141170775563,1.0139274639947489,60.00121155062419,True,False,normal
0,0,SMT_022432,13,residential,0.7296696710398073,1.0036504849366976,59.97908418039589,False,False,normal
0,0,SMT_013537,7,residential,0.4628925193038287,1.0166267768155397,59.99952145907895,False,False,normal
0,0,SMT_021878,12,commercial,1.9063664828178948,1.0086556718398902,60.00291326227744,False,False,normal
0,0,SMT_003872,3,residential,1.0548786848550524,1.0093081670091313,59.99958043327409,False,False,normal
0,0,SMT_008691,5,residential,0.406157790740105,1.008535487698235,59.982766053752535,True,False,normal
0,0,SMT_004014,3,residential,0.9772647764701167,1.0162941897721587,60.00311463557809,False,False,normal
0,0,SMT_023708,14,residential,0.8507533876751646,1.0113902311949023,59.9934017225524,False,False,normal
0,0,SMT_007611,4,residential,0.8314147535557708,1.0006438536321833,59.98637645590678,True,False,normal
0,0,SMT_013122,7,industrial,30.263383554227538,0.9974221892726015,59.989987421210316,False,False,normal
0,0,SMT_014230,8,industrial,9.30518489596384,0.9873150249780797,59.99558899046348,False,False,normal
0,0,SMT_009398,5,industrial,7.876364935475486,0.9997872492400369,59.98428759594473,False,False,normal
0,0,SMT_003930,3,residential,0.5443638050457292,1.0139798393615682,59.96907173069008,False,False,normal
0,0,SMT_004084,3,residential,0.8842297691772776,1.0026739984141846,60.00663144681687,False,False,normal
0,0,SMT_013994,8,residential,1.0939915433034186,1.0283386952997207,60.011852105077374,False,False,normal
0,0,SMT_006977,4,commercial,1.3141190727370695,1.006901766480852,60.00428144686132,False,False,normal
0,0,SMT_014036,8,residential,1.0454295925481432,1.011901426618281,59.996834081684604,False,False,normal
0,0,SMT_007996,4,residential,0.9854240357375834,1.0171833220513016,59.99897055268253,False,False,normal
0,0,SMT_021984,12,commercial,1.7540414268048645,0.9868485118086112,60.022065450567176,False,False,normal
0,0,SMT_017395,10,industrial,10.818557380286316,0.9982955007359698,60.01175010183398,False,False,normal
0,0,SMT_020678,11,residential,0.8148550969745697,0.9994591788583409,59.995899459432394,True,False,normal
0,0,SMT_018313,10,residential,0.7846666012133793,0.9844389335592387,59.987154743347276,False,False,normal
0,0,SMT_015966,9,residential,1.076103383898796,1.0077710923536527,60.00249972807145,False,False,normal
0,0,SMT_012484,6,residential,0.6078000786614965,0.9998316021035174,59.990442198262826,False,False,normal
0,0,SMT_001664,2,residential,0.4278957402499045,1.007921094709037,60.00060143665656,True,False,normal
0,0,SMT_000773,2,residential,0.9991107723029454,1.004501501200944,60.00124279858258,True,False,normal
0,0,SMT_009065,5,residential,0.8647227771699345,1.001690892557449,60.005306801140065,False,False,normal
0,0,SMT_000733,2,residential,1.0859393448566335,0.9882068419436135,59.98613420846514,False,False,normal
0,0,SMT_023137,13,industrial,17.322706519959898,1.0081536019589605,60.0147462118416,False,False,normal
0,0,SMT_023487,14,industrial,21.21179340301483,1.0021265968210171,60.00074829489706,False,False,normal
0,0,SMT_002903,3,residential,1.0651310696424503,1.0126053050516852,59.98697316778293,False,False,normal
0,0,SMT_020840,12,residential,0.889053313691482,0.9995449874684404,60.00916342874538,False,False,normal
0,0,SMT_002683,3,residential,0.6399545473512611,1.0005466149238051,60.00757353232938,False,False,normal
0,0,SMT_022192,12,residential,1.0124788737402897,0.9915836357573671,60.01324304825886,False,False,normal
0,0,SMT_000475,1,industrial,18.54997205997038,1.0220605541788164,59.99490194790294,False,False,normal
1,1,SMT_001924,2,residential,0.5082301013659904,0.997414759813409,59.97747297573762,True,False,normal
1,1,SMT_006816,4,commercial,1.840091635272683,1.0120697799837655,59.98626546268848,False,False,normal
1,1,SMT_018205,10,residential,1.1314677284477594,1.0177977005310446,59.98690260239055,False,False,normal
1,1,SMT_019256,10,industrial,12.29792674958772,1.017417404680973,59.9907115697418,False,False,normal
1,1,SMT_013397,7,residential,0.4564064261594578,1.013900657603407,60.014212444672864,False,False,normal
1,1,SMT_019176,10,commercial,1.450246428922078,1.0171281606192557,60.01035977192942,False,False,normal
1,1,SMT_023198,14,residential,0.8065816385039005,0.9859068355250945,60.00296573939439,False,False,normal
1,1,SMT_010341,6,residential,1.1263638680332022,1.0011412495679115,60.00230127071236,False,False,normal
1,1,SMT_003178,3,residential,1.051418827994922,0.9886688155593102,60.00999478987487,False,False,normal
1,1,SMT_022432,13,residential,0.7509253321520353,1.0165155520881552,59.99538645580048,False,False,normal
1,1,SMT_022059,12,residential,1.0350467718245722,0.9822503818967578,59.998816813452294,False,False,normal
1,1,SMT_010015,5,residential,0.6529561751493537,0.9915755637600355,59.989316849884446,False,False,normal
1,1,SMT_019821,11,residential,0.7084238411338653,0.9895466610305046,59.998784574449616,False,False,normal
1,1,SMT_005147,3,commercial,3.1510418026587343,1.0055176188960564,60.00601687528501,False,False,normal
1,1,SMT_003549,3,residential,1.1150210461616206,0.9998583824789439,59.98446530274395,False,False,normal
1,1,SMT_009036,5,residential,0.7781505556725631,0.9952618128187565,60.002349641089054,False,False,normal
1,1,SMT_003949,3,residential,0.9578594966756098,1.0057773141659059,60.01086368376995,False,False,normal
1,1,SMT_011212,6,commercial,3.1411852451203273,0.9894503592398008,59.99537140431748,False,False,normal
1,1,SMT_005963,4,residential,0.6391745997972643,0.990856642066363,60.001751632100195,False,False,normal
1,1,SMT_009492,5,residential,0.9009832728369607,0.9931753388116051,60.01653367727829,False,False,normal
1,1,SMT_009985,5,residential,0.3999316946165736,0.9974119200435286,59.99935326956712,False,False,normal
1,1,SMT_018495,10,residential,0.9215183738623091,0.9820080879304594,60.00941003593374,False,False,normal
1,1,SMT_012340,6,residential,0.7882815510235262,0.9933383881258161,60.006943154713404,True,False,normal
1,1,SMT_005364,4,residential,0.6248575739846423,0.9968191944406548,60.01581998685262,False,False,normal
1,1,SMT_007333,4,residential,0.7877902015828817,1.020775196265225,59.98807484460264,True,False,normal
1,1,SMT_009775,5,residential,0.9679371706495269,0.9737218546508213,59.99865418351466,False,False,normal
1,1,SMT_016617,9,residential,1.1760118744135568,1.0095601887086587,59.99480926169994,True,False,normal
1,1,SMT_023112,13,residential,0.5104124336484851,1.0150354284090202,59.985105863178354,False,False,normal
1,1,SMT_016518,9,commercial,1.7568388333240266,1.0010642891952917,60.004041197119534,False,False,normal
1,1,SMT_007242,4,residential,0.6873357327745567,1.004653567423495,59.99423218788503,False,False,normal
1,1,SMT_017467,10,industrial,8.355907898995753,0.9949567980743456,60.01358165665938,False,False,normal
1,1,SMT_022177,12,residential,0.893658039585099,1.0005177144098056,60.002005495186694,False,False,normal
1,1,SMT_009341,5,industrial,19.10934114404642,1.0066862430934091,60.01084264681239,False,False,normal
1,1,SMT_009527,5,industrial,28.755552894158576,1.0093649861675433,60.009582936035194,False,False,normal
1,1,SMT_013648,7,residential,0.45658713746914426,1.0016456210872986,60.00335850323615,False,False,normal
1,1,SMT_022062,12,industrial,14.712857969081304,1.0068773413836358,60.0168015769451,False,False,normal
1,1,SMT_003459,3,residential,0.45096858754619434,0.9937995225127649,59.98756389461079,False,False,normal
1,1,SMT_020914,12,residential,1.0539123516171787,1.0009054820416032,59.996541884379894,False,False,normal
1,1,SMT_009466,5,residential,1.1699558225103575,1.0041176383927313,60.00789415163344,False,False,normal
1,1,SMT_001967,2,commercial,1.0873430188332533,1.0027439885382188,60.00378395532827,False,False,normal
1,1,SMT_008990,5,industrial,11.901562238068385,0.9934545286901926,59.99582223941868,False,False,normal
1,1,SMT_015592,9,residential,0.6112308764881361,1.0169231335641837,60.003362001274155,False,False,normal
1,1,SMT_013572,7,industrial,16.803864267661567,1.0004187216915224,59.99801358717379,False,False,normal
1,1,SMT_004831,3,residential,0.6121156376795561,1.0031098851071374,60.003119448455685,False,False,normal
1,1,SMT_017128,10,residential,0.8985025730979211,0.9986536897782693,60.00101996086149,False,False,normal
1,1,SMT_018685,10,residential,1.0051207042809092,1.004337166000088,59.99520189120262,False,False,normal
1,1,SMT_010818,6,residential,0.931752124054665,1.0092187325024313,59.98469105567791,False,False,normal
1,1,SMT_014217,8,residential,0.735573811299336,1.0009343592059463,59.98286922439444,False,False,normal
1,1,SMT_012239,6,industrial,15.79665884735749,1.0190742544959706,60.00583713219251,False,False,normal
1,1,SMT_018100,10,residential,1.113659863205577,1.0121116147454972,60.00498158582281,False,False,normal
1,1,SMT_021762,12,commercial,1.4764168635254271,0.9941785543172821,60.000521055434085,False,False,normal
1,1,SMT_009942,5,residential,1.1900480016835016,0.9963991845952626,60.00773582811097,False,False,normal
1,1,SMT_023567,14,residential,1.086719025761937,1.0105603316580654,60.000933514883,True,False,normal
1,1,SMT_004888,3,commercial,3.1996092552165636,0.9906603691946742,59.998524457895286,False,False,normal
1,1,SMT_009981,5,residential,1.1626416807817042,1.0108028931532678,60.01183148807259,False,False,normal
1,1,SMT_012800,6,residential,1.0564095278767496,1.014196104809907,59.99081526058606,False,False,normal
1,1,SMT_019113,10,residential,0.5128538542334736,0.9906566549864606,60.00951272527148,True,False,normal
1,1,SMT_021366,12,residential,0.7623689033845021,1.0181785082308543,60.01918703003547,False,False,normal
1,1,SMT_007510,4,residential,0.9803788492410833,1.0000800658766666,59.996534728881244,False,False,normal
1,1,SMT_021302,12,residential,1.0334135757980902,1.0047744333950257,59.99173322194627,False,False,normal
1,1,SMT_021153,12,residential,0.7982588352867848,1.013208156374488,59.99418790735872,False,False,normal
1,1,SMT_016174,9,industrial,14.131822957297054,1.0050001580656354,59.9863307359324,False,False,normal
1,1,SMT_021888,12,residential,1.0564959839536578,0.9928727127045696,60.00936575619696,False,False,normal
1,1,SMT_020744,11,residential,0.45243841074542857,0.9971484086543753,59.994933362626476,False,False,normal
1,1,SMT_019874,11,residential,0.550113103715374,1.0078070495996463,60.0064572017381,False,False,normal
1,1,SMT_016599,9,residential,0.7414583715717659,0.9984089245767973,59.99461894765147,False,False,normal
1,1,SMT_005946,4,industrial,13.651347916113972,1.0103702405764112,59.98374550862687,False,False,normal
1,1,SMT_014943,8,industrial,32.114145871950036,1.012205273031622,59.990912319914905,False,False,normal
1,1,SMT_019251,10,residential,0.4149040035190401,1.016054681566964,60.00477827964615,False,False,normal
1,1,SMT_011914,6,industrial,7.6064649407240355,0.9868490222465073,60.01449208752707,False,False,normal
1,1,SMT_021650,12,commercial,2.4629098661604294,0.9998378268495216,59.99219593052046,False,False,normal
1,1,SMT_012012,6,residential,0.5782824910332234,1.0081162571769957,59.99494165800844,False,False,normal
1,1,SMT_008678,5,commercial,3.090762317706764,1.0006212517104978,60.01085388296834,False,False,normal
1,1,SMT_008561,5,residential,1.0632037514309318,0.9960131061246744,60.00173893235694,False,False,normal
1,1,SMT_018769,10,residential,0.7239561918187161,0.9843630281976424,59.995753034750685,True,False,normal
1,1,SMT_007649,4,industrial,7.13269617537799,1.015675742451729,60.00251907869752,False,False,normal
1,1,SMT_018481,10,residential,0.8928545877784551,0.9915620257327873,60.005318272210424,False,False,normal
1,1,SMT_016456,9,commercial,2.743200796366332,0.9932155275506835,59.99535814804919,False,False,normal
1,1,SMT_012781,6,industrial,27.90710841048445,0.9934721312042896,60.001637045347216,False,False,normal
1,1,SMT_012779,6,commercial,1.9473373980718762,0.9909180883162059,60.00663490533266,False,False,normal
1,1,SMT_007802,4,industrial,28.875520993968923,1.0084873602394586,59.99638131214897,False,False,normal
1,1,SMT_011386,6,commercial,2.8989494397449787,0.9978819722147713,59.99150106500463,False,False,normal
1,1,SMT_012208,6,residential,0.9756154967660539,0.9961545860774018,60.011737328445015,True,False,normal
1,1,SMT_019114,10,industrial,26.304568822273218,1.0002644790697741,59.99667081243598,False,False,normal
1,1,SMT_014520,8,commercial,1.991163052890282,0.9885835067493871,59.99327690740126,False,False,normal
1,1,SMT_013799,7,residential,1.0438671526285703,0.9865053453673044,60.00820879469785,True,False,normal
1,1,SMT_014816,8,residential,0.4792047048231754,1.003428782568598,59.994575625714354,False,False,normal
1,1,SMT_019981,11,commercial,3.7101134964352065,0.9893349755025457,60.01748670187473,False,False,normal
1,1,SMT_001068,2,industrial,22.750686852127185,0.9997746596953948,59.98536606143115,False,False,normal
1,1,SMT_011407,6,industrial,18.536990110230224,0.9964721871249506,59.99511298776263,False,False,normal
1,1,SMT_017483,10,commercial,1.8438489674123166,1.0055612424940932,60.00524332443368,False,False,normal
1,1,SMT_018447,10,commercial,1.4392163446827113,1.0116287144493066,60.006401814324846,False,False,normal
1,1,SMT_021740,12,industrial,13.195965736264167,0.9929919939160695,60.01398701769077,False,False,normal
1,1,SMT_014479,8,commercial,1.7149494276982369,1.012610048408727,60.01395695168806,False,False,normal
1,1,SMT_011368,6,residential,0.40390192684498566,0.9966139514135507,60.00574643377249,False,False,normal
1,1,SMT_002965,3,residential,0.9809645999347587,0.9948629203157745,59.994716089592785,False,False,normal
1,1,SMT_011674,6,residential,0.938037054662649,0.9982537687392823,60.006193554516074,False,False,normal
1,1,SMT_013752,7,commercial,3.933392399352507,1.01675975064571,59.99020203187488,False,False,normal
1,1,SMT_007664,4,industrial,22.68943275857602,0.9981094213508973,59.99819637466744,False,False,normal
1,1,SMT_008203,4,commercial,3.6527814771992055,1.0035904384113417,59.97296528017356,False,False,normal
1,1,SMT_019873,11,residential,0.6095539192460818,1.0133801528409312,59.994456650623604,False,False,normal
1,1,SMT_010335,6,industrial,30.214817194966685,0.9882643655368629,60.00788457218543,False,False,normal
1,1,SMT_017610,10,commercial,1.65537098861864,0.999644617429667,60.01072952935844,False,False,normal
1,1,SMT_008477,5,residential,1.2094364146175969,0.9857713299233966,60.008444540048195,False,False,normal
1,1,SMT_019922,11,industrial,13.253025061162816,1.0138710948603946,60.007376499304854,False,False,normal
1,1,SMT_003958,3,residential,0.429344724325103,1.001015849080051,59.97618080796078,False,False,normal
1,1,SMT_010121,5,commercial,1.7391969459661618,1.0061880261631204,59.99729080215058,False,False,normal
1,1,SMT_018390,10,commercial,3.468141330502651,1.0150677655817055,60.00896465300261,False,False,normal
1,1,SMT_011834,6,residential,0.637541599123854,1.002008840801923,59.99963858091419,False,False,normal
1,1,SMT_000886,2,residential,0.9653853772664291,1.0024216578886722,59.99675319935745,False,False,normal
1,1,SMT_015966,9,residential,1.027605804205009,0.9970857416804199,60.00885707368806,False,False,normal
1,1,SMT_011574,6,industrial,29.20940343250689,1.021437189413371,60.00914736539664,False,False,normal
1,1,SMT_000287,1,commercial,2.9183878279197515,1.011214515678605,60.002248836124764,False,False,normal
1,1,SMT_000361,1,commercial,1.3384450244757302,0.9994452735256758,60.010852499546324,False,False,normal
1,1,SMT_010252,5,industrial,25.54139424732184,0.9828920097065653,59.981733666146205,False,False,normal
1,1,SMT_007584,4,commercial,2.8447956718031007,1.0018245146992932,59.9953802707332,False,False,normal
1,1,SMT_001209,2,residential,0.9127755498677731,1.0207623810422042,59.99276844606239,False,False,normal
1,1,SMT_012670,6,residential,0.5887688122008223,0.9956139356654,60.00264927147248,False,False,normal
1,1,SMT_023349,14,residential,0.9547978155341968,1.0020701018547231,59.98170528434678,False,False,normal
1,1,SMT_001728,2,residential,0.5501046733776362,1.0138421304632352,59.99254535123765,False,False,normal
1,1,SMT_001665,2,residential,0.7572361595697684,1.0026883391416217,60.02106141400908,False,False,normal
1,1,SMT_001499,2,commercial,2.823387602249811,0.9987232514740778,60.01050937103402,False,False,normal
1,1,SMT_015229,9,commercial,3.5886884420209864,1.004063514336971,59.999221037021115,False,False,normal
1,1,SMT_014550,8,residential,1.1171465375176515,1.0036019783248067,60.02068118763192,True,False,normal
1,1,SMT_007134,4,commercial,3.3841008586752586,1.019038630135367,60.006817227911796,False,False,normal
1,1,SMT_021283,12,residential,0.7185491435867143,0.9998612307496899,60.00710098116022,False,False,normal
1,1,SMT_009132,5,residential,0.5004285754448222,0.9888917488991006,60.0090509955729,False,False,normal
1,1,SMT_000602,2,industrial,12.836224299573155,0.9951514717510493,59.99873613522996,False,False,normal
1,1,SMT_013606,7,residential,0.7523279966441974,1.0080877007785698,59.99603877339711,True,False,normal
1,1,SMT_011096,6,commercial,2.7088872715548957,1.0035498248463968,59.99483416547909,False,False,normal
1,1,SMT_020257,11,commercial,1.7387535579199267,0.9914848682103823,60.01464092905032,False,False,normal
1,1,SMT_014357,8,industrial,16.237583773356594,1.0015096190153523,60.008876030469885,False,False,normal
1,1,SMT_004951,3,residential,0.5346383838257224,1.0049564899193155,59.98915022411119,True,False,normal
1,1,SMT_001682,2,residential,0.7494042215973555,0.9947508330756223,60.01266515656916,False,False,normal
1,1,SMT_021602,12,industrial,18.56324913824745,0.9897141021478558,59.983579172732014,False,False,normal
1,1,SMT_013294,7,residential,0.6745634164344706,0.9958118998718628,59.99318636365207,False,False,normal
1,1,SMT_015453,9,residential,0.9286721415817111,1.003458664044855,59.99437406929289,False,False,normal
1,1,SMT_019959,11,commercial,3.5583149598343713,0.9937113359775607,60.00263566813019,False,False,normal
1,1,SMT_022534,13,residential,1.0859593753095034,0.9985152418489318,60.02565939891438,False,False,normal
1,1,SMT_007671,4,commercial,3.5006430731812688,1.00070317739363,59.98455144342441,False,False,normal
1,1,SMT_015697,9,residential,0.4938231552227784,1.0055328269667128,59.99804021181888,True,False,normal
1,1,SMT_001444,2,residential,0.5959754195702608,1.0054736398460977,60.005801421503286,False,False,normal
1,1,SMT_013564,7,residential,0.5565653182302693,0.9955078185985786,59.99525374430918,False,False,normal
1,1,SMT_014407,8,residential,0.4512371361252724,1.006816987842373,60.017936677955824,False,False,normal
1,1,SMT_016882,10,residential,0.8573462590254087,0.9979829203968522,60.010978621141994,False,False,normal
1,1,SMT_006581,4,industrial,24.061944054857786,1.0068100569683645,59.99328192698617,False,False,normal
1,1,SMT_019429,10,residential,0.8051105436689084,1.0033086563051832,59.99529465588257,False,False,normal
1,1,SMT_012523,6,industrial,16.348477176400852,1.0060908325661329,59.98906631402962,False,False,normal
1,1,SMT_009106,5,industrial,27.55922236643659,1.006775372265324,60.00381379856384,False,False,normal
1,1,SMT_007161,4,commercial,3.276217612386262,0.9987319146332727,60.00451419194638,False,False,normal
1,1,SMT_006813,4,commercial,1.9572738359277246,0.9874442803754844,59.98880495633228,False,False,normal
1,1,SMT_006705,4,industrial,13.790037970553017,1.005597732344852,60.00301140332905,False,False,normal
1,1,SMT_010983,6,residential,0.5896330501841259,0.9945522735304624,60.008171975548244,False,False,normal
1,1,SMT_023229,14,industrial,11.644592147066145,0.9947411921948484,60.001267776189096,False,False,normal
1,1,SMT_002175,2,industrial,17.59963320833062,0.9963344961566226,60.002550869992255,False,False,normal
1,1,SMT_019743,11,commercial,1.1801081241754017,1.0103600182435601,60.01594670632874,False,False,normal
1,1,SMT_019885,11,residential,0.9394416381086955,1.01330044762561,59.99711578245358,False,False,normal
1,1,SMT_007615,4,industrial,21.523219487507426,0.9938377074056253,60.01063534746443,False,False,normal
1,1,SMT_021473,12,commercial,1.4584746153726826,1.0119752091198333,60.01063233597205,False,False,normal
1,1,SMT_009199,5,residential,0.4026946255049433,0.986839872345124,59.99762817349381,False,False,normal
1,1,SMT_013035,7,commercial,1.8352223072781326,0.996912952449344,60.014907443229,False,False,normal
1,1,SMT_022648,13,commercial,3.1123557390181857,1.0012438665561518,59.994693389970635,False,False,normal
1,1,SMT_020417,11,residential,1.190569557675581,1.0085944193237055,60.001312023407706,False,False,normal
1,1,SMT_008663,5,residential,0.9629306880246216,0.9874681856901247,60.00270264577902,False,False,normal
1,1,SMT_015981,9,commercial,3.3392203258935047,0.9999110833407692,60.000848891095345,False,False,normal
1,1,SMT_021242,12,residential,0.7516189179926228,0.9968992845078777,60.005192844305945,False,False,normal
1,1,SMT_014665,8,residential,1.214934167184025,0.9960507718990699,59.99798747164542,False,False,normal
1,1,SMT_007210,4,residential,0.9671532122370227,0.9998816127024436,60.00173636298459,False,False,normal
1,1,SMT_003859,3,residential,0.8886477464086023,1.0052371986618915,59.98972879191619,False,False,normal
1,1,SMT_014937,8,residential,0.9885112398503133,1.001961681512464,59.99609931130646,False,False,normal
1,1,SMT_015030,8,residential,0.8471779506502858,0.9947661273445778,60.00337491802967,False,False,normal
1,1,SMT_011990,6,commercial,3.074669933019311,1.009064497029974,60.0178860555387,False,False,normal
1,1,SMT_005881,4,residential,0.4464459702672687,0.9946503382926358,60.01284957537873,False,False,normal
1,1,SMT_011462,6,industrial,23.770119801398707,0.9968967441735144,59.98307585615084,False,False,normal
1,1,SMT_020876,12,residential,0.8906726957477712,1.0198359901840583,60.0042190498955,False,False,normal
1,1,SMT_014157,8,residential,0.6575678102000616,1.0158485353700184,59.99559886577659,False,False,normal
1,1,SMT_002853,3,commercial,3.5223343319130294,1.0132537457956623,59.98078033623978,False,False,normal
1,1,SMT_020163,11,commercial,3.9819286197111503,0.9983227989500687,59.99708219121753,False,False,normal
1,1,SMT_016680,9,industrial,29.42762773090659,1.019396482991518,59.9894132710251,False,False,normal
1,1,SMT_005210,3,commercial,3.9406364474265168,1.0083258023546793,59.98780417424315,False,False,normal
1,1,SMT_008971,5,residential,1.0465733121001242,1.0037300024286393,60.014066827371785,False,False,normal
1,1,SMT_001305,2,residential,0.626548786870029,1.003882406260588,59.98930202819429,False,False,normal
1,1,SMT_000534,2,residential,0.763128803400821,1.0139375243913618,60.00090659924517,False,False,normal
1,1,SMT_017419,10,residential,0.5753967558579828,0.9932936969284837,60.002891177449996,True,False,normal
1,1,SMT_022515,13,residential,0.9156758037761342,1.0216577808088385,59.97412557888567,False,False,normal
1,1,SMT_004601,3,residential,0.42606689247690616,0.985118307100417,59.99466200384336,False,False,normal
1,1,SMT_011450,6,commercial,3.6300479479152283,0.995064358518844,60.009971621527264,False,False,normal
1,1,SMT_014619,8,residential,0.7611946436680875,0.9980879721698206,60.00128269315731,False,False,normal
1,1,SMT_007596,4,residential,0.41060801491551374,0.9814997342659575,59.99321107347502,False,False,normal
1,1,SMT_006568,4,residential,1.1114833859268862,1.0042851370835906,60.004321148833746,False,False,normal
1,1,SMT_003410,3,residential,0.6103384013715174,0.9995140459790649,60.00664325287776,False,False,normal
1,1,SMT_021413,12,industrial,10.151392598546373,1.0025793045998919,60.005699633196215,False,False,normal
1,1,SMT_019149,10,commercial,2.832131615492559,1.0047532255588503,60.01582751543956,False,False,normal
1,1,SMT_001042,2,residential,0.9151477213152758,1.002974302143037,60.002532357324164,False,False,normal
1,1,SMT_017946,10,commercial,2.7438984542116955,1.00065766996577,60.01124941637892,False,False,normal
1,1,SMT_007373,4,residential,0.6931559123115111,0.9853536631910335,59.99340390537593,False,False,normal
1,1,SMT_005731,4,residential,0.7748591297556445,1.000899320363335,60.02592698615208,False,False,normal
1,1,SMT_019308,10,residential,1.0085841474741635,1.0013877423397928,60.00089554723754,False,False,normal
1,1,SMT_000817,2,commercial,1.9013550899448255,0.9996707607291353,59.976409526866675,False,False,normal
1,1,SMT_010299,5,residential,0.41061112909479386,1.0049663748227275,60.02102716234714,False,False,normal
1,1,SMT_014367,8,residential,0.41873741489942495,0.9802723454038215,60.01062102348042,False,False,normal
1,1,SMT_012360,6,residential,0.503904975596902,0.9931917765554372,60.00565916338861,False,False,normal
1,1,SMT_006414,4,residential,1.1495950799936456,0.9961080534266141,60.000850152610106,False,False,normal
1,1,SMT_002783,3,industrial,14.129225894178548,1.0073747822160617,59.982276379885725,False,False,normal
1,1,SMT_023664,14,residential,0.8452200185301856,0.9786697811789948,59.997678965251716,False,False,normal
1,1,SMT_018127,10,industrial,24.100394405777703,0.9986544409136107,59.997052947636455,False,False,normal
1,1,SMT_016834,10,commercial,1.6470027228404462,1.0017510996219106,59.98784807851153,False,False,normal
1,1,SMT_021341,12,residential,0.5565736092053932,0.999244223930146,59.99780465333434,False,False,normal
1,1,SMT_021056,12,commercial,2.4021436765795134,0.9813330952297158,59.98588489427468,False,False,normal
1,1,SMT_014560,8,residential,1.121744896210929,1.0041086994432424,59.99972907401035,False,False,normal
1,1,SMT_018361,10,residential,0.5120182231448651,1.0036321189067448,59.99814739367517,True,False,normal
1,1,SMT_014811,8,commercial,2.8370327560669812,1.0048560442967456,60.005137173375175,False,False,normal
1,1,SMT_015808,9,residential,1.0468818562280908,0.9989015168900418,59.98861520026,False,False,normal
1,1,SMT_006150,4,residential,0.6577176442155996,0.9978544184573427,59.99929502871188,False,False,normal
1,1,SMT_023267,14,residential,0.44532163487590515,0.9920089748942269,60.00631467180088,False,False,normal
1,1,SMT_002150,2,residential,0.8107282293499561,1.0102964262797116,60.00012494200198,False,False,normal
1,1,SMT_007278,4,residential,0.7036442578899474,1.002841687248387,60.00827088233088,False,False,normal
1,1,SMT_010261,5,industrial,12.602481072087105,0.999190047362009,59.99285200355098,False,False,normal
1,1,SMT_022746,13,commercial,1.2210328084571476,1.0207980190765382,60.01083579617581,False,False,normal
1,1,SMT_015934,9,residential,0.7962798836767383,1.0176134815030207,60.00392715783127,False,False,normal
1,1,SMT_023677,14,residential,0.6577480404410025,0.9843274903900818,59.98291400998157,True,False,normal
1,1,SMT_022724,13,commercial,1.9564374663658224,1.0069546358429275,60.00476248532716,False,False,normal
1,1,SMT_002571,2,residential,1.1780117788359157,1.010732994855287,60.017068326977814,True,False,normal
1,1,SMT_013203,7,industrial,24.546412649034185,1.0012840539967156,60.00871179230084,False,False,normal
1,1,SMT_017318,10,residential,0.9156274866360168,1.0000155143315261,59.99383368624485,False,False,normal
1,1,SMT_012214,6,commercial,3.0668139774418814,1.0068716683418837,60.00042251701084,False,False,normal
1,1,SMT_014759,8,residential,0.7473612820475604,0.9887824636658009,60.006336240422364,True,False,normal
1,1,SMT_009346,5,commercial,1.135175852090568,0.9906036811363991,60.00441572729261,False,False,normal
1,1,SMT_006474,4,residential,0.5855366849451462,0.9860716166382298,60.02270935289852,False,False,normal
1,1,SMT_014590,8,commercial,2.2130163427684617,0.9808520017970805,59.997002089637775,False,False,normal
1,1,SMT_023182,14,commercial,3.8713846505171943,0.9983659636110499,60.02629296419748,False,False,normal
1,1,SMT_002730,3,industrial,20.833777323011617,1.002795866842754,60.00971113103324,False,False,normal
1,1,SMT_013232,7,residential,0.9010809547279626,0.9978224205979193,59.991506667889816,False,False,normal
1,1,SMT_001176,2,residential,0.601254839916831,0.9895134348771141,60.00961471717523,False,False,normal
1,1,SMT_011973,6,industrial,17.55442678404627,0.9906790371294784,60.004376461683705,False,False,normal
1,1,SMT_013879,7,commercial,3.3470532401442004,1.0027636692088622,59.98389296446336,False,False,normal
1,1,SMT_002701,3,residential,0.9930458441940199,0.9893533133932328,59.99710892144364,False,False,normal
1,1,SMT_012780,6,commercial,3.7857720609721413,0.9864990907797454,60.01219872831892,False,False,normal
1,1,SMT_003974,3,industrial,15.83718043003931,1.000400551725677,59.97956378502102,False,False,normal
1,1,SMT_022492,13,commercial,2.1396346616563036,1.0037510840060409,60.000326772872754,False,False,normal
1,1,SMT_009535,5,residential,0.6627027208400539,1.0084930865235167,59.99430384609887,False,False,normal
1,1,SMT_015298,9,residential,1.0468808453508223,1.009237695079472,60.0147335051732,False,False,normal
1,1,SMT_023651,14,residential,0.530587317884105,1.018345759423536,60.006536045150106,True,False,normal
1,1,SMT_003362,3,residential,0.5555913308946095,0.9924276231477898,59.99749314770769,False,False,normal
1,1,SMT_012970,7,residential,0.7201420251477305,1.008806647404009,59.99747989711995,False,False,normal
1,1,SMT_015132,8,residential,0.433856249708662,0.9830211403723615,60.00369279973367,False,False,normal
1,1,SMT_009165,5,commercial,1.3622496119046827,1.0094778239615214,60.01268253392876,False,False,normal
1,1,SMT_001482,2,commercial,2.17621820625013,1.0048823282457786,60.007044312741066,False,False,normal
1,1,SMT_020348,11,commercial,3.259767387474463,0.9963988921927175,60.012404034729244,False,False,normal
1,1,SMT_001287,2,residential,1.2608606703947738,0.9897240706474115,60.00915813520664,True,False,normal
1,1,SMT_021099,12,commercial,2.9257450577907083,1.0233728014307915,59.976806100296706,False,False,normal
1,1,SMT_001921,2,residential,1.1922886692053374,1.0076099556312466,59.989549887307,False,False,normal
1,1,SMT_020508,11,residential,0.7722781990673178,0.989113557257636,60.001716181579255,False,False,normal
1,1,SMT_007133,4,commercial,1.7146563428408466,1.0166661597915063,59.9818540824691,False,False,normal
1,1,SMT_006539,4,commercial,2.4493293573600594,1.004892879265443,60.00439526463848,False,False,normal
1,1,SMT_010316,5,commercial,1.0079721995777176,0.9989456170977732,59.999939662176,False,False,normal
1,1,SMT_013753,7,commercial,2.7878694252642404,1.0136598524086837,59.98991483508725,False,False,normal
1,1,SMT_011249,6,residential,0.6357650259206097,1.0053342579212876,59.990371146845945,False,False,normal
1,1,SMT_013042,7,residential,0.9591635291032229,1.0114605025352512,59.99992207032979,True,False,normal
1,1,SMT_013948,8,residential,1.193427825643568,0.9969622612653911,60.00022330293456,False,False,normal
1,1,SMT_015512,9,residential,1.026616977435011,0.9995589519655156,60.00075431622398,False,False,normal
1,1,SMT_012098,6,residential,1.1238698464124863,0.9920033643572588,60.0074492531174,False,False,normal
1,1,SMT_008373,5,residential,1.0953016140704257,0.9981280753298645,59.9918868127054,True,False,normal
1,1,SMT_007576,4,residential,0.5294214481592836,1.0049161276372836,60.0182806322956,False,False,normal
1,1,SMT_010293,5,residential,1.190184392969191,1.0149660249643544,60.00825404876453,False,False,normal
1,1,SMT_002368,2,residential,1.2208053432273975,1.004824333512551,60.01394134084864,False,False,normal
1,1,SMT_011247,6,residential,0.7964304447280937,0.9853070345321739,60.01302963623625,False,False,normal
1,1,SMT_005134,3,commercial,1.5006511758387693,1.0026112691648132,60.00071626615373,False,False,normal
1,1,SMT_020096,11,residential,0.624040033252359,0.9948473340278093,60.008961550662015,True,False,normal
1,1,SMT_003270,3,residential,0.9046161867612025,0.988986529623843,60.010951176562806,False,False,normal
1,1,SMT_019572,10,residential,0.8875222171874676,0.9934848464075228,59.998824845134884,False,False,normal
1,1,SMT_019700,11,residential,0.6579863281010409,0.9923330885918377,59.98344752306601,True,False,normal
1,1,SMT_013870,7,commercial,2.1059968541064698,1.0028312230305287,59.99701150302453,False,False,normal
1,1,SMT_002778,3,residential,0.3813196506289371,0.996274994810657,60.00217551419553,True,False,normal
1,1,SMT_003523,3,commercial,3.2816554948326604,1.0068399502146514,60.00709779958821,False,False,normal
1,1,SMT_011141,6,commercial,2.8639385414855667,0.9939220738427346,60.00214378543882,False,False,normal
1,1,SMT_014686,8,residential,0.9533740202590578,1.0026061494983063,60.001150451938464,True,False,normal
1,1,SMT_013272,7,residential,0.8434915535675511,1.0010722931139104,59.998096435096336,False,False,normal
1,1,SMT_004657,3,industrial,25.88424230917821,0.9835981581562326,59.98832129750587,False,False,normal
1,1,SMT_001162,2,residential,0.9981096338793592,0.9918805939093697,59.990503448475046,True,False,normal
1,1,SMT_002496,2,residential,0.9901191185763846,1.007872941555256,59.994988509176714,False,False,normal
1,1,SMT_003539,3,industrial,26.2266608345593,0.9934741068838183,60.00177754263393,False,False,normal
1,1,SMT_018301,10,residential,1.1480290363506365,1.00314814059749,59.98937934069317,False,False,normal
1,1,SMT_023597,14,residential,1.1293298457657495,1.0111327730475115,60.0062981935365,False,False,normal
1,1,SMT_010847,6,commercial,1.5308771619126997,1.0087318410795962,60.00999620548109,False,False,normal
1,1,SMT_000267,1,commercial,2.6834737534203317,0.9922112245319936,59.987122101343836,False,False,normal
1,1,SMT_007346,4,industrial,7.607189516984541,1.0055134114890243,60.00786930493612,False,False,normal
1,1,SMT_008032,4,residential,1.108849696948979,0.9997376734547849,59.98675844516377,False,False,normal
1,1,SMT_016551,9,industrial,8.016694429698653,0.9920225827330282,59.99591021482354,False,False,normal
1,1,SMT_021478,12,commercial,1.015076117418618,0.9840634205481971,59.99648463555126,False,False,normal
1,1,SMT_008390,5,commercial,3.89801122582303,0.9865749622941291,59.98689962151689,False,False,normal
1,1,SMT_000106,1,residential,0.924561168286251,1.0058121787722565,59.99601663297891,True,False,normal
1,1,SMT_021632,12,commercial,3.220607064072338,0.9973079037979414,60.013044407552236,False,False,normal
1,1,SMT_008965,5,industrial,20.802909568296432,0.989055749868731,60.00250768139649,False,False,normal
1,1,SMT_018543,10,industrial,21.504637129217816,0.9931193258789601,60.00282124177507,False,False,normal
1,1,SMT_018111,10,residential,0.8908401819440099,1.0049898834321986,59.99132910167751,True,False,normal
1,1,SMT_002546,2,industrial,11.925207867658909,0.9831453277938024,60.008959767307886,False,False,normal
1,1,SMT_017011,10,residential,0.6852834559964562,0.9970578347737613,59.99365722312497,False,False,normal
1,1,SMT_002354,2,commercial,3.8932539643651056,0.9961464025157722,60.00050639390185,False,False,normal
1,1,SMT_008198,4,industrial,7.529993671869842,1.0053577872117283,60.00116200484596,False,False,normal
1,1,SMT_001540,2,residential,0.5419521027896117,1.0077044958522485,60.01053033279525,False,False,normal
1,1,SMT_008459,5,residential,1.0076600113574155,1.0053568779150501,60.00133680557156,False,False,normal
1,1,SMT_011370,6,commercial,1.9578972455891133,1.001173694645638,59.99258553409488,False,False,normal
1,1,SMT_003036,3,residential,1.1776363607375262,1.0075419230815381,60.011622050312276,False,False,normal
1,1,SMT_002768,3,residential,0.49666843206873695,1.009946805837078,59.993520847584975,False,False,normal
1,1,SMT_006142,4,residential,0.7417384926496232,1.007531867616823,60.00594368931269,False,False,normal
1,1,SMT_016366,9,residential,0.43672263819643664,0.983102676778216,60.004229835156394,False,False,normal
1,1,SMT_005909,4,commercial,1.9926406316382448,0.987197839730068,59.99439487059463,False,False,normal
1,1,SMT_020190,11,residential,0.9164720701553472,0.9962576890753665,59.99815608846016,False,False,normal
1,1,SMT_013381,7,industrial,8.89814353958892,1.0107332120823842,59.99100673405694,False,False,normal
1,1,SMT_021436,12,residential,0.5986282140927534,0.9984274623759535,60.00257817143565,False,False,normal
1,1,SMT_012247,6,residential,0.9157067548279255,0.9941352645434356,60.00332020714353,False,False,normal
1,1,SMT_020171,11,residential,1.1982699852158358,0.9995845989382987,60.02018300644902,False,False,normal
1,1,SMT_000515,2,industrial,10.82862236346745,1.000674287742956,60.001049408623004,False,False,normal
1,1,SMT_016191,9,commercial,3.716809156951786,1.0058983010326492,60.00976271929528,False,False,normal
1,1,SMT_020776,11,industrial,30.35599206275067,1.019173489025942,59.99348304521438,False,False,normal
1,1,SMT_008454,5,commercial,2.348659348971946,0.9994401720472935,59.987132557034116,False,False,normal
1,1,SMT_012648,6,residential,0.83815205871343,1.0039772311144246,59.98287626240375,False,False,normal
1,1,SMT_010974,6,residential,0.590834567339989,1.0012556366336391,60.00826159750111,False,False,normal
1,1,SMT_014533,8,residential,0.4441519720863689,0.9952015891835607,60.01481713829848,False,False,normal
1,1,SMT_004586,3,industrial,22.602966513239767,0.98429460344085,59.986521962103254,False,False,normal
1,1,SMT_007410,4,residential,1.089961972325839,0.994307026225908,60.0080415339093,False,False,normal
1,1,SMT_002412,2,commercial,2.355138657486495,1.0233415429714015,59.99922794008631,False,False,normal
1,1,SMT_000056,1,residential,0.5049066315035545,0.9986800347451917,60.00617576374414,False,False,normal
1,1,SMT_019431,10,residential,0.9975088205457614,1.0003515185592722,59.99674051181036,True,False,normal
1,1,SMT_003928,3,residential,0.4496570183451504,1.009474820083894,59.98965422221874,False,False,normal
1,1,SMT_021516,12,residential,0.8700835909948459,0.9959941499611003,60.00024786234118,True,False,normal
1,1,SMT_014664,8,residential,0.6682784828,1.0067145112655314,60.00576293052261,False,False,normal
1,1,SMT_009321,5,residential,0.802016820757107,1.0007381664410402,59.99622505981381,False,False,normal
1,1,SMT_000689,2,industrial,18.97855425221021,1.0140908538444817,59.99970004510856,False,False,normal
1,1,SMT_011554,6,commercial,2.3601014056338854,1.0028259215070645,59.985446266130396,False,False,normal
1,1,SMT_001011,2,industrial,10.391074813708823,0.9921674894316239,60.00535912846947,False,False,normal
1,1,SMT_012396,6,residential,1.0198708972356143,1.0101080340362516,59.99973724967717,False,False,normal
1,1,SMT_002521,2,residential,0.8539069651434117,0.9920329625596394,59.991234151093735,True,False,normal
1,1,SMT_023481,14,commercial,3.14307901814588,0.9973065196717135,59.99662370011185,False,False,normal
1,1,SMT_010419,6,residential,0.38929254023444504,0.9906827693649879,60.01196162020671,False,False,normal
1,1,SMT_004941,3,residential,0.8093835367627789,1.0047859785234334,60.00914868345028,False,False,normal
1,1,SMT_021342,12,residential,1.0929177706683857,1.0111171290851064,59.99131172864705,True,False,normal
1,1,SMT_019970,11,commercial,2.5083579381182926,1.0106521161306643,59.98987775357766,False,False,normal
1,1,SMT_016631,9,industrial,23.95107517818119,0.9985279431010794,60.00709526840085,False,False,normal
1,1,SMT_009219,5,commercial,3.2489535512374847,1.0119585499084964,60.01597452987218,False,False,normal
1,1,SMT_005512,4,residential,1.1037207519423793,1.0017571351780312,59.98613730751794,True,False,normal
1,1,SMT_006398,4,industrial,10.437233640112636,0.9966683716520833,59.98632235025882,False,False,normal
1,1,SMT_021050,12,industrial,18.405103840189646,1.0029002422202047,59.99857734901465,False,False,normal
1,1,SMT_015099,8,commercial,2.923888932250814,1.008861852322205,59.978047514200995,False,False,normal
1,1,SMT_016746,10,commercial,2.5947258906448156,1.0052034153445064,60.006866975514505,False,False,normal
1,1,SMT_004917,3,residential,1.1497163865276567,1.0017345941899274,60.00682974672983,False,False,normal
1,1,SMT_002346,2,residential,0.643636027181021,1.0012027187563621,59.99090833331346,False,False,normal
1,1,SMT_009533,5,industrial,24.57172125425847,0.9911790403600356,60.006832518680774,False,False,normal
1,1,SMT_016192,9,residential,0.45077497872605865,0.9919903041898338,60.00111319738844,False,False,normal
1,1,SMT_013795,7,residential,0.5976879414527898,0.9918181976444902,60.011588655175956,False,False,normal
1,1,SMT_003304,3,industrial,18.326168784794216,1.0122650997806035,60.004162538131496,False,False,normal
1,1,SMT_007178,4,residential,1.1412258204584036,0.9852210346415955,60.00179094394778,False,False,normal
1,1,SMT_015800,9,residential,0.9590354100575925,1.0164079926823764,60.01895746718042,False,False,normal
1,1,SMT_022595,13,residential,1.0597644800402644,0.9942656515479877,60.029343681799965,False,False,normal
1,1,SMT_018456,10,commercial,3.61888201928653,0.9790618146149694,59.98798186680573,False,False,normal
1,1,SMT_021819,12,residential,0.7613400379613868,1.0146608609507908,59.99173467949654,False,False,normal
1,1,SMT_000734,2,residential,0.4923820984873064,1.0091314101310458,59.989255102556335,False,False,normal
1,1,SMT_008565,5,residential,1.0286741323322148,0.9994173891136143,60.00125432848234,True,False,normal
1,1,SMT_006964,4,industrial,9.775489062184215,1.00021059817066,59.98280108295609,False,False,normal
1,1,SMT_012174,6,industrial,15.6496308010013,1.0175591119094922,59.99565092687799,False,False,normal
1,1,SMT_014186,8,residential,0.918810717981103,1.0052885063860006,60.003839936810145,False,False,normal
1,1,SMT_019265,10,commercial,1.642206857632189,0.9945279963899814,60.00917287405582,False,False,normal
1,1,SMT_014204,8,residential,0.6636505479825459,1.003997999380463,60.014378651987464,False,False,normal
1,1,SMT_011492,6,residential,0.4665913373724902,0.9925961557265685,60.01268717108951,False,False,normal
1,1,SMT_016733,9,residential,0.4635852751938511,0.9967204719842524,59.99902820924032,False,False,normal
1,1,SMT_000009,1,residential,0.6301698620568913,1.0067763743690257,59.99729226448855,False,False,normal
1,1,SMT_013088,7,commercial,1.651748973090251,1.002662602327609,59.99524906845794,False,False,normal
1,1,SMT_012782,6,residential,0.5505043145133094,0.9997836893720945,59.9996297246676,False,False,normal
1,1,SMT_010490,6,commercial,1.9136701053880878,1.0116158068195535,60.00373332593765,False,False,normal
1,1,SMT_015815,9,commercial,2.758322984723294,1.0073065492738489,60.009099507595714,False,False,normal
1,1,SMT_017912,10,commercial,4.024598999849085,0.9987069929054974,59.990239563110926,False,False,normal
1,1,SMT_020860,12,commercial,3.377455854063525,1.002479835606889,60.00163059370857,False,False,normal
1,1,SMT_012977,7,industrial,21.863478360678908,0.9940986987952711,59.99557681141444,False,False,normal
1,1,SMT_018644,10,residential,0.4609540115042773,0.989748664746807,60.00393975288095,False,False,normal
1,1,SMT_014890,8,commercial,1.4763476851180999,0.9780299291314563,59.98887886691744,False,False,normal
1,1,SMT_021851,12,industrial,16.97110727962787,1.0107492467695882,59.99727495643595,False,False,normal
1,1,SMT_002674,3,commercial,3.075332390088632,1.0082911568483006,60.01297965350133,False,False,normal
1,1,SMT_014087,8,residential,0.5734653910440415,1.011034069155735,60.00257078328886,True,False,normal
1,1,SMT_013089,7,industrial,13.740515461175086,1.0010138926213528,59.99579484750148,False,False,normal
1,1,SMT_009200,5,residential,0.8535287866732778,1.0079380559731252,59.99741937962776,False,False,normal
1,1,SMT_002676,3,residential,0.5314856657284764,1.0073014273938843,60.00193666581242,False,False,normal
1,1,SMT_007384,4,industrial,26.762208667210256,0.99806076447881,59.999387958777255,False,False,normal
1,1,SMT_018432,10,residential,0.9364416712034593,0.9989485549812845,60.00520518639504,False,False,normal
1,1,SMT_007768,4,residential,0.48586979698966987,1.001266784252817,59.990751787979804,False,False,normal
1,1,SMT_005387,4,residential,0.42713073389989736,1.006741677840757,60.01163103496334,False,False,normal
1,1,SMT_016977,10,residential,0.6724747323447738,0.9908638553881568,59.99807455694197,False,False,normal
1,1,SMT_010934,6,residential,1.1721300674750226,1.0010504152484865,59.98481061175905,False,False,normal
1,1,SMT_018184,10,residential,0.9552507957930144,1.0032375962342759,60.007674249132904,True,False,normal
1,1,SMT_014675,8,residential,0.9831095395352522,1.0214415794635072,59.989694216817874,False,False,normal
1,1,SMT_020295,11,residential,1.152763078539441,1.0032565098834307,59.98590784590753,False,False,normal
1,1,SMT_003863,3,residential,1.029004063374275,0.9983366839841993,60.0040893614281,False,False,normal
1,1,SMT_006860,4,commercial,2.2674155591747667,0.9956922634952698,59.995706829213674,False,False,normal
1,1,SMT_021121,12,industrial,27.42283042602551,1.0007415128685475,59.99967037376751,False,False,normal
1,1,SMT_022396,13,commercial,3.4628727918960123,0.9925651847225022,60.00776696276885,False,False,normal
1,1,SMT_002424,2,commercial,2.569862140553314,1.0054310617395006,60.00739594668141,False,False,normal
1,1,SMT_020021,11,commercial,1.567605204273211,0.9956937266637855,60.00812479330191,False,False,normal
1,1,SMT_020427,11,residential,1.0364547532790687,0.989851033201904,60.01481055975772,False,False,normal
1,1,SMT_008206,4,residential,0.5113786745898117,1.013811138052374,59.994397037906985,False,False,normal
1,1,SMT_018912,10,industrial,18.696950744875995,0.9898464407410339,59.999330119116,False,False,normal
1,1,SMT_020574,11,residential,0.4261371858604875,1.004903517428489,59.98489629500361,True,False,normal
1,1,SMT_019696,11,residential,1.0966562058241631,1.0082454348380663,60.00129493092877,False,False,normal
1,1,SMT_003793,3,residential,0.5412754127415775,0.9842767648602271,60.01323498597402,False,False,normal
1,1,SMT_018491,10,industrial,20.320865908220654,1.0045759632511548,60.00491918464392,False,False,normal
1,1,SMT_005973,4,commercial,3.4965624433991156,0.9872997780030357,59.9957407188543,False,False,normal
1,1,SMT_007431,4,residential,1.1254366406857341,0.9982230158286338,60.00190312136357,False,False,normal
1,1,SMT_021909,12,residential,0.4498965936618118,0.9976765495669772,59.99508850025154,False,False,normal
1,1,SMT_007964,4,residential,0.8953745876125364,0.9953744563119356,60.012457466861086,False,False,normal
1,1,SMT_005212,3,commercial,3.2984446357632966,1.0041910277549133,60.003006300554034,False,False,normal
1,1,SMT_022448,13,industrial,18.858403817395473,0.9904357075490375,59.983663646450225,False,False,normal
1,1,SMT_003082,3,commercial,1.800726134330298,1.0174582662645524,60.008765749820746,False,False,normal
1,1,SMT_013504,7,residential,0.6954229625783444,1.0052696255625215,60.00372990458594,False,False,normal
1,1,SMT_008757,5,residential,0.4367658021446547,1.0058411560126843,60.031051869598606,False,False,normal
1,1,SMT_016413,9,residential,0.7604491110030835,1.0050426445442722,59.98718733960379,False,False,normal
1,1,SMT_007367,4,commercial,1.0742234955170005,1.0121254141802896,60.02003452113666,False,False,normal
1,1,SMT_010795,6,commercial,1.5501871054695653,1.0013888108949531,59.99741147708243,False,False,normal
1,1,SMT_015083,8,residential,0.7520432505786577,1.001165941396513,60.00781356398689,False,False,normal
1,1,SMT_006210,4,residential,0.4506343843123796,0.9930961454723484,60.01117118480261,False,False,normal
1,1,SMT_010778,6,residential,0.5258893280139995,1.0005641889210362,60.016680617868566,False,False,normal
1,1,SMT_009303,5,residential,0.5265293842557791,0.9966210841507961,60.01084444104876,True,False,normal
1,1,SMT_011115,6,residential,0.6789898221840303,1.0230154283033235,59.99763340898904,False,False,normal
1,1,SMT_008252,4,commercial,2.878004429983607,0.9962146112168606,59.993284719184224,False,False,normal
1,1,SMT_012398,6,commercial,1.7681460191788505,0.9867546115940429,59.99432349537391,False,False,normal
1,1,SMT_011996,6,commercial,3.247577111771463,1.004021250800202,60.0041267845524,False,False,normal
1,1,SMT_023136,13,residential,0.8853178454985704,0.9834350857810433,60.00702893269801,True,False,normal
1,1,SMT_013319,7,commercial,1.2370257127284605,0.9976889318060093,59.99455323350433,False,False,normal
1,1,SMT_020684,11,residential,0.679220757640664,0.9774402546580396,60.00202311435086,False,False,normal
1,1,SMT_009349,5,residential,0.743684896341781,1.0111434210633918,59.99891697698821,False,False,normal
1,1,SMT_014944,8,residential,0.6883287552137992,0.9983228426935484,60.00885654169144,True,False,normal
1,1,SMT_005947,4,residential,0.855231939237557,1.0113583664855856,60.000944915275596,False,False,normal
1,1,SMT_009280,5,residential,0.9405445994030915,1.000496496511667,59.99623518189859,False,False,normal
1,1,SMT_016324,9,residential,1.0960289106909014,0.9887407502471875,59.99351043414508,False,False,normal
1,1,SMT_023004,13,residential,0.7798529100619866,0.9955288342473195,60.01026106457933,False,False,normal
1,1,SMT_023603,14,commercial,3.7443793522631927,1.01432003212372,59.99322459704062,False,False,normal
1,1,SMT_002090,2,commercial,1.867040358438621,0.9953659892144899,60.021244789972805,False,False,normal
1,1,SMT_004098,3,residential,1.1325090839467968,0.9984663033332685,59.997345530341946,False,False,normal
1,1,SMT_018151,10,residential,1.08179823417658,1.0006798191629083,60.000362952702325,False,False,normal
1,1,SMT_015730,9,commercial,2.247990408353829,0.9809092982432416,60.00070378213617,False,False,normal
1,1,SMT_013130,7,residential,0.801309154144473,1.017249869146758,59.991024764590854,False,False,normal
1,1,SMT_006527,4,commercial,2.459809451737983,1.014337453051305,60.00671633375446,False,False,normal
1,1,SMT_006292,4,residential,0.8383080103955541,0.9872919700849874,59.99119827592224,False,False,normal
1,1,SMT_001838,2,commercial,2.7230185562415676,0.9886524088157518,59.99485158403352,False,False,normal
1,1,SMT_015459,9,residential,0.9013255770157144,0.9927299969577131,59.9973773131987,False,False,normal
1,1,SMT_015664,9,residential,0.9548904667777361,1.0054053609719829,60.008708488856065,False,False,normal
1,1,SMT_012845,7,residential,0.5846783253120064,0.9932929997897443,60.003630226123384,False,False,normal
1,1,SMT_021016,12,residential,0.5586523030177788,1.0074442289894645,59.99605661435121,False,False,normal
1,1,SMT_006773,4,industrial,25.42008237896427,1.0048358022352657,60.01377893889665,False,False,normal
1,1,SMT_022433,13,residential,0.718491668342874,0.9804482451789425,60.012841588828316,True,False,normal
1,1,SMT_013479,7,residential,1.0524060428881306,1.006393835653745,60.007461550582164,False,False,normal
1,1,SMT_010495,6,commercial,3.539944873315544,0.9849784216758996,60.004358596934416,False,False,normal
1,1,SMT_009487,5,commercial,3.47496228615284,1.012361575315437,59.99378588371735,False,False,normal
1,1,SMT_004085,3,residential,0.5705988757721637,1.0012567829724457,60.003660754767225,False,False,normal
1,1,SMT_000821,2,commercial,1.4394702348714685,1.0121429286808994,60.01343491091588,False,False,normal
1,1,SMT_023527,14,residential,0.5888554061683067,0.9869127877878716,60.00137393427005,True,False,normal
1,1,SMT_022506,13,residential,0.9009778238154611,0.9907879521842864,59.99369565088953,True,False,normal
1,1,SMT_009528,5,industrial,6.273770849848658,1.0048334379668793,59.99670645613782,False,False,normal
1,1,SMT_004454,3,residential,0.6332464999633176,1.002881001143262,59.96993525058561,False,False,normal
1,1,SMT_023306,14,residential,0.7088660532043213,0.9958667337199185,59.996866716576434,False,False,normal
1,1,SMT_022027,12,industrial,27.295293809944766,0.9927077989607911,60.00476311422503,False,False,normal
1,1,SMT_002104,2,commercial,3.2773002666310727,0.9742090545282185,60.01642083129516,False,False,normal
1,1,SMT_016421,9,commercial,1.4270869292741848,0.9833463450555411,59.98598006984379,False,False,normal
1,1,SMT_014076,8,residential,0.7216203679981754,1.0076847027859135,59.989932622059676,False,False,normal
1,1,SMT_011946,6,commercial,3.1017823691030983,1.0060479288003332,59.9843907773093,False,False,normal
1,1,SMT_010765,6,industrial,26.831916207083207,0.9883628093600911,60.00121215610397,False,False,normal
1,1,SMT_010128,5,commercial,2.025819067024875,0.9972601697995133,59.99369192479475,False,False,normal
1,1,SMT_008771,5,residential,0.6518026913877857,1.0176883001260448,60.00278726306572,True,False,normal
1,1,SMT_023459,14,residential,0.6172942188448722,0.9922873084280911,60.00412595741972,False,False,normal
1,1,SMT_019519,10,residential,1.2030822204643898,0.9904399442791042,59.997927832259535,False,False,normal
1,1,SMT_008656,5,industrial,22.960855787191534,0.998298928397762,60.010998868341865,False,False,normal
1,1,SMT_016511,9,residential,0.47900356942564565,0.9950072725896748,59.98752848004984,True,False,normal
1,1,SMT_000309,1,residential,0.9656211938775875,1.0247533190369948,59.99407541002195,False,False,normal
1,1,SMT_010863,6,commercial,1.9204785423952082,1.019630382557677,60.00937864289065,False,False,normal
1,1,SMT_020985,12,commercial,1.4740722784168563,0.9919295860877357,60.016944801766115,False,False,normal
1,1,SMT_010760,6,commercial,1.3016020610456707,1.0013099861799972,59.99227724253086,False,False,normal
1,1,SMT_022655,13,industrial,17.29660050165429,0.9949590909964512,60.00695214786195,False,False,normal
1,1,SMT_005371,4,commercial,0.9380664567705753,1.0133900221166985,60.0134835370614,False,False,normal
1,1,SMT_021361,12,industrial,26.228239617069104,1.0140671850416572,60.00386714000682,False,False,normal
1,1,SMT_013451,7,commercial,1.6426743955161194,1.0098998189515604,60.01289373818452,False,False,normal
1,1,SMT_012857,7,residential,0.5871922894027195,1.0023732994758958,59.99420439521215,False,False,normal
1,1,SMT_007544,4,residential,0.5605216770709636,1.0020399099016752,60.01598094670392,False,False,normal
1,1,SMT_022381,13,industrial,15.506353149022598,1.0214689605643745,60.00204571111513,False,False,normal
1,1,SMT_001121,2,industrial,17.536697191100874,0.9868220518627494,60.00027634103093,False,False,normal
1,1,SMT_015490,9,residential,0.8901659149129879,1.0067207622715582,59.99121397831371,False,False,normal
1,1,SMT_003622,3,residential,0.466796862775057,0.9985545665067119,59.99427057501038,False,False,normal
1,1,SMT_021120,12,residential,0.4031408218121793,1.012398876063538,59.986213236046495,False,False,normal
1,1,SMT_012559,6,commercial,3.2368139973240213,0.9951721388032956,59.99618621984974,False,False,normal
1,1,SMT_004325,3,residential,1.1866135484050724,0.9961832736705828,60.00885009991781,False,False,normal
1,1,SMT_014185,8,residential,0.5471493483810607,0.997714814699368,60.00629431195954,False,False,normal
1,1,SMT_017274,10,commercial,2.0990831388898252,0.9982048262256082,60.00965190418514,False,False,normal
1,1,SMT_023364,14,commercial,3.5382274470615074,0.9832789744128928,60.01091148534456,False,False,normal
1,1,SMT_001127,2,residential,1.0986538413524927,1.0124942528051706,59.99251435266812,False,False,normal
1,1,SMT_009614,5,commercial,3.6605884692871875,1.0066533693681836,59.99131086993371,False,False,normal
1,1,SMT_017730,10,commercial,1.170806813496104,1.0065470652230615,60.00053607529231,False,False,normal
1,1,SMT_000340,1,industrial,19.60739366882849,0.9957185443341313,59.99899328289947,False,False,normal
1,1,SMT_010289,5,commercial,1.3585660605090375,1.0008555049214765,60.00517350013453,False,False,normal
1,1,SMT_020035,11,residential,1.0238160622429981,1.0120653655486922,60.010405819037686,False,False,normal
1,1,SMT_009730,5,commercial,2.019112904011016,1.0056289212225449,59.984978322815685,False,False,normal
1,1,SMT_015841,9,residential,1.1624487610573808,0.9880812818291205,59.99281154539748,False,False,normal
1,1,SMT_011525,6,commercial,2.7216222364902793,0.9902117494800063,59.99899953207987,False,False,normal
1,1,SMT_004010,3,commercial,1.0914485204525255,0.9938300312759858,59.999160895681975,False,False,normal
1,1,SMT_010125,5,residential,1.1190097615737842,1.000448350003072,60.0037189404899,False,False,normal
1,1,SMT_000906,2,commercial,1.6577279165701455,0.9927881791748825,59.98739080511498,False,False,normal
1,1,SMT_016692,9,residential,0.42594991908510527,1.010417558973808,59.99742781584206,False,False,normal
1,1,SMT_013305,7,residential,1.2673382471639687,0.997537107144352,60.01267337760778,False,False,normal
1,1,SMT_006147,4,residential,0.7231370366941505,1.0134236652572464,59.998603090727684,False,False,normal
1,1,SMT_013673,7,industrial,13.224343789941258,0.9887429434921013,60.012099158862135,False,False,normal
1,1,SMT_021003,12,commercial,2.4581115493841295,1.0085243689335996,59.98718565211098,False,False,normal
1,1,SMT_017104,10,commercial,1.4369016317740302,0.9832804507918813,59.98404149336923,False,False,normal
1,1,SMT_001297,2,industrial,13.204277604190935,0.9922402910125467,59.99016171730777,False,False,normal
1,1,SMT_013580,7,residential,0.8030257670472012,1.0042081871577118,59.99861479059871,False,False,normal
1,1,SMT_014418,8,residential,1.1605651880619947,1.031839591050915,59.999733181039474,False,False,normal
1,1,SMT_000459,1,residential,0.7664539938881644,1.0101759193037063,59.98890830601943,False,False,normal
1,1,SMT_003983,3,residential,1.0749710984265395,1.0214075615565752,59.981514968064545,True,False,normal
1,1,SMT_011437,6,residential,0.6907503630125748,0.9722831837372331,59.99361040843573,False,False,normal
1,1,SMT_009759,5,industrial,15.372707286625259,0.9988207580235776,59.991596279275015,False,False,normal
1,1,SMT_020602,11,commercial,3.2699701238939904,0.9970640371759141,60.00929175318458,False,False,normal
1,1,SMT_008773,5,commercial,3.7326968783778205,0.9997289259174496,59.99752887557893,False,False,normal
1,1,SMT_017339,10,commercial,3.9160027740237315,0.9947839200173851,59.993028551476755,False,False,normal
1,1,SMT_019095,10,commercial,2.106414408259047,1.0150558075552107,60.00172480661321,False,False,normal
1,1,SMT_021442,12,residential,1.1455796039712818,1.0020192130833903,59.9865310807542,False,False,normal
1,1,SMT_012068,6,residential,1.1274921233068118,0.9921847944189173,59.99765362619643,True,False,normal
1,1,SMT_006497,4,commercial,1.0531098224427502,1.0046790345594387,59.988601629358044,False,False,normal
1,1,SMT_004912,3,residential,0.4718489845567677,0.978705084186354,60.00431835803512,False,False,normal
1,1,SMT_003207,3,residential,0.8638071053497787,0.9974683759737636,59.99081272226838,True,False,normal
1,1,SMT_020120,11,residential,0.5075235905792795,0.9907452168749629,59.99606638605673,False,False,normal
1,1,SMT_013318,7,residential,1.034821817946832,0.9896689398623894,60.00647608630045,False,False,normal
1,1,SMT_004576,3,residential,0.8221282040080651,1.0077239591171385,59.995272817362306,False,False,normal
1,1,SMT_004946,3,commercial,3.8859114237774293,0.985894451313577,59.99398636177015,False,False,normal
1,1,SMT_003474,3,residential,1.1209427283799966,1.0176998476381796,60.01168503106982,False,False,normal
1,1,SMT_000402,1,residential,0.8155019467610701,1.0171422601680316,59.992496403769906,False,False,normal
1,1,SMT_016082,9,residential,0.9694985694911705,0.9852222063593999,59.99455568349132,False,False,normal
1,1,SMT_017910,10,residential,0.8044006830262547,0.9976306240153999,59.993999465403355,True,False,normal
1,1,SMT_020177,11,industrial,14.99108381177782,0.9931787379880889,59.98117865947008,False,False,normal
1,1,SMT_000372,1,residential,1.177779827527733,1.0020902275849761,60.00784441820764,False,False,normal
1,1,SMT_021902,12,industrial,29.41554897265652,1.0092415462953421,60.002629807036904,False,False,normal
1,1,SMT_003299,3,residential,0.7905875571983169,0.9877403442122281,59.986153298545936,False,False,normal
1,1,SMT_021054,12,industrial,6.555782850554755,1.0053430352598165,59.97336816206735,False,False,normal
1,1,SMT_014235,8,residential,0.7825659660748837,1.0156950343685092,60.014814541533724,False,False,normal
1,1,SMT_019221,10,residential,0.43641957307855606,1.0005897951621952,60.00374956199677,False,False,normal
1,1,SMT_003660,3,residential,0.49464911083238555,1.0108157944241656,60.02838672427321,False,False,normal
1,1,SMT_018327,10,residential,0.48562661106686483,0.9800246563952952,60.01018366550949,False,False,normal
1,1,SMT_003450,3,industrial,9.17495715772946,0.978048866001332,60.000420273851525,False,False,normal
1,1,SMT_019189,10,residential,0.6028903775350327,0.9807273306481179,60.010921155037934,False,False,normal
1,1,SMT_014102,8,commercial,2.7011362530834653,0.9864956230983184,59.99587719622177,False,False,normal
1,1,SMT_015343,9,industrial,21.442588863302596,1.0077622089899618,60.00128068876863,False,False,normal
1,1,SMT_011434,6,industrial,9.51595415918102,0.9893107949419393,59.99281036567061,False,False,normal
1,1,SMT_005325,4,residential,0.7640642015717414,0.9843706300577069,59.98821263759739,True,False,normal
1,1,SMT_023191,14,residential,0.6134121902286906,0.9808968296658356,59.9883321768853,False,False,normal
1,1,SMT_001476,2,industrial,8.529628850802906,1.0038537354903898,60.01913938534438,False,False,normal
1,1,SMT_012121,6,residential,0.46293428074686904,1.018484954932456,60.00251498618314,False,False,normal
1,1,SMT_019988,11,residential,1.1535822695996147,0.9908763107322424,59.99095485829024,False,False,normal
1,1,SMT_003617,3,industrial,8.993063351943643,1.012164158538947,59.9982360113759,False,False,normal
1,1,SMT_011855,6,residential,0.9156580676303411,1.0026335366608552,60.01850430991645,False,False,normal
1,1,SMT_020288,11,commercial,3.3002660967831092,0.9971819358265436,59.997133433106455,False,False,normal
1,1,SMT_013459,7,residential,0.6096232478460125,1.014824656272413,59.99138612023442,False,False,normal
1,1,SMT_013131,7,commercial,1.454358020012563,1.0080524835253133,59.99573651455031,False,False,normal
1,1,SMT_002143,2,residential,0.5742056537849897,1.0221903067791103,59.99824503228113,False,False,normal
1,1,SMT_011770,6,residential,1.0561017262425483,0.9954073627186375,60.00737775557863,False,False,normal
1,1,SMT_011411,6,residential,0.485526341894759,0.986717055492364,60.0076349311764,False,False,normal
1,1,SMT_009877,5,residential,0.9231348744993211,1.0054590848141876,59.99584370268042,False,False,normal
1,1,SMT_019545,10,residential,0.47591289303438317,0.9993498039706061,59.998264489312575,False,False,normal
1,1,SMT_023559,14,residential,0.6505675247051671,1.0020754998917851,60.004464668469964,False,False,normal
1,1,SMT_016358,9,residential,0.7522460136618286,1.0050376456625865,60.00137397261936,False,False,normal
1,1,SMT_012985,7,residential,1.0938154699734777,1.0029008228906267,60.01700194814613,False,False,normal
1,1,SMT_022378,13,residential,0.6151518407986263,0.9828084589846695,59.99142575514601,False,False,normal
1,1,SMT_009643,5,industrial,12.291251965676379,0.9992856957123633,59.99876242281554,False,False,normal
1,1,SMT_021629,12,residential,0.9191011823903805,0.9934627731748822,60.00640558497965,False,False,normal
1,1,SMT_006267,4,industrial,12.198283383281572,0.9766356646684136,60.018688093061535,False,False,normal
1,1,SMT_011485,6,residential,0.3756749412687676,1.0073654341749714,59.996274875196356,False,False,normal
1,1,SMT_001679,2,residential,1.11249451657811,0.9807036891197548,59.98076729028619,False,False,normal
1,1,SMT_005665,4,residential,0.7888049469675982,1.0076760080130283,60.01059997840698,False,False,normal
1,1,SMT_019756,11,residential,0.7049629726890052,0.995750912239805,59.99153547780323,False,False,normal
1,1,SMT_011669,6,commercial,1.6586451205899202,1.0041279891847363,59.99028376352134,False,False,normal
1,1,SMT_017309,10,residential,0.5728709467871536,0.9691324660597286,60.00207033143492,False,False,normal
1,1,SMT_019682,11,industrial,13.034958796933564,0.9983532968827473,59.99395396907507,False,False,normal
1,1,SMT_002836,3,residential,0.987985146181316,0.9879778339721932,60.01038701712412,False,False,normal
1,1,SMT_016756,10,residential,0.8117637440408879,1.0078071589689739,60.00366331854761,False,False,normal
1,1,SMT_008959,5,residential,1.0861532443809916,1.0057787296678684,60.01146825440764,False,False,normal
1,1,SMT_014454,8,commercial,2.1161646127876663,1.0052716578052214,59.99630140957619,False,False,normal
1,1,SMT_012097,6,residential,0.5329089823273648,1.0136285141287116,59.999608601069056,False,False,normal
1,1,SMT_015190,9,residential,0.5123112223098687,0.9985428701688043,59.990124415507296,False,False,normal
1,1,SMT_018761,10,commercial,1.7821289055052947,1.00495353363702,59.997255421438034,False,False,normal
1,1,SMT_006060,4,industrial,19.2475823027618,1.0078763874143006,60.014951021651314,False,False,normal
1,1,SMT_021994,12,residential,1.0847037102366068,0.9934832180463624,60.016951592535314,False,False,normal
1,1,SMT_018080,10,residential,0.7598731810708503,1.0270878933049714,59.982732778975105,False,False,normal
1,1,SMT_015631,9,residential,1.1279841425392985,0.9991512230954772,60.0111132543744,False,False,normal
1,1,SMT_011228,6,commercial,2.844377763361076,0.9985211089862394,59.99721999069731,False,False,normal
1,1,SMT_022022,12,industrial,16.040829547712462,1.0013636058717725,59.994105876863856,False,False,normal
1,1,SMT_005009,3,residential,0.7059294542678394,1.0047036950068688,59.99213943705256,False,False,normal
1,1,SMT_015562,9,industrial,23.222637928819857,1.0052994667014186,59.98913745291167,False,False,normal
1,1,SMT_005957,4,residential,0.5098103378172687,1.0062331390089778,59.992887892975155,False,False,normal
1,1,SMT_006565,4,residential,0.7467922324070111,0.9912696443752685,60.0020450875672,False,False,normal
1,1,SMT_004081,3,residential,1.1212708924930932,0.9972830363385862,59.99254168361817,False,False,normal
1,1,SMT_019666,11,industrial,26.03246426363425,1.0008551215956767,60.01409485469651,False,False,normal
1,1,SMT_014118,8,commercial,2.888804595312676,1.0061179250608072,60.00506669098919,False,False,normal
1,1,SMT_010379,6,residential,1.1138183696444603,0.9910345701171016,59.99354860446333,False,False,normal
1,1,SMT_012050,6,residential,0.7964613146811,0.9902396294064643,59.98787916391956,True,False,normal
1,1,SMT_009167,5,residential,0.5654705028886066,0.9915439993641717,59.999040341368215,False,False,normal
1,1,SMT_003665,3,residential,0.4424102643075583,0.9838406672073476,60.00643269372492,False,False,normal
1,1,SMT_002472,2,residential,0.9274107363044114,1.0070538570370828,59.99199073457551,False,False,normal
1,1,SMT_015331,9,residential,1.1600635907195906,0.9948442793617911,60.014970448981956,False,False,normal
1,1,SMT_003494,3,residential,1.159304742838678,1.0053755726319005,60.012169171189086,False,False,normal
1,1,SMT_001897,2,residential,0.6811332388152469,0.9991706499517176,59.99381511828106,False,False,normal
1,1,SMT_001709,2,commercial,1.6593518087477324,0.9987115590261997,59.9928652473927,False,False,normal
1,1,SMT_000549,2,residential,0.9093569501873369,1.0018438332885302,59.982663127671614,False,False,normal
1,1,SMT_010515,6,residential,0.7936606352483868,1.0097165010311613,60.00599378404388,False,False,normal
1,1,SMT_022227,13,commercial,1.6703550926005846,1.0007054887378524,59.99815535086415,False,False,normal
1,1,SMT_015461,9,residential,0.8225075743772993,1.0115701700952018,59.99206876921376,False,False,normal
1,1,SMT_020968,12,residential,0.547972968073384,1.0029537397257318,60.01159853466362,False,False,normal
1,1,SMT_015079,8,commercial,1.5371068158402188,0.9984556955049035,60.00809229667304,False,False,normal
1,1,SMT_002902,3,commercial,1.225432300387574,1.0035167467039947,59.99683813485088,False,False,normal
1,1,SMT_012943,7,industrial,7.661821068516081,0.9878580083570394,60.01015458833426,False,False,normal
1,1,SMT_017916,10,residential,1.0138478145167489,0.9977606435945144,59.98737432320964,True,False,normal
1,1,SMT_020250,11,residential,0.6996285722148767,1.0022031039712196,60.01408117778256,False,False,normal
1,1,SMT_006954,4,residential,0.973515899551069,1.0038438781510002,60.00623579772424,True,False,normal
1,1,SMT_000142,1,residential,1.1113479406642808,1.001576911882384,59.9917569132628,False,False,normal
1,1,SMT_014741,8,residential,0.9392356290031629,0.9918915668842967,59.99135361311957,True,False,normal
1,1,SMT_019587,10,residential,0.9140677692297414,0.9957161979541593,59.994179652456346,False,False,normal
1,1,SMT_018220,10,commercial,3.6515169943674937,0.9925359001434475,60.00638626054423,False,False,normal
1,1,SMT_003629,3,residential,1.0406199441107322,0.9905628821221814,59.995520795862326,True,False,normal
1,1,SMT_010520,6,commercial,3.470774799974654,0.9936104965660474,60.00049961318455,False,False,normal
1,1,SMT_021149,12,residential,0.6736334801035007,0.9924900086751494,60.00346250700183,False,False,normal
1,1,SMT_006044,4,residential,0.4271103495502854,1.0141087281617365,59.9914001119644,False,False,normal
1,1,SMT_022642,13,residential,0.9876376519658111,1.0038174458716287,60.00720355927983,False,False,normal
1,1,SMT_005155,3,residential,0.8093212573053747,1.0038929128539122,60.00093803896214,True,False,normal
1,1,SMT_002219,2,industrial,9.163363654458399,0.9928540197507405,59.99906922208603,False,False,normal
1,1,SMT_015071,8,industrial,24.17611020770486,0.9925262138314954,59.99561346471312,False,False,normal
1,1,SMT_018032,10,residential,0.6749404905363156,0.997170887195563,60.000127049660996,False,False,normal
1,1,SMT_004636,3,industrial,20.987137438667585,0.9959974138182797,59.99302400708931,False,False,normal
1,1,SMT_019455,10,residential,1.1032074885762018,1.0063186136328275,60.00132727738817,False,False,normal
1,1,SMT_021885,12,residential,0.8541203848329352,0.9943643657906137,59.99107100368459,False,False,normal
1,1,SMT_013646,7,residential,1.1686005171442833,1.0022389041327175,59.98666517887363,False,False,normal
1,1,SMT_009892,5,commercial,1.9186728296700335,1.0078341326402676,59.99627741317762,False,False,normal
1,1,SMT_020817,11,residential,0.6693498643115325,1.0132876946113767,59.9977484492823,True,False,normal
1,1,SMT_012469,6,industrial,21.528386237588688,1.0056330813652934,60.01306984957018,False,False,normal
1,1,SMT_006290,4,commercial,2.4011210052328607,0.9813215986657798,59.98469433382379,False,False,normal
1,1,SMT_001095,2,residential,1.0033946406330985,0.9820447061828382,60.000408877603235,False,False,normal
1,1,SMT_014098,8,commercial,2.950992799810796,1.015093445885136,60.02262664683752,False,False,normal
1,1,SMT_014737,8,residential,1.021620144683632,1.0235735181748309,60.00679368187529,False,False,normal
1,1,SMT_000028,1,residential,0.5468645852212846,0.9943581472360573,59.98816164072582,False,False,normal
1,1,SMT_002844,3,residential,1.168176410180299,1.011461319403885,59.99217168393963,False,False,normal
1,1,SMT_007504,4,residential,1.0697336794435772,1.0153918297270177,60.0053350732758,False,False,normal
1,1,SMT_016508,9,residential,0.998390821087455,1.0106847528425529,59.98384044762106,True,False,normal
1,1,SMT_001541,2,commercial,2.4401682683065165,1.0036232844526751,60.00037985229758,False,False,normal
1,1,SMT_002312,2,residential,1.1535815964345464,1.0110019655439897,59.99550837661192,False,False,normal
1,1,SMT_007792,4,residential,0.538816356234445,0.9942517971212969,59.990694049557746,False,False,normal
1,1,SMT_010902,6,residential,1.1733162238659431,0.9856158068124206,60.00907784314723,False,False,normal
1,1,SMT_013480,7,commercial,3.1923373911801565,1.0017939207975375,60.002264258406434,False,False,normal
1,1,SMT_000681,2,residential,0.6049083257639805,1.001440410228052,60.009940336721115,True,False,normal
1,1,SMT_003077,3,residential,0.6969281330727992,0.9968253110038497,60.00104354492573,False,False,normal
1,1,SMT_011134,6,residential,0.4441777065024699,1.0122879009201047,59.98880773944738,False,False,normal
1,1,SMT_009499,5,residential,1.045980598446445,1.0116751646498843,60.02273713591877,False,False,normal
1,1,SMT_021637,12,residential,0.6140104488542811,0.9960109682338222,59.9898263548392,False,False,normal
1,1,SMT_007263,4,residential,1.161896830624006,1.0105994618892806,60.00946739895098,False,False,normal
1,1,SMT_011343,6,residential,0.7690935483524307,1.0295846659055283,59.99096179936714,False,False,normal
1,1,SMT_002229,2,residential,1.0932612878742591,1.0129836170053867,60.00083319418475,False,False,normal
1,1,SMT_021159,12,residential,0.8819544844518743,1.0032062385288023,59.99956706029267,False,False,normal
1,1,SMT_018990,10,residential,0.7020442761433182,1.015659075774685,60.003653679426805,False,False,normal
1,1,SMT_013362,7,residential,0.541228824523588,0.9738097377448629,60.00797833273737,False,False,normal
1,1,SMT_015458,9,commercial,1.9758868420798397,0.9936939204083408,59.995353389541364,False,False,normal
1,1,SMT_007804,4,commercial,2.208047254747942,1.0144390881665917,59.98502004795015,False,False,normal
1,1,SMT_007516,4,commercial,3.16255075643859,1.003425732068137,59.9843836556393,False,False,normal
1,1,SMT_016256,9,residential,0.584220477656762,0.9767355260513699,59.99557698272412,False,False,normal
1,1,SMT_014392,8,residential,0.8960840738873475,0.9977871297363449,60.002900014456635,False,False,normal
1,1,SMT_002950,3,residential,0.8387714526256365,0.9978704879677541,60.00500798919629,False,False,normal
1,1,SMT_003246,3,industrial,27.114570208943878,0.9822848340340955,59.99945187669445,False,False,normal
1,1,SMT_016011,9,commercial,1.9284278286507046,1.0019379921424827,59.996850594889786,False,False,normal
1,1,SMT_011622,6,commercial,1.8108862468410052,1.0093731814754785,59.99619429113663,False,False,normal
1,1,SMT_000659,2,residential,0.7882382509423138,0.984502827722231,60.00705812283671,True,False,normal
1,1,SMT_007407,4,commercial,1.9008836375112022,0.9933092722133142,59.98930277983983,False,False,normal
1,1,SMT_009904,5,residential,0.7503095801421327,1.0014563202818243,60.013306207315686,False,False,normal
1,1,SMT_007448,4,industrial,27.244508536448194,1.0044202888345313,59.98818827424751,False,False,normal
1,1,SMT_009558,5,residential,1.0820421952088477,1.0038581993828202,59.999176817022395,False,False,normal
1,1,SMT_018561,10,industrial,24.36167718611992,1.0061258312755543,59.978604663892455,False,False,normal
1,1,SMT_017764,10,commercial,1.5012744625578018,1.0049553684131143,59.97701724152126,False,False,normal
1,1,SMT_004805,3,residential,1.052210118587099,1.0076502839462742,60.00624277438445,False,False,normal
1,1,SMT_011031,6,residential,0.7148443838497274,0.9874772049835803,59.992364697865675,False,False,normal
1,1,SMT_000838,2,industrial,25.8909765635436,1.009966935968481,60.01336276622012,False,False,normal
1,1,SMT_001434,2,residential,0.9862934276418975,0.978824133878492,60.001061914855384,False,False,normal
1,1,SMT_019400,10,residential,0.758596189668043,0.9874347386980289,59.975428215400136,False,False,normal
1,1,SMT_000802,2,residential,0.5355769657210891,1.0187813069989784,59.97865869197568,True,False,normal
1,1,SMT_018736,10,residential,0.7371528997389313,0.9881426106379791,60.00335911881337,False,False,normal
1,1,SMT_020111,11,residential,0.9854838180372909,1.0083826810938736,59.99630261369091,False,False,normal
1,1,SMT_016836,10,residential,0.3941077931572396,1.002435894647766,60.00167244272529,False,False,normal
1,1,SMT_017083,10,residential,0.8154169721784307,1.0004512093198108,59.9951430606165,False,False,normal
1,1,SMT_004975,3,residential,0.49966404132364045,0.9945915495609204,59.99264509748858,False,False,normal
1,1,SMT_012721,6,residential,0.7320703286466937,1.0080090419482308,60.007311198806896,False,False,normal
1,1,SMT_011049,6,commercial,3.6171306370331884,0.999969433078504,60.008073141733185,False,False,normal
1,1,SMT_010019,5,residential,0.6918206958627425,0.9948313656841763,59.994715773651706,False,False,normal
1,1,SMT_005508,4,commercial,4.400563365856834,0.9965742306552435,59.98984990659287,False,False,normal
1,1,SMT_020107,11,residential,1.1911070904037928,1.0018091748133844,59.994683668710984,False,False,normal
1,1,SMT_000074,1,residential,0.6742390579518053,1.0155206212566645,60.00419534459901,False,False,normal
1,1,SMT_005022,3,residential,0.964270057457674,0.9921225594070877,59.991061075768094,False,False,normal
1,1,SMT_019951,11,commercial,2.169761469720784,0.9924018524472729,59.99501774729023,False,False,normal
1,1,SMT_018795,10,residential,0.4936733173091472,0.9934944986894961,59.99714836054818,False,False,normal
1,1,SMT_019556,10,commercial,3.8135152824665104,1.0035110094952937,60.001120167127304,False,False,normal
1,1,SMT_007829,4,residential,0.6144850404530561,1.016700355946202,60.0114241880977,False,False,normal
1,1,SMT_013670,7,commercial,1.3039005555072964,0.9952352543963044,59.9851813220984,False,False,normal
1,1,SMT_022589,13,residential,0.606943137681803,0.9960152974289278,59.98515198613508,False,False,normal
1,1,SMT_003391,3,residential,0.5768935847981277,1.0015514971400192,59.9840434810738,False,False,normal
1,1,SMT_012601,6,residential,1.0594640988476927,1.0071707962807466,60.00584425548281,True,False,normal
1,1,SMT_005061,3,residential,0.951135466784962,1.0092999327761103,59.99501002670608,False,False,normal
1,1,SMT_006251,4,commercial,1.2706855976846696,0.9932320099209847,60.021850699535456,False,False,normal
1,1,SMT_018175,10,residential,0.7697911663315599,0.9841054673333838,60.01154210569346,False,False,normal
1,1,SMT_018830,10,residential,0.6882215253253079,0.9861459314493343,60.01171490133753,False,False,normal
1,1,SMT_021506,12,commercial,2.9637437277644785,0.9975719073029305,59.991094723844185,False,False,normal
1,1,SMT_001464,2,commercial,1.275198287076249,1.0112071924486297,59.999828488327005,False,False,normal
1,1,SMT_022167,12,residential,0.8386579377227209,0.9926373926588162,59.99606820821314,False,False,normal
1,1,SMT_021455,12,residential,0.5876509904034198,1.0068280009617936,60.01755410745996,False,False,normal
1,1,SMT_017530,10,commercial,3.2775457880790673,1.0160355635159597,60.00202016195652,False,False,normal
1,1,SMT_016075,9,residential,0.8922242638455422,1.0184819724827925,60.00434225470721,True,False,normal
1,1,SMT_012565,6,residential,0.963928754465034,0.9867061782759928,59.99753747346152,False,False,normal
1,1,SMT_022353,13,commercial,3.9444382797752606,1.0136700420687672,59.99904467253228,False,False,normal
1,1,SMT_021273,12,residential,1.0898984849813163,1.0075738366491946,59.99773403600044,False,False,normal
1,1,SMT_019358,10,residential,0.7688232463343672,1.0113910645797524,59.987875445557066,False,False,normal
1,1,SMT_023126,13,residential,0.5635433735338472,0.9921498845181818,59.991961006507196,False,False,normal
1,1,SMT_016948,10,residential,0.8718771411389784,0.9878040871667612,59.98574275993765,False,False,normal
1,1,SMT_016540,9,residential,0.9004528885242653,1.0051364078311302,60.00715559097819,False,False,normal
1,1,SMT_002145,2,residential,0.5586397372757896,1.0042054849810653,60.003101625121666,False,False,normal
1,1,SMT_003006,3,residential,0.9046279007647136,0.9944284359744859,60.000716015470026,False,False,normal
1,1,SMT_013285,7,residential,0.9584087483826689,1.0063093591070142,60.01052992752487,False,False,normal
1,1,SMT_000643,2,commercial,2.6240115186881185,1.0153840184932017,60.01371087812988,False,False,normal
1,1,SMT_002899,3,commercial,1.1060318763281496,0.9978090102211516,59.975712362706204,False,False,normal
1,1,SMT_012909,7,residential,0.5875014258036612,0.9981773469559726,60.012828125233156,False,False,normal
1,1,SMT_013770,7,industrial,22.19067777438364,0.9852343327353787,60.003997333204005,False,False,normal
1,1,SMT_022837,13,residential,0.9534089046523325,0.9985289221815696,59.99673153392473,False,False,normal
1,1,SMT_001943,2,industrial,15.203593979221163,0.9890476030976135,59.99064739816501,False,False,normal
1,1,SMT_010420,6,industrial,29.92476499549743,0.981213298577907,60.001023620723025,False,False,normal
1,1,SMT_006587,4,commercial,3.182787228877865,0.9990142102645636,60.00848058149168,False,False,normal
1,1,SMT_008696,5,residential,0.7631513801665466,0.996053013632193,60.0103145624961,False,False,normal
1,1,SMT_022053,12,commercial,3.390132563206176,1.0119516528242387,59.995097226629284,False,False,normal
1,1,SMT_003505,3,industrial,28.18210965876964,0.9894143004367721,60.00753726295235,False,False,normal
1,1,SMT_000587,2,residential,0.8909371551656231,1.002289139052656,60.01370807439862,False,False,normal
1,1,SMT_017814,10,residential,0.9779681764297593,0.990765650673963,60.00055627930045,False,False,normal
1,1,SMT_006965,4,residential,0.7356705995845305,1.0174450943487523,59.99196509307877,False,False,normal
1,1,SMT_004750,3,residential,0.9827665668116506,1.0033562429791851,59.98158399109741,False,False,normal
1,1,SMT_012434,6,residential,1.0822207902748844,1.0066199009647867,60.00416071064212,True,False,normal
1,1,SMT_016881,10,commercial,3.1157911037457557,0.980028715300159,59.99362825492048,False,False,normal
1,1,SMT_004878,3,commercial,2.7183715287799273,0.994134016844769,59.99887064398139,False,False,normal
1,1,SMT_019241,10,residential,0.534920213831413,0.9897149663096808,60.01064308500911,False,False,normal
1,1,SMT_017061,10,residential,0.6617329011047146,1.0008328152969617,60.01559448466583,False,False,normal
1,1,SMT_017313,10,residential,1.0221327342372588,1.021368681946632,59.99984157278472,True,False,normal
1,1,SMT_015107,8,commercial,2.7154711800570532,1.0094900144039396,59.9931875863539,False,False,normal
1,1,SMT_003751,3,commercial,1.093845830315855,0.9952837340875547,60.0182038470426,False,False,normal
1,1,SMT_013364,7,commercial,2.711187475209781,0.9797465971666005,60.00399856014486,False,False,normal
1,1,SMT_000974,2,commercial,3.023659873373765,1.02300901116341,60.018612598854595,False,False,normal
1,1,SMT_011138,6,residential,0.9402881229243892,0.9979818763522957,60.00760591298052,True,False,normal
1,1,SMT_010975,6,industrial,19.837823798895702,0.9816584347317584,60.001110357108224,False,False,normal
1,1,SMT_001786,2,residential,0.5494531908619735,1.0102386619244634,60.006646963960215,False,False,normal
1,1,SMT_014756,8,commercial,3.1688291736982763,0.9981001808881932,59.99433657698262,False,False,normal
1,1,SMT_009075,5,residential,0.9604596532759283,0.9753871671863766,60.01233389128583,False,False,normal
1,1,SMT_012342,6,residential,0.6876061774987465,0.9958617227895844,59.99771626348419,False,False,normal
1,1,SMT_004680,3,commercial,3.9374864167560717,0.9975242689562295,60.00379502942988,False,False,normal
1,1,SMT_005562,4,residential,0.8901007148522065,0.9885767268895362,60.009848386032196,False,False,normal
1,1,SMT_007066,4,residential,0.46826165925830204,1.0020296980281445,60.015847288337696,False,False,normal
1,1,SMT_018995,10,commercial,1.9189688214479004,1.0041946536160977,59.99633018300372,False,False,normal
1,1,SMT_018983,10,industrial,5.949508820674799,0.9975228224211414,60.00418923333255,False,False,normal
1,1,SMT_015239,9,residential,1.1782103257089875,0.9939074709107364,60.013262703617436,True,False,normal
1,1,SMT_009675,5,residential,1.0087030369657537,1.0074366379429405,60.01699111510442,False,False,normal
1,1,SMT_019777,11,commercial,3.2926208041457135,1.0197817803617484,60.00012657469616,False,False,normal
1,1,SMT_019195,10,residential,0.7448891984555237,1.009755732284038,60.008675047802406,False,False,normal
1,1,SMT_022404,13,commercial,4.040345034136472,1.0034918418069836,60.00367998912996,False,False,normal
1,1,SMT_007266,4,residential,0.7286793510479942,1.0003712189201197,60.00226360686015,False,False,normal
1,1,SMT_006076,4,commercial,3.2795445285261757,1.0095171010766357,59.99971670550941,False,False,normal
1,1,SMT_020026,11,residential,1.1870097994448379,0.9960674324388515,59.99717800008519,False,False,normal
1,1,SMT_005823,4,commercial,3.6043787009648183,1.00229462968049,60.01381780699682,False,False,normal
1,1,SMT_021276,12,residential,1.0923966696466578,0.9938777203851702,59.998342883646075,False,False,normal
1,1,SMT_003688,3,residential,0.9490035512550348,0.9907395172657317,59.9909072811614,True,False,normal
1,1,SMT_014932,8,residential,0.47281926982152844,0.9792532461741645,59.99242641734136,False,False,normal
1,1,SMT_006769,4,residential,1.1605999423740074,0.9923929475802051,60.00998015603082,False,False,normal
1,1,SMT_019462,10,residential,0.9071208353963911,1.0192616902445912,60.00421768413735,False,False,normal
1,1,SMT_011892,6,residential,0.5257567609290713,0.9957052753021848,60.02138481972317,False,False,normal
1,1,SMT_016667,9,industrial,12.753439888423928,0.9818454100602357,59.99311242883187,False,False,normal
1,1,SMT_014279,8,residential,0.9592943318213815,0.9989150416443561,59.99350050695233,False,False,normal
1,1,SMT_021662,12,industrial,15.943220556792308,1.0025410968327875,60.00418829185401,False,False,normal
1,1,SMT_021223,12,residential,0.5375131758449307,0.9877143594192241,60.01999923892925,True,False,normal
1,1,SMT_017138,10,residential,1.3106005076474436,1.0089058490802922,59.99110073797111,False,False,normal
1,1,SMT_004952,3,residential,0.49525265949022,0.9962882073947634,60.00482688893964,False,False,normal
1,1,SMT_004043,3,commercial,3.599347113329829,0.9985679502126651,59.98894460379858,False,False,normal
1,1,SMT_012610,6,residential,0.6072417015776473,0.9843553369439063,60.0116653376247,False,False,normal
1,1,SMT_006553,4,residential,0.6555310499750142,1.0054359974728357,59.99947576949469,True,False,normal
1,1,SMT_012793,6,residential,0.5619068873523464,0.9868540599446888,60.01136919580599,False,False,normal
1,1,SMT_016138,9,residential,0.5194176884226219,0.991728578804986,60.00232109995818,False,False,normal
1,1,SMT_006864,4,residential,0.5444523529150501,1.0140906039418633,59.99550973112763,False,False,normal
1,1,SMT_001140,2,residential,1.04968873269609,0.9938923433361841,59.998308573795384,False,False,normal
1,1,SMT_016465,9,industrial,10.769522289512095,0.9848178882455921,59.98288541339735,False,False,normal
1,1,SMT_010080,5,residential,0.58557688555918,1.0094449156923975,59.999620896669356,False,False,normal
1,1,SMT_008909,5,industrial,22.2098132334691,1.0143013823474194,60.00955882282469,False,False,normal
1,1,SMT_013069,7,commercial,3.1570835814366824,1.0124524654380755,60.00888580582655,False,False,normal
1,1,SMT_020220,11,residential,1.2370400832034025,0.9779217978147583,59.999651090354,False,False,normal
1,1,SMT_000051,1,residential,0.5724163886968737,0.9998659729880994,59.99360819577013,False,False,normal
1,1,SMT_009276,5,residential,0.41834631705489417,0.9997980526917489,60.002406440569324,False,False,normal
1,1,SMT_014886,8,residential,0.5321033825653678,1.0007149060237361,60.0102149036599,False,False,normal
1,1,SMT_006534,4,residential,0.6516932273149609,1.004587916523611,60.010141013916794,False,False,normal
1,1,SMT_004082,3,residential,0.9796909193880803,0.9941573348098588,59.9889420417994,True,False,normal
1,1,SMT_019071,10,industrial,19.771890470286237,1.021586382323463,60.00115091954568,False,False,normal
1,1,SMT_021795,12,residential,0.8458589498545691,0.992386210345427,59.99250523097623,False,False,normal
1,1,SMT_022010,12,commercial,3.7228330639296145,0.9938776213170153,60.00960417568041,False,False,normal
1,1,SMT_009813,5,industrial,6.969441517081214,1.003364916322444,59.99106909871555,False,False,normal
1,1,SMT_023216,14,commercial,3.5265006773530776,1.00097879761996,59.9835412832146,False,False,normal
1,1,SMT_018813,10,industrial,11.82016225410407,0.9979991550678717,59.99922117149972,False,False,normal
1,1,SMT_000215,1,commercial,3.392871937052643,0.9791756052507951,60.00648909170364,False,False,normal
1,1,SMT_001666,2,residential,0.6654291286183688,0.988173339243568,59.99734531626396,False,False,normal
1,1,SMT_008759,5,residential,1.2833645088709016,0.9969898194742167,59.989394576652955,False,False,normal
1,1,SMT_021600,12,commercial,2.8692870260018113,1.0025291035662955,60.01440970701808,False,False,normal
1,1,SMT_004715,3,industrial,26.986826784922243,0.9900714954280778,59.983158315337484,False,False,normal
1,1,SMT_000955,2,residential,1.0093677107799384,1.0019856728153393,59.99551213864199,True,False,normal
1,1,SMT_018680,10,industrial,10.912353438662693,0.9891073315358878,59.986442537936696,False,False,normal
1,1,SMT_017578,10,residential,0.42307356565379317,1.0004620468730518,60.01381651623713,True,False,normal
1,1,SMT_021338,12,residential,0.5211111189230551,0.9987216813845299,59.99815388956799,False,False,normal
1,1,SMT_007673,4,industrial,16.732088057522994,0.9944933883923286,59.97651061659352,False,False,normal
1,1,SMT_004972,3,commercial,3.236653412467819,1.009646566230655,59.99655658830195,False,False,normal
1,1,SMT_023704,14,commercial,2.7476565947414264,1.008773997812185,60.0026756974586,False,False,normal
1,1,SMT_005226,3,industrial,23.87406643084664,1.0063454786542039,59.98425018947586,False,False,normal
1,1,SMT_001734,2,residential,0.5524001958038798,0.9932626175292169,59.9940869646476,False,False,normal
1,1,SMT_002319,2,commercial,3.6955256547328563,1.0067967784327214,59.98773568524886,False,False,normal
1,1,SMT_012177,6,residential,0.6831850821818547,0.9867119222392416,60.01515713471995,False,False,normal
1,1,SMT_010512,6,commercial,1.4962096596154935,0.9911500870332339,59.99871941173752,False,False,normal
1,1,SMT_007734,4,commercial,2.5639655118031706,0.9935816443575637,59.99676953236324,False,False,normal
1,1,SMT_014972,8,residential,0.6954526859432544,1.0022557637217973,60.00523030182944,False,False,normal
1,1,SMT_018787,10,residential,1.0990017072854927,1.0060805921373888,59.99057520213045,False,False,normal
1,1,SMT_000064,1,residential,0.7417354039974376,1.0102049846380654,60.02261097708622,True,False,normal
1,1,SMT_020318,11,residential,0.7125831158767827,0.9922454815658263,60.00003309640433,False,False,normal
1,1,SMT_016286,9,residential,0.792017516160944,0.9905503654211818,60.00572858987961,False,False,normal
1,1,SMT_011175,6,commercial,2.043414252593931,1.0156946260624449,60.01466842062744,False,False,normal
1,1,SMT_002376,2,residential,1.1981108404870928,0.9990130056872366,59.99413738486833,False,False,normal
1,1,SMT_012833,7,residential,0.5949496314481866,0.9777777224328291,59.99418203803098,False,False,normal
1,1,SMT_012128,6,residential,1.1088283906079779,0.989138592731585,60.0022308883264,False,False,normal
1,1,SMT_016108,9,residential,1.183468024100835,0.9929810157131677,59.9976036043163,False,False,normal
1,1,SMT_006922,4,residential,0.7289451584231402,0.9991662754461489,59.99842994516338,True,False,normal
1,1,SMT_009418,5,industrial,10.288176359109,1.011174388962905,60.007667387512626,False,False,normal
1,1,SMT_001596,2,commercial,3.6939765416295796,0.9975593702853339,59.99793534405119,False,False,normal
1,1,SMT_000831,2,residential,0.6874111793221238,1.0114693608505445,60.00608151456971,False,False,normal
1,1,SMT_014849,8,commercial,1.9356554763933211,1.0068756127453211,60.00405114865319,False,False,normal
1,1,SMT_000564,2,residential,0.5503318952340579,1.0272403838894983,59.9883399036578,False,False,normal
1,1,SMT_020758,11,residential,0.47988332181241966,0.9989003285560092,60.00082204999192,True,False,normal
1,1,SMT_002538,2,residential,0.43040776431348665,0.9996273619090369,59.99840399417415,False,False,normal
1,1,SMT_000653,2,commercial,1.160708404950022,1.009086116887193,60.00101319818434,False,False,normal
1,1,SMT_013314,7,residential,0.897090538391063,0.9945394773734789,60.00458357562505,True,False,normal
1,1,SMT_001214,2,commercial,3.5461695186552773,0.9892311054980857,60.00605585111708,False,False,normal
1,1,SMT_019525,10,industrial,27.061757508509974,0.9939880608426823,60.0098753285357,False,False,normal
1,1,SMT_023509,14,commercial,3.4464440450283993,0.9946237803949542,60.00156616820568,False,False,normal
1,1,SMT_015044,8,residential,1.0243076694903923,1.0090955366071985,60.004546616901216,False,False,normal
1,1,SMT_017519,10,commercial,3.3452006800266467,1.0260220065055259,59.993216132882644,False,False,normal
1,1,SMT_022225,13,residential,0.7511617356042937,0.9939117591718014,60.01020767546364,False,False,normal
1,1,SMT_007728,4,residential,0.6933890954708696,1.0201380910570723,60.006634918288995,False,False,normal
1,1,SMT_017428,10,residential,0.7774921137566193,0.9813833551724513,60.01505488140581,False,False,normal
1,1,SMT_006307,4,industrial,27.914437951809145,1.0074631045498161,60.01442494221946,False,False,normal
1,1,SMT_005936,4,commercial,4.070736543076485,1.0074578080809393,59.99805189534263,False,False,normal
1,1,SMT_018393,10,residential,1.123200001670626,0.9905277277943233,60.01012201551424,True,False,normal
1,1,SMT_021438,12,residential,0.5455667948515094,0.9885548850612552,59.99835478635813,False,False,normal
1,1,SMT_009196,5,residential,0.6412835456849914,0.996719943193368,59.998417391151335,False,False,normal
1,1,SMT_000001,1,residential,0.5517371082420347,1.003397076277207,59.99900437259495,False,False,normal
1,1,SMT_017591,10,residential,1.1180230894517924,1.0171995283914987,59.995793513013425,False,False,normal
1,1,SMT_020930,12,residential,0.6285810028897068,1.0025994406955145,59.99526852794878,False,False,normal
1,1,SMT_021319,12,residential,0.8302758891089949,0.9982105626982348,59.99666291130338,False,False,normal
1,1,SMT_018842,10,residential,0.9889567466361994,0.9945041400167652,59.99689497208894,False,False,normal
1,1,SMT_004379,3,commercial,4.008721460764853,1.0123364810658333,60.00668401388582,False,False,normal
1,1,SMT_005281,4,commercial,4.137160703178648,1.0061284568957458,59.99555070461355,False,False,normal
1,1,SMT_018417,10,commercial,3.42363905400954,0.9967068680781794,59.99383682409537,False,False,normal
1,1,SMT_006884,4,residential,0.7306488119375713,1.0024874205717846,60.01139752030562,False,False,normal
1,1,SMT_015360,9,residential,1.0931203282508242,0.9839714925583826,59.98561377893813,False,False,normal
1,1,SMT_018350,10,residential,1.1714859593879192,1.0075282692078913,59.99830448198591,False,False,normal
1,1,SMT_005218,3,residential,0.7371316186930338,1.0056201299850405,59.99459545787212,False,False,normal
1,1,SMT_000180,1,residential,0.9081481296695917,1.012554641366607,60.007966225492694,False,False,normal
1,1,SMT_018615,10,residential,0.4933373105476885,1.0012900688918527,59.9837435813485,False,False,normal
1,1,SMT_021190,12,commercial,2.9510212895857797,0.9906482355102365,59.99636843358864,False,False,normal
1,1,SMT_017357,10,residential,0.8127864130063632,1.0068103991488608,59.9937152963597,False,False,normal
1,1,SMT_000148,1,industrial,21.808740058691825,0.9976109611847024,60.00322005863903,False,False,normal
1,1,SMT_007540,4,residential,0.4890187881012941,1.0070420418619217,60.01471088654194,False,False,normal
1,1,SMT_007381,4,residential,1.0060118705268897,0.9879504560635629,60.00780410887304,False,False,normal
1,1,SMT_007237,4,industrial,23.870797781490808,0.9851935640693511,60.00017891817753,False,False,normal
1,1,SMT_018200,10,residential,0.6199708444388914,1.0013385462482964,60.00543476292725,False,False,normal
1,1,SMT_011989,6,commercial,2.974053248262801,0.9959272872545348,60.0117403170045,False,False,normal
1,1,SMT_001503,2,commercial,2.0340511136435953,1.0118494582169273,60.00094590059018,False,False,normal
1,1,SMT_014591,8,residential,1.0723010921903005,0.9956788702992307,60.0052179941801,False,False,normal
1,1,SMT_008584,5,residential,1.2041335159672948,1.0172860537329942,59.99422861416016,False,False,normal
1,1,SMT_001199,2,residential,0.7049179704098136,0.9946162902390787,59.98354067012072,False,False,normal
1,1,SMT_008681,5,industrial,11.500011126151032,0.9793508395535041,60.007290050212895,False,False,normal
1,1,SMT_022733,13,residential,1.076702790287573,0.999421203665522,60.01148115123432,False,False,normal
1,1,SMT_013955,8,residential,0.8802528026565631,0.9975355316377154,60.01420752788669,False,False,normal
1,1,SMT_003726,3,residential,0.8219764652371213,1.0081727643605263,59.99932125744738,False,False,normal
1,1,SMT_012228,6,residential,1.0117294923847229,1.0180036498215486,60.00828576739014,False,False,normal
1,1,SMT_016562,9,residential,0.8771269623476663,0.9989638761241053,59.982556559789614,False,False,normal
1,1,SMT_004649,3,residential,0.8781169885987322,1.002217057676976,59.98743364802468,True,False,normal
1,1,SMT_012499,6,residential,0.7651644392651178,0.9908573567117147,59.99715761924015,False,False,normal
1,1,SMT_007031,4,residential,0.760686045147419,1.0169593802369012,59.99342212027012,True,False,normal
1,1,SMT_019044,10,residential,0.7264953929585628,0.9967044178063296,60.011879618869614,False,False,normal
1,1,SMT_015727,9,residential,1.0648470001166257,1.0066273579669447,60.00724942176644,False,False,normal
1,1,SMT_014240,8,residential,1.2696012182662901,0.9939010932213928,59.99941753745423,False,False,normal
1,1,SMT_000726,2,industrial,20.100787033276657,1.0095105866676408,59.98762469200896,False,False,normal
1,1,SMT_015958,9,residential,0.7323982688750426,1.0081514166207919,59.97862462079379,True,False,normal
1,1,SMT_004947,3,residential,0.5563067411974272,1.0002150835741273,59.98903263404918,False,False,normal
1,1,SMT_003456,3,residential,0.7530350293028902,0.9973716935457696,60.001568044353235,False,False,normal
1,1,SMT_005674,4,commercial,3.6444925627676747,1.0002703559857737,60.00043661042137,False,False,normal
1,1,SMT_005330,4,residential,0.8417663476326068,1.0101206682470518,59.98344823332353,True,False,normal
1,1,SMT_023403,14,industrial,27.599859405133017,1.0013324364358005,59.99761918472504,False,False,normal
1,1,SMT_000839,2,industrial,6.993424067524242,0.9960786309669938,59.99219183790943,False,False,normal
1,1,SMT_018706,10,residential,0.5034905872495286,0.988825660945279,60.00851659737311,True,False,normal
1,1,SMT_011621,6,residential,0.7023306784879434,1.007233586326228,59.990540974112044,False,False,normal
1,1,SMT_023113,13,commercial,2.635733568073571,1.0011516373894067,59.982891300772344,False,False,normal
1,1,SMT_022451,13,residential,1.0715693292805613,0.9905570931093897,59.99810658068746,False,False,normal
1,1,SMT_015634,9,commercial,1.5303378729959993,0.982939555849172,60.00785811659378,False,False,normal
1,1,SMT_010349,6,industrial,21.928153673067456,0.991884616193202,59.99909177414902,False,False,normal
1,1,SMT_005854,4,commercial,2.7663574812564415,1.0191422783722095,59.99310276316365,False,False,normal
1,1,SMT_015802,9,residential,0.41406402682538096,1.0079313970514405,59.99379503690666,False,False,normal
1,1,SMT_021618,12,residential,1.009719524093068,0.9971397614929008,60.00490789833874,False,False,normal
1,1,SMT_015115,8,residential,0.9971926789522056,1.016493317239895,59.99041762507566,True,False,normal
1,1,SMT_014670,8,residential,1.12559924685669,0.9889478083817725,60.000814594395386,False,False,normal
1,1,SMT_019826,11,commercial,2.619411001034103,1.0020315526810855,59.99670016375039,False,False,normal
1,1,SMT_021894,12,residential,0.45972652363079214,0.9992141184081259,59.98852654134397,True,False,normal
1,1,SMT_016919,10,industrial,12.651054345849897,0.9904478237638104,60.01161959355206,False,False,normal
1,1,SMT_008784,5,residential,0.7530664631224453,1.00633657931593,59.996537306552234,False,False,normal
1,1,SMT_013338,7,industrial,15.919307100653816,1.0086300321258745,59.995450561558584,False,False,normal
1,1,SMT_015852,9,residential,0.7542394349166885,0.9847135911841205,60.016367551327,False,False,normal
1,1,SMT_007414,4,residential,0.39666230409176273,0.9836974396559226,60.007683535194985,False,False,normal
1,1,SMT_007628,4,industrial,21.30378615267772,1.0004916170687639,59.99558750749996,False,False,normal
1,1,SMT_017063,10,commercial,3.921886432331676,0.9826266974267113,59.98162305630978,False,False,normal
1,1,SMT_022700,13,residential,0.8860996438154776,1.0064773910824991,59.99051725094439,False,False,normal
1,1,SMT_011215,6,residential,1.0572851702424702,0.9990253858305991,60.003550184501435,False,False,normal
1,1,SMT_019808,11,commercial,1.6080549364335506,0.9943108212083978,59.99614548974332,False,False,normal
1,1,SMT_000264,1,industrial,7.841233675065336,0.9994662918863336,60.00124562097867,False,False,normal
1,1,SMT_014099,8,industrial,18.34059394050253,1.0043236912548117,60.00057005756015,False,False,normal
1,1,SMT_010453,6,residential,0.6666921881609906,1.0142521906206257,60.00966217911871,True,False,normal
1,1,SMT_001963,2,residential,1.0702561560513906,1.0044720695546252,60.00652795855592,False,False,normal
1,1,SMT_002541,2,industrial,18.761518924648982,0.9830416084999751,59.98529160469106,False,False,normal
1,1,SMT_002977,3,commercial,3.832174850723252,1.0017210492476198,60.015517512949536,False,False,normal
1,1,SMT_001643,2,residential,0.42332152986632526,0.986764984376853,59.98982399171422,True,False,normal
1,1,SMT_021069,12,residential,1.1708589492333565,0.9864980214111382,59.987489074446884,True,False,normal
1,1,SMT_020355,11,residential,0.5319398107644173,0.9981388201927102,59.99012186142427,False,False,normal
1,1,SMT_013439,7,industrial,19.925147636272268,1.0033036828009643,59.98677970703282,False,False,normal
1,1,SMT_022131,12,residential,0.6160343647250046,0.9987039909595063,60.00772538328726,False,False,normal
1,1,SMT_003233,3,residential,1.0146883354045992,1.0064231552715344,59.9975070440825,False,False,normal
1,1,SMT_006367,4,industrial,27.933069040476042,0.9981259539225761,59.997564529440055,False,False,normal
1,1,SMT_007827,4,commercial,3.498196672175856,1.0104848171713134,59.99536590017553,False,False,normal
1,1,SMT_007625,4,industrial,22.677079401465964,1.0114458049785777,60.01380318987243,False,False,normal
1,1,SMT_011030,6,residential,0.7203380945837172,0.9956641377003963,59.986057957307125,False,False,normal
1,1,SMT_018752,10,residential,1.0266118740772852,1.0084323273793376,60.00234711369331,False,False,normal
1,1,SMT_004467,3,industrial,7.648897842549908,1.007501465889988,59.99662508933655,False,False,normal
1,1,SMT_003060,3,residential,0.42315986771508224,1.019507041774063,60.0099914334148,False,False,normal
1,1,SMT_006809,4,residential,0.620211235742815,1.0012209105259968,60.00338457452702,False,False,normal
1,1,SMT_007206,4,industrial,17.810263992028823,0.9838120998409897,60.0032146298558,False,False,normal
1,1,SMT_020116,11,commercial,3.633939078205621,0.9985412613940505,59.98746860971743,False,False,normal
1,1,SMT_002077,2,residential,0.4279195166597914,0.9883642032742358,60.00246581259323,False,False,normal
1,1,SMT_000207,1,residential,0.929799402293137,1.010871074085778,59.9898487947157,False,False,normal
1,1,SMT_011933,6,residential,0.8382676802128832,1.0102046621089311,59.9945806040089,False,False,normal
1,1,SMT_008005,4,industrial,26.92792094836,1.0128161709981374,60.00832822074256,False,False,normal
1,1,SMT_009736,5,residential,0.47723842010209677,1.005104375062592,59.99395520775609,False,False,normal
1,1,SMT_013664,7,commercial,3.88650693247139,0.9954459415382161,59.99904069845307,False,False,normal
1,1,SMT_019219,10,residential,0.3936398626590998,0.9832824575706814,60.01226034227726,False,False,normal
1,1,SMT_016464,9,commercial,3.3259943670071213,1.0068928409113773,60.00538916416074,False,False,normal
1,1,SMT_012536,6,residential,0.6009972543982011,1.006278311653161,60.00647178691456,True,False,normal
1,1,SMT_010749,6,residential,1.126522966122161,1.01647294954807,59.99527317789569,False,False,normal
1,1,SMT_016955,10,residential,0.9640263536371724,0.9831206366709155,60.00893178129227,True,False,normal
1,1,SMT_018948,10,residential,0.4092638918235289,1.0035657173039367,60.02174302237867,False,False,normal
1,1,SMT_001232,2,residential,1.0685036554205696,1.006621016817312,60.007167985488444,False,False,normal
1,1,SMT_012620,6,residential,0.4731587506371781,0.9970440665636591,59.99473617071468,False,False,normal
1,1,SMT_023765,14,residential,0.63098208247898,0.9842584247297527,60.021346135276374,True,False,normal
1,1,SMT_008701,5,residential,0.6446805790108663,0.9919367222049817,59.98991814589749,False,False,normal
1,1,SMT_020537,11,residential,0.8048427670031357,0.9959757594900751,59.99835886993881,False,False,normal
1,1,SMT_005748,4,residential,1.0729629051484,1.0186940583413937,59.99259693518844,False,False,normal
1,1,SMT_007349,4,industrial,24.84086140940813,1.006172372908794,59.99927834598886,False,False,normal
1,1,SMT_010230,5,residential,0.7695846876668759,1.0093794436058767,60.00444868113992,True,False,normal
1,1,SMT_001740,2,commercial,2.4294231958301777,0.9877036642418214,59.99701312920637,False,False,normal
1,1,SMT_011528,6,residential,0.39096010447787,1.0202036113717652,59.99039591609302,True,False,normal
1,1,SMT_000547,2,commercial,2.9587860048119583,1.0012912547672046,60.01424615168186,False,False,normal
1,1,SMT_022415,13,industrial,25.72492190891915,1.0079359011589546,60.01545938530287,False,False,normal
1,1,SMT_000963,2,commercial,2.548953997814815,0.9949879436415155,59.99106259220401,False,False,normal
1,1,SMT_022322,13,residential,0.742292853215893,0.9990493907870132,59.98997195747522,False,False,normal
1,1,SMT_010107,5,residential,0.4533154080870766,0.9802505450782248,59.997497519737244,False,False,normal
1,1,SMT_008266,4,commercial,1.3197380792751192,0.997882133371463,59.991109611579056,False,False,normal
1,1,SMT_016905,10,residential,0.5231751448186456,1.0012684186811245,60.015393285890454,False,False,normal
1,1,SMT_023107,13,residential,0.7559693364583848,0.9878047140682308,60.00623401634688,False,False,normal
1,1,SMT_000987,2,residential,1.088199324415754,0.9912169171478401,59.99530005393803,False,False,normal
1,1,SMT_022605,13,commercial,1.0569951092360634,0.9931113021470622,59.99671859424935,False,False,normal
1,1,SMT_004209,3,industrial,22.974639055030465,1.0178824814680567,59.986045657126354,False,False,normal
1,1,SMT_006214,4,commercial,1.3855737482028632,0.9943351787479597,59.982354656870385,False,False,normal
1,1,SMT_018077,10,residential,1.1478819775445464,0.9934485649625489,60.003711759310995,False,False,normal
1,1,SMT_014359,8,residential,0.592391972490738,1.0049814280331848,59.98416281279428,True,False,normal
1,1,SMT_013589,7,industrial,10.655800528804129,1.0057765773724683,60.01685447376279,False,False,normal
1,1,SMT_009297,5,residential,1.0098553398084722,0.9994929340916471,59.987334011220945,False,False,normal
1,1,SMT_020460,11,industrial,20.54535540434715,1.0067049297169492,60.01166131540115,False,False,normal
1,1,SMT_023802,14,residential,1.1103865000777913,1.001935938440937,59.99481110778128,False,False,normal
1,1,SMT_006536,4,residential,0.6135055899895734,0.98715289617003,59.97768733820624,False,False,normal
1,1,SMT_016494,9,commercial,2.151729724834345,1.0062242232279335,59.990051355455954,False,False,normal
1,1,SMT_005745,4,residential,1.0315006605452857,0.9963289536024226,60.006203898776974,True,False,normal
1,1,SMT_003379,3,residential,1.0910135430495764,0.9996832068263559,59.98044893080695,False,False,normal
1,1,SMT_010059,5,residential,0.9946798275502384,1.0126758658819988,59.989670544507916,False,False,normal
1,1,SMT_020560,11,industrial,19.222805043956537,0.9861224987998874,60.00844145195001,False,False,normal
1,1,SMT_022623,13,residential,0.404737096259658,1.004142182104924,59.99348573814772,True,False,normal
1,1,SMT_013382,7,residential,0.5396618066545766,0.9923061549548041,59.986639884276926,False,False,normal
1,1,SMT_007461,4,residential,0.46048567468608353,1.004624446191317,59.992913559737595,False,False,normal
1,1,SMT_002039,2,residential,1.0734712895779728,0.9987110383192698,60.00600150483509,False,False,normal
1,1,SMT_005914,4,commercial,1.5246614555802753,1.0142407738012564,60.0027052068668,False,False,normal
1,1,SMT_010786,6,residential,1.1013752632973577,0.9991646557335639,60.00513517823519,False,False,normal
1,1,SMT_005313,4,commercial,1.3913324965952245,1.0034531558035957,59.994658491948584,False,False,normal
1,1,SMT_011504,6,industrial,22.2410983857691,0.9863651328554188,59.994630160776794,False,False,normal
1,1,SMT_017715,10,residential,0.9096812536846813,1.0089445346600774,60.00083894407038,False,False,normal
1,1,SMT_013849,7,residential,1.0674982385145562,0.991699903668224,60.00091427880272,False,False,normal
1,1,SMT_008275,4,industrial,28.164382944891067,0.9975229583172276,60.0021755938826,False,False,normal
1,1,SMT_002907,3,residential,0.8946812966230784,1.010507426289,60.01855942818429,False,False,normal
1,1,SMT_020321,11,residential,0.4361420401025587,1.0229875009080571,60.01048134362409,False,False,normal
1,1,SMT_001860,2,commercial,3.885488849998809,0.9956347351375019,59.98314594577104,False,False,normal
1,1,SMT_021664,12,residential,1.086150905954023,1.0008186192151074,59.99433983031583,False,False,normal
1,1,SMT_000767,2,residential,0.9634342046551531,1.0006033507674976,59.998303046878014,False,False,normal
1,1,SMT_014030,8,residential,1.0694024153049033,1.0020025767237906,60.006884010732605,False,False,normal
1,1,SMT_021926,12,commercial,3.0380187768702736,0.9870330075154344,60.00496182940671,False,False,normal
1,1,SMT_023338,14,industrial,7.666363098453077,1.0083450653043868,60.00634309454791,False,False,normal
1,1,SMT_004709,3,residential,1.054565673351616,1.0057315704833858,59.990086231535564,True,False,normal
1,1,SMT_017052,10,residential,1.1085646757067322,0.9997855940738554,60.01187949697024,True,False,normal
1,1,SMT_012638,6,industrial,11.191107679012893,1.0033200897306185,59.988687998272304,False,False,normal
1,1,SMT_006896,4,residential,0.901823573248295,1.0222447412324718,60.01141907762206,False,False,normal
1,1,SMT_012192,6,residential,0.6275323585721848,0.9927436103233799,59.99062149136899,True,False,normal
1,1,SMT_015158,9,residential,0.8554897297419575,1.0069867861744675,59.99038075163468,False,False,normal
1,1,SMT_001486,2,industrial,9.905062601333508,0.9840324222275418,59.996294504990594,False,False,normal
1,1,SMT_022697,13,commercial,3.748233155143621,1.0005066702446224,59.99847703323922,False,False,normal
1,1,SMT_003192,3,residential,0.6668179499374455,1.0159968440615874,60.01297722392847,True,False,normal
1,1,SMT_001732,2,residential,0.6352631822242799,0.9986006826671179,60.005161780472946,True,False,normal
1,1,SMT_019602,10,residential,1.1542162430544096,1.0054285157348173,60.00148559216663,False,False,normal
1,1,SMT_014110,8,residential,0.9364259162582255,0.9918741805032973,60.00463475408053,False,False,normal
1,1,SMT_003412,3,residential,0.4158472545446361,0.9986299561313946,59.99695064323741,False,False,normal
1,1,SMT_013423,7,commercial,2.174475665091129,1.004593359720018,59.98997341499037,False,False,normal
1,1,SMT_018046,10,commercial,1.2704567235761481,1.0143058361273525,59.98941944226398,False,False,normal
1,1,SMT_018002,10,residential,0.5780175630934198,1.0032151823680637,59.99261235578393,False,False,normal
1,1,SMT_010762,6,commercial,3.348271909338911,0.9886476929909516,60.015576251441544,False,False,normal
1,1,SMT_014795,8,residential,0.6675814683955762,1.0110970215807014,59.97594474858734,False,False,normal
1,1,SMT_022971,13,industrial,16.36806645538068,0.9990316109167588,60.00467266121384,False,False,normal
1,1,SMT_013890,8,industrial,21.01061915892393,0.9835585180892475,59.989794721803555,False,False,normal
1,1,SMT_014349,8,commercial,3.1176432883971628,1.010946231888975,60.00663792308029,False,False,normal
1,1,SMT_010393,6,residential,0.9693466006499638,0.9916272701121722,60.00661959450983,False,False,normal
1,1,SMT_014129,8,residential,1.0917283278314591,0.9957191676085887,59.99111954356324,False,False,normal
1,1,SMT_015483,9,residential,0.5484541729398894,1.0162895712472304,60.00475841966907,False,False,normal
1,1,SMT_003931,3,industrial,9.904510570734088,1.0047712915426514,59.994468891302496,False,False,normal
1,1,SMT_015594,9,commercial,3.202302296485615,1.014737768042411,60.006422376048896,False,False,normal
1,1,SMT_009330,5,residential,0.6665064957038034,1.0102014856602481,60.01812332243522,False,False,normal
1,1,SMT_023277,14,residential,0.9938060315046197,0.9967734931209339,59.99620736502153,False,False,normal
1,1,SMT_004690,3,residential,0.9125227184215385,1.0033916834830514,59.992408741584825,False,False,normal
1,1,SMT_012303,6,industrial,9.621139423985431,0.9952805340741555,60.00255780827098,False,False,normal
1,1,SMT_020641,11,residential,1.1631659631105473,1.0046359732045866,59.995629132899616,False,False,normal
1,1,SMT_003277,3,residential,1.0393991239362546,0.9883472702537007,59.998484660920354,True,False,normal
1,1,SMT_018431,10,industrial,11.419482002088262,0.9917976128130932,60.01767936460945,False,False,normal
1,1,SMT_002944,3,residential,0.9933463566619855,0.9889063324539566,60.012216232318046,False,False,normal
1,1,SMT_021019,12,residential,0.7309022154795036,1.0109768055598873,59.99223008534434,False,False,normal
1,1,SMT_013590,7,residential,0.6198317544000946,0.9820103994792734,59.98244613078113,False,False,normal
1,1,SMT_023304,14,residential,0.818539947492907,0.9811125709643961,60.00308921371726,False,False,normal
1,1,SMT_003218,3,commercial,3.0994922681238997,1.0019406075488675,59.99411966118469,False,False,normal
1,1,SMT_006663,4,commercial,2.6144159041981885,1.0144220584009214,60.00911777184965,False,False,normal
1,1,SMT_017711,10,residential,0.518099310015102,0.9999705617535329,60.018844667512575,False,False,normal
1,1,SMT_009166,5,residential,0.8297189367873798,1.0312169288617263,60.006080082038906,True,False,normal
1,1,SMT_018430,10,residential,0.8924235854888247,1.0053933310614651,60.00274162772947,False,False,normal
1,1,SMT_009786,5,residential,1.0317597318915666,1.0095524218750556,59.98348953242786,False,False,normal
1,1,SMT_022271,13,commercial,1.7092627220579932,0.9961436814141897,59.988420138647285,False,False,normal
1,1,SMT_002369,2,residential,1.0950683920991138,1.0072233843362919,60.0145492027836,False,False,normal
1,1,SMT_022631,13,residential,0.8617381307329575,0.9942790409443734,60.00456643584937,False,False,normal
1,1,SMT_021918,12,residential,0.8235320477245316,0.9950944544818414,60.00310605618123,True,False,normal
1,1,SMT_009861,5,commercial,1.6597151208012295,0.9936624176909368,59.99300738062429,False,False,normal
1,1,SMT_007434,4,residential,1.0694361112163857,0.9980862251353074,59.99181589360384,False,False,normal
1,1,SMT_013084,7,residential,1.129876982540984,0.9979920492071007,59.990862831464746,True,False,normal
1,1,SMT_015252,9,residential,0.45369418539318324,1.0196594092715412,60.012134464239175,False,False,normal
1,1,SMT_015424,9,residential,1.1585239141087984,0.9977157482643124,60.017002138330845,False,False,normal
1,1,SMT_016672,9,residential,0.6102230996763532,1.0039945520314617,60.00654778165417,True,False,normal
1,1,SMT_002357,2,residential,0.815883397005685,0.989731197129426,60.001986000208454,False,False,normal
1,1,SMT_003247,3,residential,1.0486220725454984,0.993510829434823,60.00156960959807,False,False,normal
1,1,SMT_002414,2,residential,0.8738411135422971,0.9826342830838335,59.995342614121284,False,False,normal
1,1,SMT_004145,3,residential,1.2189355656267782,0.9977839300831802,60.00545650732126,True,False,normal
1,1,SMT_008377,5,commercial,3.3845509606029345,1.0116500979612335,59.99020720534713,False,False,normal
1,1,SMT_016268,9,commercial,1.5418191887210249,1.0065000936974406,60.00969727993369,False,False,normal
1,1,SMT_015915,9,commercial,2.6836738593656393,0.9961671465067136,60.00462321432585,False,False,normal
1,1,SMT_016644,9,commercial,2.4445411937001995,1.001406384048544,60.01472998206103,False,False,normal
1,1,SMT_018245,10,residential,1.186866355610831,1.0063803627466574,59.99862255823013,False,False,normal
1,1,SMT_020239,11,industrial,23.716928467167197,0.9937835418061769,59.999916915310145,False,False,normal
1,1,SMT_007769,4,residential,1.0084921452619073,0.9959754961268886,60.00431367178055,False,False,normal
1,1,SMT_013371,7,residential,0.44906040141536135,1.0114504487463487,60.00621353851172,True,False,normal
1,1,SMT_016861,10,residential,0.5920832612710728,1.0093616950535476,60.00944929779512,False,False,normal
1,1,SMT_019689,11,residential,0.6256733000194483,0.9933916287595607,60.00208915331599,True,False,normal
1,1,SMT_017933,10,residential,1.2198746746065319,0.9996105685059915,60.00917197422612,False,False,normal
1,1,SMT_002291,2,industrial,26.850877393661722,1.0068888182690245,60.010671976830956,False,False,normal
1,1,SMT_000487,1,commercial,3.960539718587307,0.9915152762109147,59.9897431256358,False,False,normal
1,1,SMT_022999,13,commercial,4.065796562352085,1.0105428302049233,59.99469707687553,False,False,normal
1,1,SMT_017503,10,commercial,2.9655427923732827,1.024416848772942,59.99431724574984,False,False,normal
1,1,SMT_018095,10,residential,0.989419287927413,0.9955357720497311,59.98568291860664,False,False,normal
1,1,SMT_008274,4,residential,0.3910736398831277,0.9989116369715111,60.007488990789405,False,False,normal
1,1,SMT_002957,3,residential,1.1173638479591317,0.9998954832952612,59.99913083928971,False,False,normal
1,1,SMT_005243,3,residential,0.7153483271865319,0.9962261733807624,60.003541199918246,False,False,normal
1,1,SMT_023302,14,residential,0.8803213508266287,0.9988150226081438,60.01419997287382,True,False,normal
1,1,SMT_013702,7,industrial,17.368958049997158,0.9994233195949322,59.99631340512675,False,False,normal
1,1,SMT_018502,10,industrial,17.28671164459231,1.0059884013980507,60.00485011668498,False,False,normal
1,1,SMT_022261,13,residential,1.1079538924607932,1.007410243044362,60.0021383715563,False,False,normal
1,1,SMT_020245,11,residential,0.7030231588549598,1.0026767271435177,60.02274215145706,False,False,normal
1,1,SMT_017422,10,residential,1.0406078527894012,0.9939572453297538,60.00500431025236,False,False,normal
1,1,SMT_010563,6,residential,0.7944057558628459,1.000881437302675,60.01298406347214,True,False,normal
1,1,SMT_006997,4,industrial,6.572125424365961,0.9847026007743426,59.99724272866812,False,False,normal
1,1,SMT_005190,3,residential,0.6312853442059926,1.004058560941095,60.006064234239396,False,False,normal
1,1,SMT_003708,3,industrial,11.74258816728316,1.0072216800620652,59.996249328691725,False,False,normal
1,1,SMT_022508,13,commercial,1.4436212110106459,0.9949718550911419,59.99488709028118,False,False,normal
1,1,SMT_004787,3,industrial,8.908552263321374,1.004026578460712,59.98296006867944,False,False,normal
1,1,SMT_020505,11,residential,1.2148274679023907,0.9957034318678417,60.011233346931114,False,False,normal
1,1,SMT_016088,9,industrial,18.58484198784468,0.9954204646063993,60.00076402048672,False,False,normal
1,1,SMT_019032,10,residential,0.8388971648344908,0.9876013464559777,60.00385858370623,False,False,normal
1,1,SMT_009719,5,residential,1.1576421133339891,1.0069601959045908,60.01422289255733,False,False,normal
1,1,SMT_010585,6,residential,0.7188439106658561,1.0120935976352818,59.99215477715521,False,False,normal
1,1,SMT_022629,13,residential,0.47551615382776763,0.9979397607358313,60.005018982435146,True,False,normal
1,1,SMT_017153,10,residential,0.6515047100420509,1.009708016020299,59.983292627184376,False,False,normal
1,1,SMT_017427,10,residential,0.5984566774552489,0.998182283619726,60.002877858106004,False,False,normal
1,1,SMT_023179,14,commercial,1.1708658853882998,0.9820516011891202,60.0093448361789,False,False,normal
1,1,SMT_005825,4,commercial,2.405585700182265,0.9864690173185697,59.99021307624499,False,False,normal
1,1,SMT_023266,14,commercial,3.525425290050713,1.0191794588155847,60.00930699450156,False,False,normal
1,1,SMT_014053,8,residential,1.2072671138544073,1.0123869118535964,59.99919731959854,True,False,normal
1,1,SMT_019757,11,residential,0.7051496239605022,0.9899402166019662,60.01180783899921,False,False,normal
1,1,SMT_005757,4,commercial,1.2066859631412536,1.0066240438232554,60.00467616878731,False,False,normal
1,1,SMT_008090,4,residential,0.49315189164427775,0.9828350162835809,60.00744513960898,True,False,normal
1,1,SMT_003815,3,residential,0.622441943923238,0.9971663649371578,60.000131071030005,True,False,normal
1,1,SMT_004034,3,residential,1.1048290871537512,0.9891313749950966,59.9975187372308,False,False,normal
1,1,SMT_017142,10,residential,0.5175301559518378,1.0106350633420151,60.00863457514684,False,False,normal
1,1,SMT_009110,5,industrial,24.812600132523244,1.004601206418075,60.0221711432,False,False,normal
1,1,SMT_001153,2,residential,0.7895522907043625,0.988186857898629,60.016872890190996,False,False,normal
1,1,SMT_004124,3,commercial,3.841684319565414,1.0083255372252062,60.02517551611702,False,False,normal
1,1,SMT_016194,9,residential,0.42444456669612846,1.0118563637579039,60.000599730405725,False,False,normal
1,1,SMT_003269,3,industrial,25.784329384899657,0.9896412950562343,59.99740849800321,False,False,normal
1,1,SMT_012372,6,commercial,1.1174643437270155,0.999029751816917,59.99177881975688,False,False,normal
1,1,SMT_013758,7,industrial,24.93699388554832,0.981673508088364,59.98647353600096,False,False,normal
1,1,SMT_000658,2,residential,0.49230321854174997,1.002515935324325,60.013602700093166,False,False,normal
1,1,SMT_023203,14,residential,0.9019749974365658,1.006942486945256,59.996982172718845,False,False,normal
1,1,SMT_011252,6,residential,0.5172340244110047,1.002124627761454,59.99775836730865,True,False,normal
1,1,SMT_016106,9,commercial,3.815665465044052,1.004446823862086,59.989735767270396,False,False,normal
1,1,SMT_011743,6,residential,0.9673652071431348,1.0105331324626168,60.011279905746825,True,False,normal
1,1,SMT_023359,14,residential,0.6798431735887734,0.9965288590256733,60.01267021272907,False,False,normal
1,1,SMT_018290,10,industrial,15.91056419292521,1.00988383933588,59.98230471488581,False,False,normal
1,1,SMT_019199,10,commercial,4.189077124636241,1.014135381943656,60.000712800646646,False,False,normal
1,1,SMT_014324,8,residential,0.8696243214114118,1.0076688084081242,59.990447018239685,False,False,normal
1,1,SMT_005247,3,residential,0.41110198320408353,1.0040031407057965,60.00502378992397,False,False,normal
1,1,SMT_009519,5,residential,0.8418912052606771,1.012327970093729,59.9997266791927,True,False,normal
1,1,SMT_006421,4,residential,0.4453124952589092,1.013787777058802,60.00057769075125,False,False,normal
1,1,SMT_009871,5,commercial,3.694449183021212,0.9967339069000485,59.995477312568276,False,False,normal
1,1,SMT_019027,10,residential,0.5239959574401569,1.0092199219610274,59.987264355058215,False,False,normal
1,1,SMT_007119,4,residential,0.4291576555654714,1.0076362260676266,59.99757954215861,False,False,normal
1,1,SMT_007246,4,commercial,3.787448384215773,0.9931325130691682,59.99259092954422,False,False,normal
1,1,SMT_011277,6,commercial,2.492850595434142,1.021998374597802,59.994043521840375,False,False,normal
1,1,SMT_012292,6,commercial,1.1492970281321726,1.0064471102346966,60.0130786184361,False,False,normal
1,1,SMT_005143,3,residential,0.48264918747277147,1.0046698791838584,60.008579436531015,False,False,normal
1,1,SMT_008598,5,residential,0.6151723507037318,0.99672395608563,60.00108058534051,False,False,normal
1,1,SMT_010070,5,residential,0.8468076270857846,1.0164576632755398,59.990533675008436,False,False,normal
1,1,SMT_001766,2,industrial,27.135234022358738,1.0015880934352877,60.00412365991452,False,False,normal
1,1,SMT_002933,3,residential,0.7627035503673156,0.9941812330629208,59.99405525174778,False,False,normal
1,1,SMT_017936,10,residential,1.0265424109605292,0.9919533105568642,59.98070808101611,False,False,normal
1,1,SMT_017977,10,residential,0.5809744933687315,0.9993288974039655,59.988686896885454,False,False,normal
1,1,SMT_000016,1,residential,0.4626080691028046,0.9898801335049614,59.983767105739574,True,False,normal
1,1,SMT_020368,11,commercial,1.1240810088739166,1.0160128849824916,59.99710858792046,False,False,normal
1,1,SMT_006712,4,commercial,1.6343252047188486,1.0045160941487459,60.00837984940163,False,False,normal
1,1,SMT_012307,6,residential,0.7991500350383413,0.9843296503435028,60.011111065002964,False,False,normal
1,1,SMT_019678,11,residential,0.6381131548350509,1.0076219675352394,60.004705322347405,True,False,normal
1,1,SMT_013265,7,residential,0.7810090946455519,0.9990568635950241,60.00965425969822,False,False,normal
1,1,SMT_015379,9,residential,0.6053294346236858,0.9984835439646902,59.98874210003964,False,False,normal
1,1,SMT_003055,3,residential,0.40535841174957316,0.9979608268823288,60.0047373488973,False,False,normal
1,1,SMT_022706,13,industrial,28.31472598640616,0.9984848764736829,60.0175586300257,False,False,normal
1,1,SMT_023145,14,residential,0.420294715910229,0.9996514972688522,59.993155769560396,True,False,normal
1,1,SMT_019122,10,industrial,19.86691518623347,1.0025551680624492,60.016587613705894,False,False,normal
1,1,SMT_006371,4,industrial,17.288275917581483,1.0118508844175946,59.991319190065795,False,False,normal
1,1,SMT_016885,10,residential,0.8508125532402138,0.9944230696479945,60.01161818098458,False,False,normal
1,1,SMT_019225,10,commercial,3.1978807499655493,1.005009879179356,59.99274604925713,False,False,normal
1,1,SMT_019845,11,residential,0.8513229184467505,1.014175811829613,60.01597913448252,False,False,normal
1,1,SMT_018266,10,residential,0.8749322316623995,1.0157603894175162,59.985680565174185,False,False,normal
1,1,SMT_010400,6,residential,0.8672278940480154,0.9832702113112834,60.00870766497575,False,False,normal
1,1,SMT_008047,4,residential,0.66833325998257,0.9980511215302138,60.00597349654613,False,False,normal
1,1,SMT_004688,3,residential,1.2672412440015384,1.0119863168683112,59.977838736496516,False,False,normal
1,1,SMT_013639,7,residential,0.6139710243065675,1.0202002446878629,60.00481956489354,True,False,normal
1,1,SMT_011577,6,residential,0.4280669875099525,0.9945871348771351,60.01165804738374,False,False,normal
1,1,SMT_022874,13,industrial,10.643566216930566,1.019964294182252,59.98952428911597,False,False,normal
1,1,SMT_008202,4,residential,0.9892298485131893,0.994900633951249,59.99777923448815,True,False,normal
1,1,SMT_023584,14,commercial,1.3366466096837297,0.9975524632097497,60.008564234137864,False,False,normal
1,1,SMT_001415,2,residential,1.0015295047337018,0.998898708271934,59.998473947685106,False,False,normal
1,1,SMT_012484,6,residential,0.5753453738667869,1.0077023000210508,59.99321630123518,False,False,normal
1,1,SMT_003746,3,commercial,3.3031277393912646,0.9984855562383084,59.9959056988413,False,False,normal
1,1,SMT_018177,10,industrial,13.431335094192818,1.017844496675247,60.01341908756426,False,False,normal
1,1,SMT_013857,7,residential,0.9028977193447678,0.9934711847772457,59.992675678800495,False,False,normal
1,1,SMT_015805,9,residential,1.209375341743016,0.995972925023517,60.00454660925254,False,False,normal
1,1,SMT_000656,2,residential,1.0579060463569794,0.99490378642255,60.0098150726337,False,False,normal
1,1,SMT_023065,13,commercial,3.250711383115786,0.9906999389740936,60.001769958425,False,False,normal
1,1,SMT_006560,4,commercial,3.678971465171359,0.9934172255059157,60.00647947857316,False,False,normal
1,1,SMT_019404,10,residential,0.42623320154888666,0.9894947003771306,59.995220899156344,False,False,normal
1,1,SMT_022276,13,residential,0.7502458974463309,0.9980913538944145,60.00302810413301,False,False,normal
1,1,SMT_018641,10,residential,0.9743531318819646,0.9942127296378394,60.01064455864007,False,False,normal
1,1,SMT_016491,9,residential,1.1053338746772199,0.9954300226166711,60.00013973268258,False,False,normal
1,1,SMT_022743,13,residential,0.9326702313469689,0.9970640889961859,59.99478093780548,False,False,normal
1,1,SMT_016485,9,industrial,28.136138496463182,1.00190155815079,60.01524202231953,False,False,normal
1,1,SMT_009083,5,residential,1.2137904891594014,1.007933422762172,60.01660161189413,False,False,normal
1,1,SMT_007261,4,residential,0.8746258155013612,1.0022436903397467,59.98532985904319,False,False,normal
1,1,SMT_019621,10,residential,0.5342728173969424,0.9936659808440405,59.994529279048464,False,False,normal
1,1,SMT_003581,3,commercial,3.7112839237778483,1.004744108274611,60.00687314499753,False,False,normal
1,1,SMT_002985,3,commercial,1.0371776046782952,1.0002918903335418,60.01545665617874,False,False,normal
1,1,SMT_011190,6,residential,0.8420828332908272,0.9957243976101806,60.0013304707477,True,False,normal
1,1,SMT_017416,10,residential,1.2533177891838405,0.9899947455478627,60.010363655790584,False,False,normal
1,1,SMT_009898,5,residential,0.5938421146367446,1.008844293132902,60.01445408355798,False,False,normal
1,1,SMT_021737,12,residential,0.4980710020391612,0.9852459603804604,60.00181672941495,False,False,normal
1,1,SMT_005952,4,residential,1.1595160349181093,0.9995699146068876,59.989208501765944,False,False,normal
1,1,SMT_021430,12,residential,0.9091072826886467,0.9873044460773472,59.99938304976602,False,False,normal
1,1,SMT_014579,8,residential,0.5978231044719658,0.9925782411120695,59.98943751355103,False,False,normal
1,1,SMT_004836,3,residential,1.023432743677052,1.0025929076174007,60.00839947574995,False,False,normal
1,1,SMT_000717,2,commercial,2.5328057126925105,1.008298132133152,60.00561951227309,False,False,normal
1,1,SMT_009919,5,residential,0.6995303564117005,0.9789661230493036,60.011059659250336,False,False,normal
1,1,SMT_008675,5,residential,1.119878751858876,0.9974728864391028,59.98555020095256,False,False,normal
1,1,SMT_016329,9,residential,1.0600963881747478,0.9844571326861841,60.00990958614295,False,False,normal
1,1,SMT_004829,3,commercial,3.472246879666608,1.0024887498880612,60.00173878499338,False,False,normal
1,1,SMT_020148,11,residential,0.5171760319861609,0.991137321805292,59.98978455640912,False,False,normal
1,1,SMT_005020,3,commercial,2.538327644535404,1.0102938957322305,60.00109391021801,False,False,normal
1,1,SMT_021823,12,industrial,8.055174596736554,1.0036777821142044,59.996937754807895,False,False,normal
1,1,SMT_011394,6,commercial,2.3917364783377355,0.9978930815498666,60.00222396467902,False,False,normal
1,1,SMT_004663,3,residential,0.85680870878455,0.9975157382086961,60.01234045279671,False,False,normal
1,1,SMT_019755,11,residential,0.415327199012897,0.9971553923280547,59.99640582495989,False,False,normal
1,1,SMT_016560,9,residential,0.48829586955063653,1.0267867515235773,59.98496417144524,False,False,normal
1,1,SMT_019911,11,industrial,22.81903381693313,0.9872362846693994,60.00626604030638,False,False,normal
1,1,SMT_019097,10,industrial,24.61971924260218,1.0023004640935655,59.9940864004078,False,False,normal
1,1,SMT_018991,10,industrial,17.948119347473543,0.9816678475480407,59.97738449139178,False,False,normal
1,1,SMT_021701,12,commercial,1.58413283513915,0.9847925915306213,59.99493592809308,False,False,normal
1,1,SMT_020839,12,residential,1.013382443875301,1.0037139242662767,60.000821942190484,False,False,normal
1,1,SMT_019499,10,residential,0.8334239174407212,0.9956019683819605,60.00298982423431,False,False,normal
1,1,SMT_022960,13,industrial,27.49897575244204,0.9930910261987489,59.99484258874732,False,False,normal
1,1,SMT_001417,2,residential,0.8764426713869968,0.996534259110171,60.00085236021337,False,False,normal
1,1,SMT_007063,4,residential,0.8708169355339397,0.9845206821294352,59.9751024032857,True,False,normal
1,1,SMT_018982,10,residential,0.8440463031722646,1.0103469467480706,60.0005072859285,False,False,normal
1,1,SMT_012913,7,industrial,17.408233136909917,0.9923806516566213,59.99628134224629,False,False,normal
1,1,SMT_019812,11,residential,0.7685254332923485,0.9829118143889938,59.99734702476578,False,False,normal
1,1,SMT_019917,11,industrial,9.0278419668018,0.9937023281818957,59.99889130577664,False,False,normal
1,1,SMT_014376,8,residential,0.604979122418369,1.0038035683809265,60.01245671840107,False,False,normal
1,1,SMT_010580,6,residential,0.5350182484241548,1.0092569065310673,60.02157695748436,False,False,normal
1,1,SMT_008474,5,residential,0.7177093669738008,0.9787839155968318,59.980027008219864,False,False,normal
1,1,SMT_021576,12,commercial,2.3191253422166773,0.9968433654623784,59.99647013824571,False,False,normal
1,1,SMT_015844,9,residential,0.4939414241821362,1.0022037514768833,60.01151860861006,False,False,normal
1,1,SMT_008026,4,residential,0.5923509799778041,0.9997559735930458,59.998188975882584,False,False,normal
1,1,SMT_001659,2,commercial,3.8971066361302684,0.9938255264098034,60.007233923416855,False,False,normal
1,1,SMT_000801,2,industrial,26.664827750005013,1.0119670648366135,59.9951514642939,False,False,normal
1,1,SMT_000833,2,commercial,3.290657354153854,0.9897419298414911,59.98506203147138,False,False,normal
1,1,SMT_016029,9,industrial,13.84979318001657,0.9974489759676697,60.019300419163685,False,False,normal
1,1,SMT_014290,8,industrial,14.20982472244879,0.9878120390571995,59.997870316384336,False,False,normal
1,1,SMT_022767,13,commercial,2.518368704756085,1.010813281120632,59.984078739893825,False,False,normal
1,1,SMT_001330,2,commercial,1.9855504134862225,0.9953936587051332,60.02115228610425,False,False,normal
1,1,SMT_004838,3,residential,0.650042816593807,1.0182725839403952,59.999107567162405,False,False,normal
1,1,SMT_018358,10,commercial,2.415416656786142,1.003108718149746,60.00538123501522,False,False,normal
1,1,SMT_004092,3,industrial,27.955294113573785,0.9916090341635545,60.01629759044309,False,False,normal
1,1,SMT_011221,6,residential,0.6208690660391533,0.9693757475095252,59.99092526786209,False,False,normal
1,1,SMT_007703,4,residential,1.165454575265258,0.9882847157922385,59.99860791414427,False,False,normal
1,1,SMT_014852,8,industrial,23.743987559094325,1.0064795663731274,59.99710977808923,False,False,normal
1,1,SMT_019111,10,industrial,29.447317151427924,1.019992116113181,60.00303384194518,False,False,normal
1,1,SMT_013792,7,residential,0.6606875841218951,1.0071352208495068,59.98921394358197,False,False,normal
1,1,SMT_012875,7,commercial,1.6434853464311279,0.9943227865606006,60.000083622735495,False,False,normal
1,1,SMT_014704,8,industrial,13.161858418947388,1.0032969419857674,59.98194482823678,False,False,normal
1,1,SMT_007561,4,residential,0.5842024171761291,0.9942113998022092,59.999220792223056,False,False,normal
1,1,SMT_001054,2,residential,0.8205845415402171,0.9767161744489178,60.00592213557883,False,False,normal
1,1,SMT_012904,7,residential,0.5673435292783904,0.9916401196712347,60.00779844759044,False,False,normal
1,1,SMT_001765,2,commercial,2.995639635340837,1.0070981177361638,60.01806400679221,False,False,normal
1,1,SMT_022450,13,residential,0.5728213536844212,0.9970491837856842,60.00322173253652,False,False,normal
1,1,SMT_021081,12,residential,0.8299424060878563,0.9927371602252629,59.99542099872949,False,False,normal
1,1,SMT_006551,4,commercial,4.038092571482703,0.9833502049203523,59.99936652536457,False,False,normal
1,1,SMT_018805,10,residential,0.6889250942557175,0.9930464469342539,60.00290330606986,False,False,normal
1,1,SMT_011865,6,residential,0.9234629171660648,0.9972879972924883,60.00091426986105,False,False,normal
1,1,SMT_005273,4,commercial,3.3638657444116915,0.9943452102868567,59.99623155522353,False,False,normal
1,1,SMT_005643,4,industrial,6.5219651824870315,0.9903277561714624,59.98006334289048,False,False,normal
1,1,SMT_008167,4,residential,0.40079349842351003,1.0035289386574788,60.022215761432555,False,False,normal
1,1,SMT_008356,5,commercial,4.158954756405526,0.9780421721735728,59.99664147132603,False,False,normal
1,1,SMT_023613,14,commercial,3.382222604907159,1.0098118838817383,60.00627935673293,False,False,normal
1,1,SMT_009455,5,residential,0.8655808058375155,1.013811715201468,60.012238361344615,False,False,normal
1,1,SMT_009840,5,commercial,2.9905485744835003,0.9962934473862531,60.01624025556736,False,False,normal
1,1,SMT_015941,9,residential,0.5496932171803184,1.0070337419453006,59.99878926434539,False,False,normal
1,1,SMT_002300,2,residential,1.1533597599499885,0.9987560666947165,59.98927824223076,True,False,normal
1,1,SMT_023675,14,commercial,2.6335453919802583,1.0010973580763005,59.98874108849679,False,False,normal
1,1,SMT_018022,10,residential,0.8926212073577234,1.0110330641072582,60.00663274822239,False,False,normal
1,1,SMT_010461,6,residential,0.7034574508765135,1.0006179977313738,59.998848408392256,False,False,normal
1,1,SMT_020043,11,residential,0.4493989513074955,0.9916005289699881,60.01327836666612,False,False,normal
1,1,SMT_013431,7,commercial,3.181695436106316,0.982601652935771,59.99880731088945,False,False,normal
1,1,SMT_013877,7,industrial,12.759812882555913,0.9985917666134599,59.994476793430785,False,False,normal
1,1,SMT_013786,7,residential,0.9580803275686333,0.9922321209775097,60.00948314973464,False,False,normal
1,1,SMT_012491,6,residential,0.8649337507448479,1.0028152417453364,59.99045512919968,False,False,normal
1,1,SMT_005142,3,commercial,3.265968485926795,0.995813335338127,59.99456804685572,False,False,normal
1,1,SMT_004233,3,commercial,3.3227648992989374,0.9944386393465114,59.99306924201899,False,False,normal
1,1,SMT_001348,2,commercial,3.6626730129591882,0.9716329294559733,60.00644984162098,False,False,normal
1,1,SMT_011348,6,residential,1.0142537115693102,0.9870336209391708,60.001801858572044,False,False,normal
1,1,SMT_008714,5,residential,0.8672055614370584,1.0029422647133395,60.00199859750655,False,False,normal
1,1,SMT_010038,5,industrial,14.536694092517623,1.0125941586560703,59.989198786086966,False,False,normal
1,1,SMT_000004,1,residential,0.5370724266178397,1.002668821771925,60.006155715422445,False,False,normal
1,1,SMT_010622,6,residential,1.235871146944644,0.9940217342627973,60.01605150045825,False,False,normal
1,1,SMT_012373,6,commercial,1.5252384689431826,1.022942011471652,59.98440910978085,False,False,normal
1,1,SMT_000890,2,residential,0.4944163800285411,1.014945639781027,59.98996220537227,False,False,normal
1,1,SMT_013742,7,residential,1.195164361630267,1.008029021574778,59.998125071784905,True,False,normal
1,1,SMT_018464,10,residential,1.0484061499693835,0.9907044807199087,59.990960798070915,False,False,normal
1,1,SMT_005523,4,residential,0.8927067704604582,1.012988738490593,59.998758348347586,False,False,normal
1,1,SMT_001602,2,commercial,1.3608919932832864,1.0103601021343918,59.986586221094925,False,False,normal
1,1,SMT_012592,6,residential,0.800293322321089,1.0014753446484477,59.99283566056473,False,False,normal
1,1,SMT_001629,2,residential,1.0687442413882342,0.9961889298889379,60.00161966077003,False,False,normal
1,1,SMT_005272,4,residential,0.9959450407315925,0.9993388364386975,60.0073692200915,False,False,normal
1,1,SMT_021034,12,commercial,1.1687629012212106,0.9855659558361989,60.00512741130971,False,False,normal
1,1,SMT_006265,4,industrial,10.761460851147115,1.0056948122449172,59.99572169468079,False,False,normal
1,1,SMT_002330,2,commercial,4.167871828910709,1.001725990069906,60.006665402518266,False,False,normal
1,1,SMT_020137,11,commercial,1.2149632837788829,0.9921830589130121,59.9959515604456,False,False,normal
1,1,SMT_006276,4,residential,1.01092217926216,1.0147475608826613,59.99044679101369,False,False,normal
1,1,SMT_010558,6,residential,0.8264204132269957,0.9784740816773729,60.016767219519394,False,False,normal
1,1,SMT_016487,9,residential,0.9379823443464187,1.006419578030286,60.0013706746711,False,False,normal
1,1,SMT_019479,10,residential,0.7538068424707586,0.9979432506580371,60.01444719853392,False,False,normal
1,1,SMT_005433,4,commercial,3.674677609227255,0.9971021884860616,60.0098759875419,False,False,normal
1,1,SMT_014545,8,residential,0.9336953201763712,1.0130151595702837,59.996133337887755,False,False,normal
1,1,SMT_002817,3,residential,0.7397172233381267,1.012606642654684,60.00514438399392,False,False,normal
1,1,SMT_023051,13,residential,1.028168741097312,1.014076719434805,59.99554694740291,False,False,normal
1,1,SMT_021326,12,residential,0.8121718047691614,1.0030048145639379,59.99508792781086,False,False,normal
1,1,SMT_018457,10,residential,0.4841415555338541,0.9992242090488923,59.992646986009625,False,False,normal
1,1,SMT_017092,10,residential,1.1933375299755025,1.015503409606316,59.99977444101529,False,False,normal
1,1,SMT_006247,4,residential,0.4395413340226151,0.9882375466536887,59.994412062974696,False,False,normal
1,1,SMT_009710,5,industrial,23.54092996481231,1.0031328234775396,60.00086124897999,False,False,normal
1,1,SMT_002197,2,commercial,1.682995967015124,0.9902408829397011,60.0015077562059,False,False,normal
1,1,SMT_014147,8,residential,0.7036616093602092,0.9965984571852798,59.99238224456664,False,False,normal
1,1,SMT_000750,2,residential,0.582858340159486,1.0094047901380505,60.00845655819749,False,False,normal
1,1,SMT_007318,4,residential,0.7817311329242039,0.9969727228212256,60.01969033273849,False,False,normal
1,1,SMT_000305,1,industrial,9.261194200275698,0.9999301396272114,59.9923938227766,False,False,normal
1,1,SMT_021065,12,residential,0.5501279608493864,0.9948955155763459,60.00543924446404,True,False,normal
1,1,SMT_012874,7,residential,0.6475226548726448,0.9990455776903341,59.993799566952724,True,False,normal
1,1,SMT_014687,8,commercial,3.6205765999636728,1.0015332964317358,59.99680341171476,False,False,normal
1,1,SMT_001508,2,commercial,1.1509676198014962,0.9964990321071824,59.990082003191056,False,False,normal
1,1,SMT_004968,3,industrial,8.211073166250921,1.009910658014262,60.0065388254708,False,False,normal
1,1,SMT_019496,10,commercial,2.214861422758458,0.9757262983404009,59.99682214517435,False,False,normal
1,1,SMT_014304,8,residential,0.49858393712494453,0.9892580518029824,59.993648226208,False,False,normal
1,1,SMT_016903,10,residential,0.5303890393103143,1.0133617200056855,60.01068651726989,False,False,normal
1,1,SMT_005614,4,residential,0.6462284783478706,0.9957045483064616,60.00546732908512,False,False,normal
1,1,SMT_013949,8,industrial,9.713637864991775,0.9896854771233734,59.99876253629735,False,False,normal
1,1,SMT_008405,5,commercial,2.2484653182395467,1.0136932120348416,60.00320776727122,False,False,normal
1,1,SMT_017583,10,residential,0.5862369787356473,1.0126635480891464,59.99313865255416,False,False,normal
1,1,SMT_004557,3,commercial,3.1695562878760994,0.9991900061130585,59.99997115257143,False,False,normal
1,1,SMT_012475,6,residential,1.249624046445093,1.005824925376707,60.000517308248774,False,False,normal
1,1,SMT_002582,2,residential,0.6475455119237861,1.0068879857071906,60.00114724996867,False,False,normal
1,1,SMT_015784,9,residential,0.41778589156731294,0.9965710565327209,60.00828867116791,True,False,normal
1,1,SMT_009213,5,industrial,20.777600331832616,1.007924465731768,59.98727271740959,False,False,normal
1,1,SMT_006507,4,industrial,19.453459195704195,0.9968858261478039,59.983761818064956,False,False,normal
1,1,SMT_022584,13,residential,1.0438740067618453,1.0015000304305948,59.99659206242703,False,False,normal
1,1,SMT_003215,3,residential,0.5319612177595486,0.9922949440110612,60.01578369228728,False,False,normal
1,1,SMT_005581,4,residential,0.8898478014360983,0.9965729224282819,59.9972731388631,False,False,normal
1,1,SMT_002389,2,residential,0.8906344249034265,1.0109503036682013,59.997848348092774,True,False,normal
1,1,SMT_009819,5,residential,0.482079144500619,1.0062149295674163,60.00407038770326,False,False,normal
1,1,SMT_006042,4,residential,0.7665874861096977,1.0076031617921684,59.99196459532635,False,False,normal
1,1,SMT_011098,6,commercial,3.0989117987215447,0.9925559924927607,60.01121319812425,False,False,normal
1,1,SMT_001118,2,residential,0.6156157757510046,1.0136838738143619,60.01456213411271,False,False,normal
1,1,SMT_017720,10,residential,0.5418995139768953,0.9893488960967329,60.00057530926035,True,False,normal
1,1,SMT_005118,3,residential,1.0200729133164477,1.0238783407041905,60.02107929068014,False,False,normal
1,1,SMT_012447,6,residential,0.6047407439412084,1.0085917604732482,60.00202826442543,False,False,normal
1,1,SMT_009172,5,industrial,17.424873307611943,1.0117773798902474,60.01065255032427,False,False,normal
1,1,SMT_015726,9,residential,1.0611883139333036,0.995939618219938,59.987444337341294,False,False,normal
1,1,SMT_018941,10,residential,0.6018500061453763,0.9828871901732212,60.001429399540974,False,False,normal
1,1,SMT_002141,2,industrial,24.674978251658924,1.0007689196517282,60.01396580269299,False,False,normal
1,1,SMT_002929,3,residential,1.0300907797577392,0.9876855305990054,60.005090437372566,False,False,normal
1,1,SMT_007177,4,industrial,29.185564333559665,1.0051579552832408,60.01563300343772,False,False,normal
1,1,SMT_007282,4,residential,0.8519388621756803,0.9944222897141786,60.00646195693234,False,False,normal
1,1,SMT_001995,2,residential,1.1071195138247922,1.0097993227857596,60.000143047806915,False,False,normal
1,1,SMT_011957,6,residential,1.124380893662129,1.0061358867617582,59.99067826748379,True,False,normal
1,1,SMT_001554,2,residential,1.0124034792604066,0.990652423843645,59.97120814683493,False,False,normal
1,1,SMT_016450,9,industrial,6.193472974515171,1.007362394097442,59.98276050969005,False,False,normal
1,1,SMT_013705,7,commercial,1.950007004877551,0.9938379357106348,60.00184636490983,False,False,normal
1,1,SMT_010666,6,residential,0.8775733775404233,0.9856892280561916,59.99542950188807,False,False,normal
1,1,SMT_011167,6,residential,0.4514712381502355,0.9885239535601915,60.00412907918196,False,False,normal
1,1,SMT_012444,6,commercial,2.6306772013242634,0.9874396225903627,60.00176650720136,False,False,normal
1,1,SMT_010155,5,residential,0.9374342672415383,1.003545580184142,59.99489097122481,False,False,normal
1,1,SMT_008879,5,industrial,27.373653730860827,0.9935954903175324,60.0144313465432,False,False,normal
1,1,SMT_014500,8,residential,1.0075607395645638,0.9986742901213357,60.01123497269667,True,False,normal
1,1,SMT_019244,10,commercial,3.2302061014033425,0.9930755683283896,60.004957183184096,False,False,normal
1,1,SMT_008261,4,residential,1.156252633948639,0.9883993385518817,60.02757230966394,False,False,normal
1,1,SMT_016348,9,residential,0.43208617229056107,1.0069183511349444,59.98790259942099,False,False,normal
1,1,SMT_017487,10,residential,0.8104151430036112,1.008402585163045,60.02046445690738,True,False,normal
1,1,SMT_000649,2,commercial,1.6828514043527814,1.0013450138476345,59.9939955658745,False,False,normal
1,1,SMT_017663,10,commercial,2.7769544449676373,0.9958212983954434,60.003309752125894,False,False,normal
1,1,SMT_008483,5,commercial,2.166407284327595,1.012037878230391,59.991528070377875,False,False,normal
1,1,SMT_006595,4,residential,1.0016711472459638,0.990901882929001,60.017591744494226,False,False,normal
1,1,SMT_020477,11,residential,0.7500075042058613,0.998063085367577,59.98580188530276,False,False,normal
1,1,SMT_013669,7,commercial,2.821723384640944,0.9947544798236021,60.00385355461321,False,False,normal
1,1,SMT_016016,9,residential,0.47007255647415386,1.0154700046090206,60.00359683520801,False,False,normal
1,1,SMT_021839,12,commercial,1.1778619910583135,0.9973447908106374,59.994305499194446,False,False,normal
1,1,SMT_003541,3,residential,0.8937492681406087,1.0044083072760421,59.99794767147492,True,False,normal
1,1,SMT_016076,9,residential,1.2433113569548435,0.9958976191787312,59.99677749190037,False,False,normal
1,1,SMT_013281,7,commercial,2.0702578286316875,1.0057683619943372,59.98505468253204,False,False,normal
1,1,SMT_019876,11,commercial,1.1942305595471103,1.0043727516108691,59.99183892800397,False,False,normal
1,1,SMT_009262,5,commercial,3.8430612210614816,0.9913662690022126,60.001875375399976,False,False,normal
1,1,SMT_001910,2,residential,0.6124644467207985,1.0112421050400677,60.00278391964408,False,False,normal
1,1,SMT_016147,9,commercial,2.0116471709634407,1.0056725104780238,60.01472901023903,False,False,normal
1,1,SMT_022497,13,residential,0.9686016104258741,0.9954765526450463,60.00188311423292,False,False,normal
1,1,SMT_010148,5,residential,0.9536312498245789,0.9955607378525203,60.01026021958433,True,False,normal
1,1,SMT_010945,6,residential,1.0467727716493203,0.9831064780926708,60.003049909412745,True,False,normal
1,1,SMT_000657,2,residential,0.7597264597779645,0.9934357297655205,60.004816603660686,False,False,normal
1,1,SMT_005117,3,industrial,14.342751192405016,1.017662701194113,59.99398192820514,False,False,normal
1,1,SMT_015012,8,industrial,24.265989724161507,0.9833243756076101,60.00192719655622,False,False,normal
1,1,SMT_016282,9,commercial,1.1699168397663544,1.020100924886659,59.998348645296474,False,False,normal
1,1,SMT_003642,3,residential,1.0195096041572018,1.003622013681097,60.00405222298492,False,False,normal
1,1,SMT_015829,9,industrial,14.699092867714468,0.9849179592006486,60.006576177577806,False,False,normal
1,1,SMT_023357,14,commercial,2.2028306307254457,1.018714484967489,59.99246206560596,False,False,normal
1,1,SMT_017752,10,commercial,1.594513179551823,0.9980998696753792,60.002155739828474,False,False,normal
1,1,SMT_012370,6,residential,1.1486868670900272,1.0064402832221737,59.99465490644826,False,False,normal
1,1,SMT_018087,10,residential,0.6106607144500831,0.9964578303552916,59.97473429660212,False,False,normal
1,1,SMT_014966,8,commercial,1.980597765522665,0.9960871738187337,60.021510819258104,False,False,normal
1,1,SMT_010738,6,industrial,23.92047586080809,1.010354516805157,60.00092799894626,False,False,normal
1,1,SMT_001413,2,commercial,3.5037679298651265,1.0025760855985069,59.99804899062884,False,False,normal
1,1,SMT_000575,2,commercial,1.1496693512983087,0.9994694473419888,59.99544572228743,False,False,normal
1,1,SMT_021103,12,residential,1.0320534410735434,1.0073175965752978,60.01112071289358,True,False,normal
1,1,SMT_012791,6,residential,0.957382142122466,1.0100482152356967,60.00038285851816,False,False,normal
1,1,SMT_011937,6,residential,0.5632022145948254,0.9948677735628996,59.99162969270716,False,False,normal
1,1,SMT_008576,5,commercial,4.152783124816607,1.0058114364915343,60.00174912778716,False,False,normal
1,1,SMT_007130,4,residential,0.505309537505425,0.9925564492743176,59.99198128384742,False,False,normal
1,1,SMT_006695,4,residential,1.2340672852632206,1.0145075713972262,59.976242662572254,False,False,normal
1,1,SMT_002255,2,commercial,2.1707493071356363,1.0027020535874165,60.01651384782571,False,False,normal
1,1,SMT_004559,3,commercial,1.8424609388157651,1.0117442949059612,59.994980578487336,False,False,normal
1,1,SMT_004685,3,industrial,10.343056993130242,0.9959156317357769,59.98607094242141,False,False,normal
1,1,SMT_012042,6,residential,1.1413136650856401,1.0103699191123994,59.992580780744,False,False,normal
1,1,SMT_006034,4,commercial,2.724004968740844,1.0104647409497773,59.997063817792686,False,False,normal
1,1,SMT_022203,13,commercial,3.6474243994895525,0.9878396250696014,59.990859272353134,False,False,normal
1,1,SMT_002726,3,residential,0.9981254098965033,1.0124053981048362,60.00147467089605,False,False,normal
1,1,SMT_009717,5,commercial,2.675301223083164,1.0254015497253788,60.00021207814189,False,False,normal
1,1,SMT_020212,11,residential,0.5545793415524279,1.0081060481856634,59.99231989197089,False,False,normal
1,1,SMT_014468,8,commercial,2.2934996867807143,1.000491591122473,59.993883375479754,False,False,normal
1,1,SMT_013837,7,residential,0.8453081527653493,1.0061768742605555,60.004963809212676,False,False,normal
1,1,SMT_015337,9,residential,0.9626794924490757,0.9960630638427257,60.02096185353629,False,False,normal
1,1,SMT_018001,10,commercial,2.140292631793065,0.9933404367669532,60.00803726155156,False,False,normal
1,1,SMT_017000,10,commercial,2.6576226399909038,1.009376357595251,60.013609740231765,False,False,normal
1,1,SMT_019278,10,residential,0.9345773513623408,0.989172849717998,60.00297763812088,False,False,normal
1,1,SMT_023442,14,residential,0.6714537748325046,1.0141884923978215,59.99543431956448,False,False,normal
1,1,SMT_001457,2,residential,1.0445970447547854,1.0020482283932912,59.98390679266744,False,False,normal
1,1,SMT_015564,9,industrial,18.472653595837805,0.9865771082168278,59.997053006157095,False,False,normal
1,1,SMT_016889,10,industrial,23.536768508145727,0.9963466493804496,60.00169208350646,False,False,normal
1,1,SMT_010848,6,residential,0.6553659389777062,1.0078039367977027,60.00046096648511,False,False,normal
1,1,SMT_012118,6,residential,0.5071739665157566,0.9844997279071043,59.994976560878726,False,False,normal
1,1,SMT_005238,3,residential,0.7334982698404703,1.0194701742783316,59.996319481414,False,False,normal
1,1,SMT_002024,2,industrial,27.956347977531088,0.9711262384118166,59.99149284243698,False,False,normal
1,1,SMT_012527,6,residential,0.525036292401449,0.9923965511327637,59.99218508105903,False,False,normal
1,1,SMT_010329,5,residential,0.5437255315334792,0.997036131757262,59.99374811991189,False,False,normal
1,1,SMT_009420,5,residential,0.6220078598907007,1.00919600592422,60.00011618392462,False,False,normal
1,1,SMT_016184,9,industrial,30.653942037447283,0.9659255495794364,60.03349799692762,False,False,normal
1,1,SMT_007433,4,residential,1.0699122676666148,0.9779907677282622,60.00227584636494,False,False,normal
1,1,SMT_005106,3,residential,0.5071423960263748,0.985122732259679,59.99091146736518,False,False,normal
1,1,SMT_020067,11,residential,0.9437756436146983,1.00760491966638,59.98437302065336,True,False,normal
1,1,SMT_013214,7,residential,0.7680357500573873,1.0092865764519696,60.006694871945164,True,False,normal
1,1,SMT_004848,3,residential,0.7670471746823968,1.0072967737917868,60.016408569244746,False,False,normal
1,1,SMT_009265,5,residential,0.8963817527882385,1.0026332703143424,60.00009334922986,False,False,normal
1,1,SMT_008147,4,residential,0.8403091532684714,1.0073290521957012,59.99256215867276,False,False,normal
1,1,SMT_000032,1,residential,1.0949898661965731,1.0020632735663855,59.99506148853,False,False,normal
1,1,SMT_015075,8,residential,0.8044863238937195,0.9990762218336703,59.99670279998039,False,False,normal
1,1,SMT_022192,12,residential,1.053726331132561,0.9916453457601193,59.99560146777377,False,False,normal
1,1,SMT_013884,8,residential,0.7533952296732019,0.997539257184369,59.984979671578635,True,False,normal
1,1,SMT_003432,3,commercial,3.586888592321279,0.9932462188928465,60.0083449914344,False,False,normal
1,1,SMT_021928,12,residential,0.6721844283932468,1.0117055928768401,59.99642003817746,True,False,normal
1,1,SMT_004193,3,residential,0.5311669354707315,1.0013902254367841,60.00035690788029,False,False,normal
1,1,SMT_011209,6,residential,0.8950891967144721,0.995798670195597,60.003057034437134,False,False,normal
1,1,SMT_022388,13,residential,1.0799542055582876,0.9972009269028498,59.994983821425706,True,False,normal
1,1,SMT_020263,11,residential,1.0580760845634176,1.013802435839938,60.00978858350007,False,False,normal
1,1,SMT_016343,9,residential,0.9305308494713542,0.9837014075256885,59.9898581272629,False,False,normal
1,1,SMT_018444,10,residential,0.9515575066052646,1.0015766502254222,60.003453135082125,False,False,normal
1,1,SMT_020098,11,commercial,2.3164314893619378,0.9801310847877333,59.99688849071245,False,False,normal
1,1,SMT_003400,3,industrial,24.724507999931248,0.9965934454482559,60.01651599311251,False,False,normal
1,1,SMT_010628,6,commercial,1.9514127998097364,0.976754941619612,60.00327678573255,False,False,normal
1,1,SMT_003940,3,residential,0.47308986642768225,1.0045696734405423,60.010026175449106,False,False,normal
1,1,SMT_020501,11,residential,1.0288430290279593,1.0046376684674672,60.00671272280017,False,False,normal
1,1,SMT_001814,2,residential,0.6404200045620515,1.0035194462529775,59.97745251879125,False,False,normal
1,1,SMT_012410,6,residential,0.6522096743492017,1.0064465454144045,59.99268888149237,True,False,normal
1,1,SMT_023412,14,residential,0.7939595341654765,1.0060336043206735,59.9915557673152,False,False,normal
1,1,SMT_019174,10,commercial,1.2683646912632411,1.0090378406184035,59.99813008755609,False,False,normal
1,1,SMT_017275,10,residential,0.6111140061319611,0.9946298233269623,59.99353470115532,True,False,normal
1,1,SMT_003190,3,residential,0.5012185891597484,1.0051902660822354,59.99392918366068,False,False,normal
1,1,SMT_020663,11,commercial,1.7797433593938485,1.0173769794189875,59.98813249243455,False,False,normal
1,1,SMT_014789,8,residential,0.804140949439281,0.9985327841072745,59.99849114881555,False,False,normal
1,1,SMT_016275,9,commercial,1.7668319660412264,0.9959330746773456,59.989700607648984,False,False,normal
1,1,SMT_017698,10,commercial,1.6652803733954886,0.9966074480322911,60.014480169689506,False,False,normal
1,1,SMT_000256,1,commercial,1.6395214201279715,0.9919155110347118,60.01623215201565,False,False,normal
1,1,SMT_023382,14,residential,0.5940195133577266,0.9986855084134977,60.005636659812474,False,False,normal
1,1,SMT_011510,6,commercial,1.4587185670963996,1.0023957146684912,60.01196501656601,False,False,normal
1,1,SMT_004390,3,residential,0.7291180889743509,1.0026953930256126,59.993921218527994,False,False,normal
1,1,SMT_010957,6,residential,0.7059418328710173,1.0020183463316004,60.00642327173063,False,False,normal
1,1,SMT_019559,10,residential,1.1459187253362997,0.9979369878992618,60.01828605819982,True,False,normal
1,1,SMT_015208,9,residential,1.0991189481533838,1.011164299664429,59.99623471694445,True,False,normal
1,1,SMT_012792,6,industrial,27.409323608754576,1.005311843925408,60.00617257516775,False,False,normal
1,1,SMT_019925,11,residential,0.9989045967356868,1.00374874155223,59.973156684697436,False,False,normal
1,1,SMT_021535,12,residential,0.38330133508373293,0.9815881381642626,60.00436849855139,False,False,normal
1,1,SMT_012744,6,residential,1.158769125061969,1.0224626042003477,59.986703013894285,False,False,normal
1,1,SMT_006163,4,residential,0.8780009249800866,0.9880127966458381,59.99085417777731,False,False,normal
1,1,SMT_000960,2,industrial,19.863559975064806,1.0079384957099298,60.00417514199181,False,False,normal
1,1,SMT_010220,5,residential,1.2375850808746822,0.9996988464127765,60.001162173455285,False,False,normal
1,1,SMT_018157,10,residential,0.6984630660139932,0.9923102103637367,59.993074979522525,False,False,normal
1,1,SMT_015974,9,residential,1.0357810409762727,1.0013500651130574,59.99951081585778,True,False,normal
1,1,SMT_011143,6,commercial,3.6744137547255686,1.0024145632260257,59.99998035953271,False,False,normal
1,1,SMT_005301,4,residential,0.8845487026783465,0.9821293010489891,60.016212852181056,False,False,normal
1,1,SMT_017631,10,industrial,26.704801339718788,0.9909124969521742,59.985929431215474,False,False,normal
1,1,SMT_019658,10,residential,0.938032987206964,0.98658969493238,59.99987651851235,False,False,normal
1,1,SMT_000636,2,commercial,3.4656578166743395,1.0116664176957617,59.9979834781807,False,False,normal
1,1,SMT_011039,6,commercial,1.3992103501060194,0.9974338913595646,59.997500763550626,False,False,normal
1,1,SMT_020943,12,residential,0.751884774023356,1.018807117232572,59.99190105589943,False,False,normal
1,1,SMT_004149,3,residential,0.7550230920729853,0.9796337114119308,60.00039062178639,False,False,normal
1,1,SMT_022102,12,industrial,21.243047618834513,0.9956991948343358,59.99050105962877,False,False,normal
1,1,SMT_002198,2,commercial,1.0243461430512157,0.9848637033538034,60.011029321605776,False,False,normal
1,1,SMT_009308,5,residential,0.6043294369818732,0.9872702580860225,59.99082426133599,False,False,normal
1,1,SMT_018027,10,commercial,2.4215998251195505,0.9963691303574063,60.00604981997821,False,False,normal
1,1,SMT_020825,12,residential,0.5186433193718838,0.9955202737666697,60.01236314833224,False,False,normal
1,1,SMT_012131,6,commercial,2.6443932252256928,0.9958040258927522,59.9870452404278,False,False,normal
1,1,SMT_006714,4,residential,0.9638221524509135,0.9938950631542729,59.989862452922395,False,False,normal
1,1,SMT_007116,4,residential,1.183034769988752,0.9960210454681364,59.99387726208807,False,False,normal
1,1,SMT_011905,6,industrial,22.505175569926823,1.0074620016390143,60.0154672611525,False,False,normal
1,1,SMT_019312,10,commercial,1.1484165953604084,1.0034044669964517,60.006591556427914,False,False,normal
1,1,SMT_018638,10,commercial,3.373982818804439,0.9969111379930238,59.997210638074634,False,False,normal
1,1,SMT_018942,10,commercial,1.9110026648540506,0.9948840423270153,59.99884224035072,False,False,normal
1,1,SMT_021776,12,industrial,26.67716245055829,1.0040731299516439,60.000383935060576,False,False,normal
1,1,SMT_000509,2,industrial,14.731805210189352,0.9914738396670539,60.00466543918517,False,False,normal
1,1,SMT_005403,4,commercial,1.093736655040607,1.003699029787567,59.99901524522219,False,False,normal
1,1,SMT_015387,9,commercial,2.4678696457414624,1.0080636616982332,59.99815939635121,False,False,normal
1,1,SMT_004839,3,residential,0.6969218896533548,1.0164868697918987,60.012768320156994,True,False,normal
1,1,SMT_013872,7,residential,0.8561854343442341,0.9963244216620458,59.99057886262752,False,False,normal
1,1,SMT_012540,6,residential,0.9429219269382445,0.9949934832499461,60.009674148057044,False,False,normal
1,1,SMT_020803,11,residential,0.4111838598720839,0.9990404270329332,60.00902366947025,False,False,normal
1,1,SMT_008222,4,residential,1.011973183011134,1.0006262630150604,59.99441184815697,True,False,normal
1,1,SMT_015878,9,residential,1.0389059566449077,0.9987682371539811,59.99923105873445,True,False,normal
1,1,SMT_006706,4,residential,0.6992947470614446,1.011217606249896,59.999886289626176,True,False,normal
1,1,SMT_001485,2,residential,0.4817583918160898,1.0020443111245156,60.01134135249674,False,False,normal
1,1,SMT_004939,3,residential,0.48842972137140434,1.0101655611441298,60.00290777407461,True,False,normal
1,1,SMT_016139,9,residential,0.4422188227856603,0.9802815129049751,60.01149916050002,False,False,normal
1,1,SMT_012859,7,residential,0.5944499688260599,0.9954007757450931,59.992569142536766,False,False,normal
1,1,SMT_012775,6,commercial,1.379956610815912,0.9861121005286603,60.01334839228504,False,False,normal
1,1,SMT_005075,3,residential,1.135989108055053,0.9970586022499958,60.005020566408454,False,False,normal
1,1,SMT_007061,4,industrial,7.303668629232724,1.0022072743308348,60.019572027241374,False,False,normal
1,1,SMT_003376,3,commercial,1.0069282497212924,0.9997910477546906,60.00852192489861,False,False,normal
1,1,SMT_021089,12,commercial,1.5401049202718675,0.9879671733022327,60.01436845498022,False,False,normal
1,1,SMT_020596,11,residential,0.615948970058453,0.9941404796166899,59.99879444779683,False,False,normal
1,1,SMT_012935,7,residential,1.070312961609603,0.9874784056617073,59.983780909664155,False,False,normal
1,1,SMT_010268,5,residential,0.5424142800425646,1.0112977086236885,60.00256900760939,True,False,normal
1,1,SMT_011385,6,residential,0.4932124792072587,0.9865075995384854,59.99737228285478,False,False,normal
1,1,SMT_000883,2,residential,0.5299413304082164,0.9929080576059199,60.020469061377604,False,False,normal
1,1,SMT_022709,13,residential,0.9068561296726396,1.0100135922605384,59.991962061964244,False,False,normal
1,1,SMT_013924,8,residential,0.646949494699559,1.0033385232526617,59.99339362766164,True,False,normal
1,1,SMT_003294,3,residential,1.0249703311608684,0.9935878251956738,59.99076037213707,False,False,normal
1,1,SMT_007687,4,residential,0.7375096689985002,1.0057637226703144,59.98507082672762,False,False,normal
1,1,SMT_000272,1,residential,1.0510053888938837,0.9912196522929284,59.99812604230275,False,False,normal
1,1,SMT_021998,12,industrial,8.84552260272367,1.0075764927122737,59.99815905140567,False,False,normal
1,1,SMT_000342,1,residential,0.6703507164985756,1.0157704034876747,60.00169248099749,False,False,normal
1,1,SMT_019597,10,industrial,18.34415211241036,0.9911028473980809,59.9979417207587,False,False,normal
1,1,SMT_007145,4,industrial,27.184097781277988,0.9969735015683941,60.01945313714573,False,False,normal
1,1,SMT_012684,6,residential,1.0960122025754162,0.9892495534075103,59.99115724660053,True,False,normal
1,1,SMT_008033,4,residential,0.6103650231282154,1.0061387798918247,60.01491759198876,False,False,normal
1,1,SMT_014339,8,residential,0.9310698142025796,0.9862338965359285,59.99979283781601,False,False,normal
1,1,SMT_020716,11,residential,1.0526601037239105,0.9964913318949187,59.99101572425084,True,False,normal
1,1,SMT_015421,9,residential,1.0367699149472325,0.984412358966423,59.99152090650637,True,False,normal
1,1,SMT_005250,4,residential,1.1787687448880204,1.024774043508619,60.00975084213087,False,False,normal
1,1,SMT_005933,4,residential,0.9404181317523352,0.9900063387549279,59.9903530725014,False,False,normal
1,1,SMT_006938,4,residential,0.8999307434647194,1.0074487639129721,60.00756303847617,True,False,normal
1,1,SMT_001560,2,residential,0.6294718534060508,0.9949234777637167,60.010677913314254,False,False,normal
1,1,SMT_013256,7,residential,0.9333773951651586,0.9943354076028702,60.00462538750375,False,False,normal
1,1,SMT_013252,7,commercial,1.2112249149924625,0.9870859857380986,60.00144549017038,False,False,normal
1,1,SMT_006086,4,commercial,3.556989136313009,1.0189802087222122,59.99548976051061,False,False,normal
1,1,SMT_018073,10,residential,1.0056804979177951,1.0019400348708727,60.002504408076305,False,False,normal
1,1,SMT_017971,10,residential,0.8430249065606557,0.9941900852339933,60.00102739362795,False,False,normal
1,1,SMT_000320,1,residential,0.5477096194704109,1.0159310482586292,59.985488523830625,False,False,normal
1,1,SMT_002983,3,industrial,17.318525345522467,1.0138508974817326,60.002626988724685,False,False,normal
1,1,SMT_021245,12,residential,0.6935430402134504,1.0141590399786056,59.984576122758035,False,False,normal
1,1,SMT_021695,12,industrial,13.28122139013483,0.9940531369683885,59.99360202841209,False,False,normal
1,1,SMT_014723,8,commercial,2.3159607951413865,1.0023241316316034,60.00514567678001,False,False,normal
1,1,SMT_014531,8,commercial,1.1779547361054816,0.9800667420138536,59.98948203053099,False,False,normal
1,1,SMT_021010,12,residential,0.5398579491698254,0.9946428543702386,59.99551196036145,False,False,normal
1,1,SMT_000790,2,industrial,23.59872109482789,0.9914618154202405,60.00647338313499,False,False,normal
1,1,SMT_010024,5,residential,1.027075085271646,0.9970511317010033,60.00764713939363,False,False,normal
1,1,SMT_007736,4,industrial,27.715325031193494,1.0155575119160527,59.990627547910705,False,False,normal
1,1,SMT_004288,3,residential,1.185063593632667,1.0074883125573408,60.010584198695334,False,False,normal
1,1,SMT_011984,6,commercial,1.57038863259545,1.003852627174578,59.9927658982334,False,False,normal
1,1,SMT_010702,6,industrial,27.02728163787398,1.0016654961202147,60.003396583742976,False,False,normal
1,1,SMT_022961,13,residential,0.9405108244149688,0.9904944827125426,60.00780095020258,False,False,normal
1,1,SMT_001143,2,residential,1.0492338821079674,0.9965251718231937,59.99081745732569,False,False,normal
1,1,SMT_007496,4,residential,0.8026159578202668,0.9905784555064535,59.99914133028786,False,False,normal
1,1,SMT_008291,4,residential,0.9740674592895643,0.9846248932269975,59.98434887312955,True,False,normal
1,1,SMT_013414,7,industrial,8.641120630616257,0.9957289277329807,59.977680836664256,False,False,normal
1,1,SMT_019921,11,residential,0.8112776445821545,1.0050208349683896,60.01536418987522,True,False,normal
1,1,SMT_008852,5,residential,0.8519602766321739,1.0064329662107523,60.004080819109284,True,False,normal
1,1,SMT_000053,1,residential,1.1374456163594613,1.0057555357422916,60.0125002935827,False,False,normal
1,1,SMT_017845,10,residential,0.6375880223228823,0.9906143008811934,59.99479897995782,False,False,normal
1,1,SMT_016070,9,commercial,1.921453464516361,1.0042181108024593,59.982690796738254,False,False,normal
1,1,SMT_007709,4,residential,0.690264730205621,0.9988100823840265,59.99653301407186,False,False,normal
1,1,SMT_014283,8,industrial,22.558284402767402,0.9983143730641033,59.99955837497519,False,False,normal
1,1,SMT_001598,2,residential,0.8570542285577697,0.990490277396361,60.01193085623325,False,False,normal
1,1,SMT_009080,5,residential,0.913979012186647,1.009199607930501,60.010037232689726,True,False,normal
1,1,SMT_005229,3,residential,0.7694716578097133,1.004096626094091,60.00097822649533,False,False,normal
1,1,SMT_018944,10,commercial,3.7792630629733237,0.9953114123552939,60.00649692853044,False,False,normal
1,1,SMT_011747,6,residential,1.0355692671417123,1.0081467016488086,59.98482180339214,False,False,normal
1,1,SMT_018821,10,industrial,17.128868725910245,1.00534932805465,60.00690813046982,False,False,normal
1,1,SMT_009472,5,industrial,25.552812156776202,1.0033244844810123,60.01050659121497,False,False,normal
1,1,SMT_001632,2,residential,0.5425220220336274,1.008019598589474,60.00093813847638,False,False,normal
1,1,SMT_004130,3,industrial,27.295789484963873,1.0046762507034523,59.98655604936855,False,False,normal
1,1,SMT_005397,4,commercial,2.063102503698269,0.9998580348903825,60.000226244755126,False,False,normal
1,1,SMT_011234,6,residential,0.6483872229453264,1.0013455223948586,59.98742333428122,False,False,normal
1,1,SMT_011817,6,residential,0.588751840385009,1.0003335524439807,59.994251502356356,False,False,normal
1,1,SMT_006772,4,industrial,27.552197523776773,0.9993312908145653,59.98620188899352,False,False,normal
1,1,SMT_011142,6,residential,1.171568447689304,1.003011948545608,59.985812868375874,False,False,normal
1,1,SMT_000371,1,residential,0.6391493787884245,0.9943262368137131,60.019134466186266,True,False,normal
1,1,SMT_013336,7,residential,1.0137936652358057,1.0043869179288976,60.002355353475075,True,False,normal
1,1,SMT_022438,13,industrial,12.596493470550534,0.9986331366782051,60.02615305911902,False,False,normal
1,1,SMT_020387,11,residential,0.8430871053777916,1.0067674210981272,59.97715983642966,False,False,normal
1,1,SMT_000868,2,residential,0.8055581426166138,0.9915153527572845,59.98486259071979,True,False,normal
1,1,SMT_011139,6,residential,0.5015182508512828,1.0059958427274989,59.981311732536874,False,False,normal
1,1,SMT_001821,2,residential,0.5956368182685781,0.9804242094513367,60.00217847781245,True,False,normal
1,1,SMT_012132,6,residential,0.7163730799242805,0.9953044688102786,59.9938383058457,False,False,normal
1,1,SMT_001132,2,residential,0.615724092106047,0.9891402668253324,59.99559729917502,False,False,normal
1,1,SMT_023735,14,commercial,2.7065702445870827,1.0094655353499917,59.99897217872034,False,False,normal
1,1,SMT_008357,5,residential,0.45833652937360975,1.0082056641441142,59.99838949202351,False,False,normal
1,1,SMT_023543,14,residential,0.6884536240258866,0.9981016741604236,60.00317399670411,True,False,normal
1,1,SMT_006919,4,industrial,8.693034940941244,1.0117350113186838,59.99723007151628,False,False,normal
1,1,SMT_020873,12,industrial,26.49799623869168,0.9994428975314916,60.00864479450138,False,False,normal
1,1,SMT_007281,4,residential,1.136922623689886,0.9878522301529986,60.00370381333274,False,False,normal
1,1,SMT_019130,10,industrial,26.837901347635725,0.9859685076349943,59.9898232754644,False,False,normal
1,1,SMT_019483,10,residential,0.653016717534888,1.0194905119579714,60.005628753305814,False,False,normal
1,1,SMT_007296,4,residential,0.8842389059113405,1.0035024077660044,60.02335407694171,False,False,normal
1,1,SMT_015342,9,commercial,3.587087924937507,1.008643463263804,59.99831339493778,False,False,normal
1,1,SMT_011496,6,industrial,19.8915517949253,1.0125027567107052,60.00582526642598,False,False,normal
1,1,SMT_006098,4,residential,1.012768132217448,0.9818140498856659,59.98646728071545,False,False,normal
1,1,SMT_022551,13,residential,0.853565513470242,1.0007170746944352,59.99321381625193,False,False,normal
1,1,SMT_011306,6,residential,0.4155035127379316,0.999201702584982,60.00338331710115,False,False,normal
1,1,SMT_011140,6,residential,0.46277715576871226,1.0251116594529848,60.005398542547674,False,False,normal
1,1,SMT_016696,9,industrial,6.123723691489737,1.0024457189464129,60.005241057166366,False,False,normal
1,1,SMT_015840,9,residential,0.9223720509960651,0.9994424273272768,59.99799124938884,True,False,normal
1,1,SMT_015349,9,residential,0.7041124206098855,1.0084733309057268,59.984246328261676,False,False,normal
1,1,SMT_023230,14,residential,0.7317496111756924,0.98548705479547,59.98672284850933,False,False,normal
1,1,SMT_013654,7,industrial,11.90301980022378,1.001527007950147,60.00112163372228,False,False,normal
1,1,SMT_004310,3,residential,0.6126496765627811,1.0117082338539098,59.994237555561156,True,False,normal
1,1,SMT_023521,14,residential,0.8566049136617218,1.0232505764635766,60.00366353342589,True,False,normal
1,1,SMT_013640,7,residential,1.2019997686295332,0.9990383804280133,60.004899226757985,False,False,normal
1,1,SMT_002026,2,commercial,2.8461418484457695,1.0060476519833708,60.000951288157935,False,False,normal
1,1,SMT_023184,14,commercial,3.0947527552575442,0.9932150857337706,60.01360961769662,False,False,normal
1,1,SMT_011997,6,industrial,24.94735300216127,1.016289407030059,60.00943872496183,False,False,normal
1,1,SMT_009072,5,commercial,2.706703747472118,1.004728474324902,59.999929732325505,False,False,normal
1,1,SMT_000641,2,residential,0.6722343352075574,1.0086637409577028,59.99086353555721,False,False,normal
1,1,SMT_005746,4,residential,0.5102879709649262,1.0033108526370567,60.00472000773803,False,False,normal
1,1,SMT_005738,4,residential,0.4577457809764153,0.9892123660774419,59.99551158810862,False,False,normal
1,1,SMT_010810,6,residential,1.122154213177412,0.995216205361282,60.002684463878715,False,False,normal
1,1,SMT_000434,1,residential,1.1310266995683886,1.0195615967500047,59.99851920715916,False,False,normal
1,1,SMT_019288,10,residential,0.5236281902238877,0.9931930347631437,60.003919753270296,False,False,normal
1,1,SMT_004697,3,residential,1.1601271408130982,0.995429596717067,60.009892043796945,False,False,normal
1,1,SMT_019667,11,residential,1.029962982464596,0.9979908647854934,60.00510353726604,True,False,normal
1,1,SMT_023633,14,residential,0.5834722387093143,0.9972419772229697,59.98845553357499,False,False,normal
1,1,SMT_012122,6,commercial,3.7008365905687017,0.9831041446225758,59.99904990306096,False,False,normal
1,1,SMT_015939,9,commercial,2.895761098455312,0.9877183096242083,59.995855978676055,False,False,normal
1,1,SMT_011732,6,residential,1.2271464230080125,0.9988694344043249,59.997890145677275,False,False,normal
1,1,SMT_016325,9,residential,0.9132338553455108,0.9938554740781544,60.01041201089685,False,False,normal
1,1,SMT_019774,11,residential,1.0440388082897434,1.0067117095136517,59.985440110455315,False,False,normal
1,1,SMT_019547,10,residential,1.0901466726854931,1.0003008980590147,59.99347248669613,False,False,normal
1,1,SMT_020944,12,residential,1.0583366782314407,0.9994347564689785,59.99654655609012,False,False,normal
1,1,SMT_023228,14,residential,0.6930872485790507,0.9995771278716918,60.00021327007179,False,False,normal
1,1,SMT_008244,4,commercial,1.86706709813855,1.0212184421127086,59.980144342707405,False,False,normal
1,1,SMT_011109,6,industrial,14.444304407681695,1.0014454512697668,59.9920424554632,False,False,normal
1,1,SMT_011483,6,commercial,2.250235162315425,1.0088075487565475,59.9923920635866,False,False,normal
1,1,SMT_017679,10,commercial,3.5773829773531283,1.0104789471756097,60.01019723123582,False,False,normal
1,1,SMT_010598,6,commercial,1.7181244781144593,0.983973383887628,60.00468799843935,False,False,normal
1,1,SMT_019273,10,residential,0.8691665740065195,0.9886608585944539,60.003952401421216,False,False,normal
1,1,SMT_000354,1,residential,1.0169394248498291,0.9974914220453964,59.99652971368022,False,False,normal
1,1,SMT_016351,9,residential,0.685148276926465,0.9899855763674811,60.004458035812895,False,False,normal
1,1,SMT_018613,10,commercial,2.8947333619981683,0.9988210083263768,59.98753408128442,False,False,normal
1,1,SMT_017783,10,residential,1.2830621081218803,1.0172513951717943,60.01023676268488,True,False,normal
1,1,SMT_016047,9,commercial,2.580121326116889,1.002332468500654,59.99768248431026,False,False,normal
1,1,SMT_000136,1,commercial,1.3427794219489058,1.0061014304952427,59.99127019768577,False,False,normal
1,1,SMT_008843,5,residential,0.6886707110944429,0.9896526231169602,60.000523403859226,True,False,normal
1,1,SMT_018104,10,residential,0.877705407781253,0.9943265296616078,59.98762963759802,False,False,normal
1,1,SMT_006738,4,residential,0.8193501367455641,0.9822265770813994,59.988076141435556,False,False,normal
1,1,SMT_012531,6,residential,1.1337610711066677,0.9924148500725688,59.992604942436685,False,False,normal
1,1,SMT_013725,7,residential,0.822469418199625,0.9968659651179257,59.987634746959195,False,False,normal
1,1,SMT_016406,9,residential,0.5972258224395999,1.0026413469503794,59.99371356286799,False,False,normal
1,1,SMT_005769,4,residential,0.6637164519680138,0.9920157618418095,59.97542452259498,False,False,normal
1,1,SMT_022446,13,residential,0.5033297126457709,1.0073239529821896,60.01476376966774,False,False,normal
1,1,SMT_000301,1,industrial,29.97956477823461,1.0021403069736998,60.013787634083954,False,False,normal
1,1,SMT_019849,11,residential,0.6703300521261626,1.016087930865545,60.00622555559391,True,False,normal
1,1,SMT_005640,4,commercial,1.1738896910968708,1.002841467215406,59.98624512293741,False,False,normal
1,1,SMT_019070,10,residential,0.7571643011489745,0.9810213614755992,59.998108012385075,False,False,normal
1,1,SMT_018315,10,commercial,4.097115240144118,1.0030739516391376,59.995674840407546,False,False,normal
1,1,SMT_011837,6,residential,0.877523133428957,0.975323039611129,59.99607694343766,True,False,normal
1,1,SMT_006707,4,residential,0.6372365505422276,0.9904295913302149,59.989429260636975,False,False,normal
1,1,SMT_003289,3,industrial,16.715253104782395,1.002927017699417,60.00636161875591,False,False,normal
1,1,SMT_018239,10,residential,0.608042472922013,0.9892656152584519,60.00440889670117,False,False,normal
1,1,SMT_022611,13,commercial,2.723284222913517,0.9970760016461879,59.977307799634836,False,False,normal
1,1,SMT_002729,3,industrial,15.331707855773413,0.9932450963915938,59.992723904170546,False,False,normal
1,1,SMT_018885,10,residential,0.49417970457204513,0.9897263282343443,59.99582775720442,False,False,normal
1,1,SMT_010535,6,commercial,4.012307831644874,0.99692350859137,59.999800804577745,False,False,normal
1,1,SMT_007501,4,industrial,19.62601225417711,0.9966411825051642,59.98665012405717,False,False,normal
1,1,SMT_017639,10,residential,0.6528029352440076,1.0019398288034242,59.99214569722067,False,False,normal
1,1,SMT_001222,2,residential,1.1119062667802608,0.9992731020286986,59.993798606778185,False,False,normal
1,1,SMT_017446,10,commercial,1.9580300280173326,1.0066759697656087,60.00766096267837,False,False,normal
1,1,SMT_004445,3,residential,0.7737815612647853,1.0065016306420493,60.008804739365736,False,False,normal
1,1,SMT_016414,9,residential,0.4301818462136074,0.9998891217286964,60.00290927955324,False,False,normal
1,1,SMT_020053,11,residential,0.885675832420505,1.0058871625097094,60.01189736456347,False,False,normal
1,1,SMT_019609,10,residential,0.5091593258921375,1.0145753588338,59.992200943213064,False,False,normal
1,1,SMT_020284,11,industrial,20.459450882921335,0.9891042679426566,60.00154272593801,False,False,normal
1,1,SMT_010679,6,commercial,1.4128274909493066,0.9989717871967195,60.00835923792308,False,False,normal
1,1,SMT_019402,10,residential,0.8331251973533175,0.9919235969436957,60.00056978334316,False,False,normal
1,1,SMT_006111,4,residential,0.48101379798883026,1.0214682797108283,59.998199573649565,False,False,normal
1,1,SMT_002737,3,commercial,3.0254969974895354,0.9974869589964568,60.00569341638844,False,False,normal
1,1,SMT_017245,10,residential,0.46638898159270387,1.023467004694509,60.003095991165104,False,False,normal
1,1,SMT_015149,8,residential,0.5264374332694753,0.9992000491962407,59.98440621535088,False,False,normal
1,1,SMT_005691,4,residential,0.9180830936962133,1.0091769452573984,60.0117908391711,False,False,normal
1,1,SMT_020468,11,commercial,1.15268075519926,1.0049010741091466,60.02008438762528,False,False,normal
1,1,SMT_017003,10,industrial,7.0227714530556105,0.999392049794745,59.98696011855687,False,False,normal
1,1,SMT_003418,3,commercial,3.608888154542348,0.997443470935377,60.00051468823461,False,False,normal
1,1,SMT_006535,4,industrial,28.589840022143253,1.003576945204961,59.99969185299232,False,False,normal
1,1,SMT_005954,4,industrial,12.743485199648312,1.0059553129415435,60.01295298912191,False,False,normal
1,1,SMT_015776,9,residential,0.4156640713159546,1.0035913709927446,59.97779894507486,False,False,normal
1,1,SMT_016965,10,residential,0.6442521598648802,0.9962877092378122,59.99964542506377,False,False,normal
1,1,SMT_011172,6,residential,0.8443964810098284,1.020419884956205,60.00881523885814,True,False,normal
1,1,SMT_016007,9,commercial,2.0403724950880884,0.9931395085396094,59.99300871873427,False,False,normal
1,1,SMT_004439,3,residential,0.8326827812054999,1.006480699622901,59.98897824212247,False,False,normal
1,1,SMT_023146,14,residential,1.2547044500654472,0.9880309787358227,60.0111329605376,False,False,normal
1,1,SMT_005475,4,industrial,18.85081258250907,1.0156733177361137,60.001965182429444,False,False,normal
1,1,SMT_009820,5,residential,0.5104037343381151,1.0056252532705068,59.99028500441324,True,False,normal
1,1,SMT_002753,3,industrial,18.997377345367873,0.9993436146604038,59.99093312943509,False,False,normal
1,1,SMT_011568,6,commercial,1.3567315278678376,1.0008792434835885,60.016726453290126,False,False,normal
1,1,SMT_015156,9,residential,0.7428819395294833,0.9912334384998528,60.015058392335376,False,False,normal
1,1,SMT_003221,3,industrial,31.403509627878712,0.9854821524077,59.996373875610324,False,False,normal
1,1,SMT_003898,3,residential,0.9184542265714183,1.0047613594760965,59.98119775371023,False,False,normal
1,1,SMT_022990,13,residential,0.41375592712287323,0.9948579508272872,59.96416596346626,False,False,normal
1,1,SMT_019401,10,commercial,1.3181661838998173,1.0136068477449425,60.01948559945038,False,False,normal
1,1,SMT_010375,6,residential,0.6630183139053685,1.00990947914338,60.00380119030884,False,False,normal
1,1,SMT_008478,5,commercial,2.2110023125768254,1.0005355837112009,59.99342457357183,False,False,normal
1,1,SMT_004249,3,residential,0.49703030316231495,1.0047943996934172,59.995948848973796,False,False,normal
1,1,SMT_004724,3,residential,1.0458779786500234,0.9850364211205442,60.00096479886444,False,False,normal
1,1,SMT_014778,8,industrial,19.95207360257855,1.0033430517457345,59.998203137778695,False,False,normal
1,1,SMT_021589,12,residential,0.6647732386578492,1.009825117111138,60.00110923891606,False,False,normal
1,1,SMT_022984,13,commercial,3.447364694833915,1.0249280366754627,59.98989299844783,False,False,normal
1,1,SMT_013133,7,commercial,2.7851130706309144,0.9854164891845799,59.992497070278155,False,False,normal
1,1,SMT_007399,4,residential,0.6438118700358353,0.9835392871041604,59.98673065004738,False,False,normal
1,1,SMT_017488,10,commercial,1.3739055285594688,0.9852831773526926,59.99416419415219,False,False,normal
1,1,SMT_010406,6,commercial,1.8936315711605247,1.0012375784783663,59.99781814601344,False,False,normal
1,1,SMT_004469,3,commercial,3.6093772022876625,1.0051871400462082,59.9962824373048,False,False,normal
1,1,SMT_002248,2,residential,0.39006754477051475,1.010548144728522,60.006910426155514,False,False,normal
1,1,SMT_004722,3,residential,0.9408412271484262,1.0054628881331444,59.9996179632798,True,False,normal
1,1,SMT_009573,5,commercial,3.5721424592111055,1.0034434436546884,60.006152474075094,False,False,normal
1,1,SMT_006389,4,industrial,25.742014542764263,0.9939353672816972,60.0061335333829,False,False,normal
1,1,SMT_002421,2,residential,1.049711186806028,1.0177952779308868,60.00706943900567,False,False,normal
1,1,SMT_009561,5,residential,0.8385070528738032,0.978235017728521,59.98681336959321,False,False,normal
1,1,SMT_014662,8,industrial,28.194108611714476,1.005871704889532,60.00317183379661,False,False,normal
1,1,SMT_007131,4,residential,1.1589082673018427,0.9881245933559959,59.999270700953474,False,False,normal
1,1,SMT_018818,10,residential,1.1011931766615848,0.9990484311690497,60.005522006725265,False,False,normal
1,1,SMT_012741,6,commercial,1.0850012728027567,1.000896560556712,59.991314937552765,False,False,normal
1,1,SMT_023251,14,industrial,18.41580356107335,0.9989685968570509,60.015453268999465,False,False,normal
1,1,SMT_004922,3,residential,0.9303798081491638,0.9928056908178211,60.012427996454264,False,False,normal
1,1,SMT_006776,4,commercial,3.3662949303672045,0.9914902543169761,60.006378167350526,False,False,normal
1,1,SMT_005810,4,commercial,3.6440387905707805,0.9920264678741417,60.01261042367969,False,False,normal
1,1,SMT_005129,3,industrial,7.979034875702129,1.0127421464090538,59.998382929307475,False,False,normal
1,1,SMT_002586,2,residential,0.9604020184731213,0.9950207024428822,60.018295249745286,True,False,normal
1,1,SMT_000367,1,industrial,12.862689774330812,0.9832425361877076,59.98388214362592,False,False,normal
1,1,SMT_006593,4,residential,0.680842660868145,1.0024916779976893,60.00678065099063,False,False,normal
1,1,SMT_022401,13,residential,1.0157823988802475,1.0217619524088117,59.997980936291185,False,False,normal
1,1,SMT_021431,12,commercial,1.9469364773263371,0.9952349174293,60.00750228440163,False,False,normal
1,1,SMT_017440,10,residential,1.0279781489932336,1.0012756777194636,59.99188655447483,False,False,normal
1,1,SMT_006892,4,residential,0.620581213793591,1.0054130038977074,59.99118807032813,False,False,normal
1,1,SMT_009572,5,commercial,1.0467067456095203,0.9861048582434829,59.99549726632767,False,False,normal
1,1,SMT_018213,10,commercial,1.2824506408657197,0.988210431344823,60.008122549441474,False,False,normal
1,1,SMT_022336,13,residential,0.9717399501230237,0.9870140577987644,59.995080777118524,False,False,normal
1,1,SMT_016320,9,residential,0.9207279708585486,0.9975056577725189,59.99283980375239,False,False,normal
1,1,SMT_016023,9,commercial,1.9825337418771272,0.9792159259116415,59.99980759691316,False,False,normal
1,1,SMT_016638,9,residential,0.9632216293542475,1.0033599906241777,60.0156905734053,True,False,normal
1,1,SMT_019247,10,residential,1.2087683759177197,0.9990976079501146,59.984232668700166,False,False,normal
1,1,SMT_021761,12,residential,1.0069808350230534,1.0123235269860653,60.00017925220661,True,False,normal
1,1,SMT_020864,12,commercial,2.555718454423734,1.0026115666347326,59.99347686050953,False,False,normal
1,1,SMT_021184,12,residential,0.4102764080367647,0.9973412886160905,59.991300872615,False,False,normal
1,1,SMT_014674,8,commercial,1.1008724779303964,0.9993389588825239,59.987936183904154,False,False,normal
1,1,SMT_021454,12,residential,0.981069822910444,1.0006760235364363,60.0065044603397,False,False,normal
1,1,SMT_005866,4,industrial,12.761482805744418,1.0099460858465792,59.99814803535269,False,False,normal
1,1,SMT_019186,10,residential,0.862012948249541,0.9874224893356136,59.99872738131647,False,False,normal
1,1,SMT_005837,4,residential,0.9308479206652549,0.9842503406346451,59.977872577082636,False,False,normal
1,1,SMT_002314,2,residential,0.5927014021987749,1.0109901407293056,59.98832762296318,False,False,normal
1,1,SMT_007647,4,residential,0.604772783327156,0.9945514767773009,60.002278249664286,False,False,normal
1,1,SMT_021995,12,residential,1.1785467629013278,0.992520163107505,59.993257884122826,False,False,normal
1,1,SMT_003979,3,industrial,28.958726418158186,0.9952630988720544,59.98890525378394,False,False,normal
1,1,SMT_018320,10,residential,0.6849664199643634,1.0003124155538168,59.998936771578904,False,False,normal
1,1,SMT_020330,11,commercial,1.1426429136285983,0.9731164158732282,60.0046338610364,False,False,normal
1,1,SMT_019118,10,residential,0.3993039828042081,0.9947899667716329,59.98741070095881,False,False,normal
1,1,SMT_023033,13,residential,0.8653217106789794,1.0047230811610188,60.002135557160194,False,False,normal
1,1,SMT_003895,3,industrial,8.280502002984893,0.9850238419726025,59.99316750159833,False,False,normal
1,1,SMT_009743,5,residential,0.6814023533536094,0.9939459454987815,60.00311241035397,False,False,normal
1,1,SMT_010531,6,residential,0.8704531513359474,0.9987825402788059,60.005065177221155,False,False,normal
1,1,SMT_003353,3,residential,0.5807708217715136,0.982755277368012,60.000211474418336,False,False,normal
1,1,SMT_003740,3,commercial,2.824973145512654,1.000015990073061,60.01241424451136,False,False,normal
1,1,SMT_008945,5,commercial,3.3036874229630873,1.0053657946756642,59.99656307990968,False,False,normal
1,1,SMT_005312,4,commercial,2.38607971896285,1.0048589133445633,59.99909648184663,False,False,normal
1,1,SMT_015576,9,commercial,2.7516966550329385,1.004581128037748,59.99807593552979,False,False,normal
1,1,SMT_019524,10,residential,0.9034209929480653,0.9978065248634388,60.00175830558244,False,False,normal
1,1,SMT_020060,11,residential,0.7209253142486269,1.008055327479594,59.99108513729163,True,False,normal
1,1,SMT_022124,12,commercial,2.249231495203392,1.0054709316780843,59.994470510817756,False,False,normal
1,1,SMT_010344,6,industrial,12.205520953558905,0.9874319508547781,59.97952865600082,False,False,normal
1,1,SMT_005999,4,commercial,0.9961966448659935,1.0052041184196099,59.99812975515586,False,False,normal
1,1,SMT_017046,10,residential,1.0748668264032453,0.9988896805433028,60.001408055451776,False,False,normal
1,1,SMT_018452,10,commercial,2.9418602783621863,0.9846290457262983,60.007241870857726,False,False,normal
1,1,SMT_006065,4,residential,0.6947040372154616,1.001699009836203,60.010548662382696,False,False,normal
1,1,SMT_002694,3,residential,0.7650052015005063,1.0061949562383012,59.979386502244814,False,False,normal
1,1,SMT_021703,12,commercial,2.4516421820456364,1.0076145284013889,60.00162250063351,False,False,normal
1,1,SMT_018144,10,industrial,14.985136004342486,1.0105591891615813,60.00469057744483,False,False,normal
1,1,SMT_015372,9,industrial,28.147838513064674,1.0014988197197212,59.996338604261105,False,False,normal
1,1,SMT_006878,4,residential,0.40604691083796074,1.0072280903962503,59.992957646981615,False,False,normal
1,1,SMT_019945,11,residential,0.8937129170824447,0.9868572227281859,60.00418872462126,False,False,normal
1,1,SMT_001138,2,commercial,3.969978621007042,0.9890372830665523,59.987591519128564,False,False,normal
1,1,SMT_022201,13,industrial,22.2198386601914,1.0009201662537073,59.998128624576324,False,False,normal
1,1,SMT_011479,6,residential,1.09516990042203,1.0154573002089198,59.99464778723341,False,False,normal
1,1,SMT_015780,9,commercial,2.5385220230053367,0.9853684805873639,60.00782093608826,False,False,normal
1,1,SMT_020363,11,residential,0.5045697078206617,0.9998836170653791,59.991658876491556,False,False,normal
1,1,SMT_020219,11,residential,1.1563388667194259,1.0018545750248518,59.98839691660402,False,False,normal
1,1,SMT_011608,6,residential,1.0218559406311922,1.0036474456407676,60.00100999975552,False,False,normal
1,1,SMT_012691,6,residential,0.7720824033525053,0.9995684964527735,60.00123255846071,False,False,normal
1,1,SMT_006835,4,residential,0.8134046960675936,0.9876589538400412,59.991082053270254,False,False,normal
1,1,SMT_018440,10,residential,0.8021664095718192,1.0071410031635983,59.999259529409265,False,False,normal
1,1,SMT_007670,4,commercial,3.6552681276358676,0.9850234308253469,59.99530523375305,False,False,normal
1,1,SMT_023234,14,commercial,1.2491206555726453,1.0091384368277119,60.00378517146599,False,False,normal
1,1,SMT_003136,3,residential,0.4849636385302146,1.0085429395910366,59.9841636814946,True,False,normal
1,1,SMT_001111,2,residential,0.5580371923488561,1.0036984804856157,59.99585490740824,False,False,normal
1,1,SMT_019656,10,commercial,3.191158181196087,0.9819796163736035,60.00567169082854,False,False,normal
1,1,SMT_006742,4,industrial,22.770137014625252,0.9980096124007349,59.988344149040756,False,False,normal
1,1,SMT_008793,5,commercial,1.4967279920486598,1.004810639874916,59.995766712152985,False,False,normal
1,1,SMT_003383,3,industrial,7.474611231334676,1.0000535185512023,60.01030461236055,False,False,normal
1,1,SMT_000997,2,residential,0.6107165667344577,1.000195108922269,60.00840700560058,False,False,normal
1,1,SMT_019823,11,residential,0.650176758392885,1.0130047342213946,59.992587576078066,False,False,normal
1,1,SMT_023094,13,residential,0.6578795601274589,0.9923321355965963,59.98080288633837,False,False,normal
1,1,SMT_015521,9,residential,1.1236705242278309,0.9927357995517089,60.00452144471901,False,False,normal
1,1,SMT_009469,5,commercial,2.1299297975541376,0.9904966979502269,59.987212181877396,False,False,normal
1,1,SMT_018019,10,commercial,2.520516255412876,1.0001018307256266,59.997778021890454,False,False,normal
1,1,SMT_013750,7,residential,0.5606039096134194,1.0122626150641838,60.01151550714748,False,False,normal
1,1,SMT_001233,2,residential,0.6284917747105596,1.0063307638631915,59.98759928638919,False,False,normal
1,1,SMT_013912,8,residential,0.5280487911445855,1.008930180638108,60.008686431979406,False,False,normal
1,1,SMT_007779,4,industrial,17.247711036956016,0.9931162039122629,60.00244476288503,False,False,normal
1,1,SMT_019528,10,residential,0.9825064911376583,1.015227036731685,59.980825391767155,True,False,normal
1,1,SMT_023370,14,residential,0.5761151706507288,1.0019159700629376,59.99852135482468,True,False,normal
1,1,SMT_014773,8,residential,0.6470623296411071,1.0122436243810675,59.99847193550418,False,False,normal
1,1,SMT_008447,5,residential,0.5694735021000685,1.0159253055617599,60.00306164725506,False,False,normal
1,1,SMT_019810,11,residential,0.8507193653766093,0.9877428392876875,60.00184762767405,True,False,normal
1,1,SMT_017536,10,residential,0.9698612034638091,1.0028605281723364,59.99853017102459,False,False,normal
1,1,SMT_020685,11,industrial,24.326769662526555,1.0269760940828634,60.00339538957491,False,False,normal
1,1,SMT_014584,8,residential,0.7127513236007909,1.0059687844645921,60.008329116447975,False,False,normal
1,1,SMT_014144,8,residential,1.2006628828562933,0.9976349251857096,60.00725126874003,False,False,normal
1,1,SMT_010145,5,residential,0.6924734478493326,1.0068833116839784,59.98434888413737,False,False,normal
1,1,SMT_006879,4,residential,0.6133818131578084,1.0009871560001116,59.98333328598104,False,False,normal
1,1,SMT_002863,3,commercial,1.9022837510288837,1.0072345426933924,60.015039844217675,False,False,normal
1,1,SMT_005333,4,commercial,3.670568543730883,0.9998098936917673,59.989512579476006,False,False,normal
1,1,SMT_004396,3,commercial,1.8222452455997729,1.0175697332352556,60.018028423313645,False,False,normal
1,1,SMT_019714,11,industrial,23.54697195788419,1.0070253878360766,60.01795572640972,False,False,normal
1,1,SMT_001599,2,commercial,2.534040135129147,1.0127438031134306,59.99324833336407,False,False,normal
1,1,SMT_001507,2,residential,0.8906868606220604,1.0110971550394792,59.994122935846924,False,False,normal
1,1,SMT_008095,4,residential,1.0159043171914877,1.0112383200116433,60.00303045406641,True,False,normal
1,1,SMT_006102,4,residential,0.9113104788011093,1.0036175034508248,59.992658300705614,False,False,normal
1,1,SMT_010704,6,residential,0.6204081145739571,1.0077865140052435,60.00839953116133,False,False,normal
1,1,SMT_007984,4,residential,1.1150282535429477,0.9930733033153994,59.998000197149466,False,False,normal
1,1,SMT_002292,2,commercial,3.339776957714313,1.0097226664513939,59.99897014742681,False,False,normal
1,1,SMT_023389,14,commercial,1.1966124933811544,1.007199013564806,59.9982886332277,False,False,normal
1,1,SMT_007359,4,residential,0.5420177561014761,0.998427679580682,60.00065526160725,False,False,normal
1,1,SMT_015857,9,residential,0.5224600305875816,0.9921370406476462,60.00602351214299,False,False,normal
1,1,SMT_002187,2,residential,0.7886972994239445,0.9931754405688882,60.007461159143695,False,False,normal
1,1,SMT_018554,10,residential,0.8028832081951137,1.0057627557101956,60.00828043382269,False,False,normal
1,1,SMT_009222,5,industrial,13.89331882753505,0.9902832727864708,59.98650876249173,False,False,normal
1,1,SMT_004536,3,commercial,1.1554977534833415,1.0148294008347125,60.00053686498332,False,False,normal
1,1,SMT_011241,6,residential,0.7179319858102523,1.0014667436003344,59.99641754260593,False,False,normal
1,1,SMT_003415,3,residential,0.544259317752539,0.9995372831446154,59.988969389263026,False,False,normal
1,1,SMT_005877,4,residential,0.7882067421385663,0.9933942891842353,60.01169696428162,False,False,normal
1,1,SMT_019661,11,residential,1.1875675547506817,0.9930180696500255,60.000706128796594,False,False,normal
1,1,SMT_001974,2,industrial,25.901735649578903,0.9888228514832723,60.00993293128256,False,False,normal
1,1,SMT_021799,12,commercial,1.4559858207656136,0.9947752534025879,59.99907326884132,False,False,normal
1,1,SMT_013902,8,residential,1.0962399189240246,1.0063022528328018,60.0054680114827,False,False,normal
1,1,SMT_000670,2,industrial,20.927037267068204,0.9925636282050573,60.01025244380769,False,False,normal
1,1,SMT_010881,6,residential,0.4542418810957031,0.9978948152386702,60.018798190631465,True,False,normal
1,1,SMT_001618,2,residential,0.48681605611890294,1.0035688598012094,60.007537206608944,False,False,normal
1,1,SMT_009325,5,commercial,3.818580212695947,1.007784161632049,59.997829962170535,False,False,normal
1,1,SMT_020271,11,commercial,1.4564746816760352,0.989717130223358,60.003611782051756,False,False,normal
1,1,SMT_012870,7,commercial,1.975435073643039,1.014021107636166,60.00091679768506,False,False,normal
1,1,SMT_003720,3,residential,0.8213779316516312,0.9949395231930701,60.014132954668604,False,False,normal
1,1,SMT_002657,3,residential,0.7008661622576438,1.0051884021948616,60.00695566592583,False,False,normal
1,1,SMT_003361,3,residential,0.4618939984883092,0.9937385301868394,59.99687992500658,False,False,normal
1,1,SMT_022180,12,residential,0.5314024895220624,1.0113775419528073,59.987512085401406,False,False,normal
1,1,SMT_002886,3,residential,0.6568241812226167,0.995447834614636,60.0054028355375,False,False,normal
1,1,SMT_017291,10,residential,0.5566056890104808,1.0080903738456028,60.00851744012783,False,False,normal
1,1,SMT_011897,6,commercial,3.951911916741165,0.9934525884874249,60.007388770536075,False,False,normal
1,1,SMT_018300,10,residential,0.4310086292395509,1.0000688099293067,60.00670444765938,True,False,normal
1,1,SMT_006478,4,commercial,2.7481476050670763,1.0045937283882025,59.99738571973244,False,False,normal
1,1,SMT_007323,4,residential,0.7102102827046628,1.0014797366464023,59.99980218794751,False,False,normal
1,1,SMT_005171,3,commercial,1.6532863377370475,1.0053640346166122,60.00772680259422,False,False,normal
1,1,SMT_012024,6,residential,0.9381529482714154,0.9867417685287169,59.992754221778625,False,False,normal
1,1,SMT_005773,4,residential,1.0712553570128611,1.007498671222656,60.00317421643015,False,False,normal
1,1,SMT_001141,2,residential,0.703613877961897,1.0019587769042044,60.000024756853946,False,False,normal
1,1,SMT_011607,6,residential,0.6679704554627955,0.9905805207007068,59.993649747715125,False,False,normal
1,1,SMT_002437,2,commercial,2.241705715294774,0.9966549608774187,59.997233897686776,False,False,normal
1,1,SMT_000365,1,residential,0.5111040913491884,1.0130724881456903,60.00763238782822,False,False,normal
1,1,SMT_023132,13,industrial,8.30993777649119,1.0003230941209582,60.01663821865915,False,False,normal
1,1,SMT_007903,4,industrial,6.683705742100534,0.9909654204848385,60.00014275451302,False,False,normal
1,1,SMT_019275,10,residential,0.8727564591015655,0.9879535188847397,59.99090047239823,False,False,normal
1,1,SMT_020194,11,residential,0.6480294052251556,0.9844565785594793,59.99138915562507,False,False,normal
1,1,SMT_016943,10,industrial,28.0535537506247,0.995704001223935,59.99763186114281,False,False,normal
1,1,SMT_000965,2,residential,0.9040400411332886,0.9770257596703774,60.015574401646084,False,False,normal
1,1,SMT_015532,9,commercial,4.02289902617852,0.9879482608735314,60.001380841050384,False,False,normal
1,1,SMT_008461,5,commercial,2.3290354023334228,0.9946841370568232,59.996086128628995,False,False,normal
1,1,SMT_002936,3,commercial,2.768860220132109,1.006589804880517,60.01683897143552,False,False,normal
1,1,SMT_007677,4,commercial,1.3589220268640068,0.9992918510227201,59.98798867377303,False,False,normal
1,1,SMT_022104,12,residential,0.742516707813655,0.9991760182154125,59.997326968222836,False,False,normal
1,1,SMT_000930,2,residential,0.7544229811770009,1.0040254612693649,60.01359616617364,True,False,normal
1,1,SMT_011207,6,industrial,21.98349229141386,1.0143264115787152,59.99708123764337,False,False,normal
1,1,SMT_015087,8,industrial,25.43175049257237,1.0047190611646037,59.99900020674582,False,False,normal
1,1,SMT_000196,1,residential,0.8409959397058585,1.002984571920275,60.002472648838754,False,False,normal
1,1,SMT_004282,3,residential,1.2172449831948664,1.0198912334137538,60.00745770104557,True,False,normal
1,1,SMT_008110,4,residential,0.6355060084322068,1.0013740480025135,59.99120110812124,False,False,normal
1,1,SMT_017575,10,residential,0.6305218128542026,1.0122658548714962,60.00008618163525,False,False,normal
1,1,SMT_021850,12,residential,0.5148262930355283,1.0123698811600086,60.01621788682467,False,False,normal
1,1,SMT_019889,11,residential,0.7568729342460391,1.0006668307343929,60.00243170722679,False,False,normal
1,1,SMT_018587,10,residential,0.8420261808246994,1.0093321119732501,59.98361109792791,True,False,normal
1,1,SMT_015517,9,industrial,10.591300723468708,1.0017522950581161,59.99613800028337,False,False,normal
1,1,SMT_011784,6,residential,0.50350081602742,0.9925553220883443,60.005723935740924,False,False,normal
1,1,SMT_010960,6,residential,0.42130013654476217,0.9954092496265227,59.99736584402097,False,False,normal
1,1,SMT_019226,10,residential,0.4448955571928812,0.9874255661879359,60.00553345095207,False,False,normal
1,1,SMT_005055,3,commercial,1.673158386371711,1.0021072044780406,59.998440045675935,False,False,normal
1,1,SMT_010051,5,residential,0.9913227334867978,0.9962475192584105,59.97378323339303,False,False,normal
1,1,SMT_008162,4,commercial,3.3054023460159505,0.98785919157268,59.99682665084245,False,False,normal
1,1,SMT_022974,13,residential,0.4898587328651393,0.9976235188913678,60.019331813751776,True,False,normal
1,1,SMT_011367,6,industrial,6.400129252699489,1.0208254289462562,59.999228174273114,False,False,normal
1,1,SMT_009804,5,commercial,2.039333605411041,1.0033501353227516,59.991023836543086,False,False,normal
1,1,SMT_010710,6,commercial,2.157320155750858,1.0022844158032527,60.00935884160095,False,False,normal
1,1,SMT_021408,12,residential,0.9190428970059675,1.0078431844471765,60.01785236896798,False,False,normal
1,1,SMT_023116,13,commercial,3.326589555212642,1.0086363402150254,60.0140597490004,False,False,normal
1,1,SMT_004788,3,residential,0.6170943064575457,0.9983715790185554,60.003678516019754,False,False,normal
1,1,SMT_017131,10,commercial,3.1788300299794785,1.0039210665800586,60.00039807516082,False,False,normal
1,1,SMT_014705,8,residential,0.6034578827690866,0.9976942481876432,60.00608751617221,False,False,normal
1,1,SMT_004478,3,residential,0.996114172847773,1.001374349202454,59.99085107220274,False,False,normal
1,1,SMT_021845,12,residential,0.7055369462726899,0.9888439128265331,60.00881970960699,False,False,normal
1,1,SMT_002549,2,industrial,24.605623422844342,1.003978770662522,59.98616869548481,False,False,normal
1,1,SMT_008511,5,industrial,19.60691746964718,0.9950002493949007,60.00271813078305,False,False,normal
1,1,SMT_006619,4,commercial,3.02600792091499,0.9852018044292448,59.99478656932332,False,False,normal
1,1,SMT_011302,6,residential,0.5375437976240537,1.0131301693391699,59.99597217915494,False,False,normal
1,1,SMT_017341,10,residential,0.5563433906292673,1.0055987520159364,59.99314602515399,True,False,normal
1,1,SMT_020994,12,residential,0.6777575881749218,0.9908030918380545,60.01110756107955,False,False,normal
1,1,SMT_018981,10,residential,1.1255363874273043,1.0047053373813322,60.0020598991189,False,False,normal
1,1,SMT_018227,10,residential,0.6268753682967053,1.017913997134357,60.016621138031454,False,False,normal
1,1,SMT_011557,6,commercial,3.5053202300582282,1.0077301216727026,60.02718288620697,False,False,normal
1,1,SMT_006554,4,residential,0.44713012766853893,1.010937038283198,60.00334313823782,False,False,normal
1,1,SMT_005937,4,commercial,2.49830761559004,1.0000783785932676,59.990150252688736,False,False,normal
1,1,SMT_020996,12,industrial,25.68165189893843,0.9904479163600476,59.9922467065055,False,False,normal
1,1,SMT_010877,6,residential,1.1802765141028602,1.0022392112152112,60.01173631917977,False,False,normal
1,1,SMT_003556,3,residential,0.9854101169707219,1.0038967054981374,60.014731829928834,False,False,normal
1,1,SMT_018469,10,residential,1.2349182883601653,0.9834151689872384,60.002293183288685,False,False,normal
1,1,SMT_006238,4,residential,1.0476259741804501,0.9945832903604869,60.008950864109906,False,False,normal
1,1,SMT_008075,4,residential,1.1781151709183781,0.9900825081995006,60.00455692594429,False,False,normal
1,1,SMT_002013,2,commercial,1.2689335617758013,1.0105802955662635,60.005082689084766,False,False,normal
1,1,SMT_009593,5,commercial,2.4072961966834736,1.0017224229926727,59.999361758727716,False,False,normal
1,1,SMT_010274,5,industrial,22.055427928880896,1.003842954806918,59.99493720014169,False,False,normal
1,1,SMT_007417,4,residential,1.0151237550250847,1.0038602005145474,59.98378022729752,False,False,normal
1,1,SMT_001750,2,residential,0.7293330234978784,1.0144354767605275,59.99408385553842,False,False,normal
1,1,SMT_011051,6,industrial,27.172568236981103,1.0004831417407463,60.00870203816783,False,False,normal
1,1,SMT_017894,10,residential,0.7712742113410206,0.9756355790891216,59.98831708946664,False,False,normal
1,1,SMT_022979,13,residential,0.4207552279579387,1.003138724563666,59.98203604335863,True,False,normal
1,1,SMT_013878,7,residential,1.3041786431828752,1.0178461778764702,60.00876618318852,False,False,normal
1,1,SMT_014782,8,residential,0.9865070803321692,1.0022084621235468,59.999119539310385,False,False,normal
1,1,SMT_009079,5,industrial,17.0223504822925,1.0113619415523587,60.002225831038885,False,False,normal
1,1,SMT_016084,9,commercial,2.056207351476113,1.0158899473745722,59.98813122446393,False,False,normal
1,1,SMT_014652,8,residential,1.0755205672821682,0.9923259039817135,60.00815439016365,True,False,normal
1,1,SMT_021167,12,commercial,3.0917992926523907,1.0063962755344251,59.996286115439695,False,False,normal
1,1,SMT_018640,10,industrial,15.781998338076217,1.0128321926281014,59.99726009471953,False,False,normal
1,1,SMT_008263,4,commercial,3.4068002166718694,0.9998773331501638,59.98593417853292,False,False,normal
1,1,SMT_007690,4,commercial,1.3046226080167191,0.9889470845685181,59.997630271142775,False,False,normal
1,1,SMT_021177,12,residential,0.7123705273641842,1.0149946335892595,60.00681155612086,False,False,normal
1,1,SMT_012809,6,commercial,2.284678780980112,0.9962963691281574,59.98594871203437,False,False,normal
1,1,SMT_014505,8,residential,0.8404034780244157,1.0080752088086542,60.000724391826814,False,False,normal
1,1,SMT_015814,9,commercial,2.084418932598747,1.004045369429809,59.99639251738033,False,False,normal
1,1,SMT_022560,13,commercial,3.9982341311860776,0.9808450799611717,60.00778162097546,False,False,normal
1,1,SMT_018550,10,residential,1.1400299725607832,1.000921942736858,59.98606008642456,False,False,normal
1,1,SMT_020976,12,residential,1.1981861697396428,0.9995474303266847,59.986984047189154,False,False,normal
1,1,SMT_012563,6,residential,0.7248201976177456,0.9941033765991966,60.002777132447434,False,False,normal
1,1,SMT_013674,7,commercial,2.4068018039501538,0.9922040682555184,60.01461161858412,False,False,normal
1,1,SMT_013953,8,commercial,1.0397830222606719,1.0095859023824547,59.97922909091419,False,False,normal
1,1,SMT_021217,12,residential,1.0225926695465173,1.0028865640139306,60.00255197998561,False,False,normal
1,1,SMT_002843,3,residential,0.5810452699254265,0.9953978139469071,60.010577692757515,False,False,normal
1,1,SMT_020524,11,residential,0.8493134138383319,1.0022582721286104,60.00258355201212,False,False,normal
1,1,SMT_021794,12,residential,1.1519854176939444,1.0002818804470301,59.99699551576069,False,False,normal
1,1,SMT_011326,6,commercial,2.1125165866052087,0.9921224573008222,60.004462991577405,False,False,normal
1,1,SMT_015281,9,commercial,3.7934008215728925,1.0093798971686876,60.001865536869154,False,False,normal
1,1,SMT_010708,6,industrial,22.978391826285804,1.0266965981184901,59.99641634196269,False,False,normal
1,1,SMT_015865,9,residential,0.6935632467685975,0.9946419987067493,59.98781519894302,False,False,normal
1,1,SMT_013064,7,industrial,16.850346031709005,0.9981708956869576,60.00460279591966,False,False,normal
1,1,SMT_000771,2,residential,0.6283094586612978,1.0019459023970336,60.00504338705025,False,False,normal
1,1,SMT_005458,4,commercial,2.2069077461205793,1.0021181612110164,60.0063705718867,False,False,normal
1,1,SMT_000379,1,commercial,1.0555077859398374,0.9947111038548819,60.00260984024616,False,False,normal
1,1,SMT_005354,4,residential,1.2769943095279421,1.0097206612098184,59.98524435918972,False,False,normal
1,1,SMT_021581,12,residential,0.8633574254228623,0.9954377761618649,60.00390903549203,False,False,normal
1,1,SMT_019433,10,residential,1.0967940555640272,0.9907173509989265,59.99224978036884,False,False,normal
1,1,SMT_000526,2,residential,0.5807536320791841,0.997575240345046,60.000416526320066,False,False,normal
1,1,SMT_010478,6,residential,0.8077443349363755,1.0027775817566447,60.00833659915403,False,False,normal
1,1,SMT_008298,4,residential,0.40499880015809175,0.9915768493745561,59.99583269026258,False,False,normal
1,1,SMT_003399,3,industrial,9.564570793565252,0.998802950512736,60.011972801060544,False,False,normal
1,1,SMT_023418,14,industrial,24.49022111405168,1.006126768662618,60.004565841114406,False,False,normal
1,1,SMT_015412,9,commercial,2.8993690818568654,1.0080368513120617,59.97943327532436,False,False,normal
1,1,SMT_013530,7,residential,0.8519159109997204,1.0132005107785087,59.99644030457692,True,False,normal
1,1,SMT_013354,7,residential,0.5812357808821735,0.9970147124373485,60.001267253199934,False,False,normal
1,1,SMT_018363,10,residential,0.46470407667056174,1.0049674092490433,60.00435567294318,False,False,normal
1,1,SMT_017116,10,residential,0.8759934590808878,1.0101417776534274,59.994992295027785,False,False,normal
1,1,SMT_010915,6,residential,1.1574432044484728,1.0115619294024816,59.99631292054029,False,False,normal
1,1,SMT_000494,1,residential,1.1315802898214014,0.9916774621748191,60.02067688465147,False,False,normal
1,1,SMT_010184,5,commercial,1.1418550744403726,0.99183808839804,60.007119316026774,False,False,normal
1,1,SMT_004860,3,industrial,24.958190551310906,1.0058123368860534,60.00954973575918,False,False,normal
1,1,SMT_012125,6,commercial,3.3444123442726865,1.0096750504955612,59.97960300120361,False,False,normal
1,1,SMT_007401,4,residential,0.628602378475903,1.0021107534626095,59.99217179511092,False,False,normal
1,1,SMT_014777,8,commercial,2.6305651340167904,1.0267765922000909,59.99905804836069,False,False,normal
1,1,SMT_023223,14,commercial,1.840266947424559,1.010874256862437,59.99681629106901,False,False,normal
1,1,SMT_015552,9,commercial,1.0148526259074309,1.003912056681255,60.00964736090898,False,False,normal
1,1,SMT_005859,4,commercial,1.3240375033977716,0.9982042094941627,60.00631584623001,False,False,normal
1,1,SMT_015910,9,residential,1.105112972655952,0.9980995413533377,59.99979905886025,False,False,normal
1,1,SMT_009534,5,residential,1.067304201549227,0.9850118447820958,59.99987881376833,True,False,normal
1,1,SMT_009078,5,residential,0.6036858871345443,1.0048761270149573,60.003377602699786,True,False,normal
1,1,SMT_016251,9,commercial,3.9939955667237252,0.996228491956063,60.01776224890866,False,False,normal
1,1,SMT_011505,6,residential,0.8198089745871359,0.9920643169253266,59.99531567237203,False,False,normal
1,1,SMT_023289,14,commercial,3.275494563055405,0.9902115594785661,60.01847426366539,False,False,normal
1,1,SMT_000461,1,residential,0.44100694274284696,1.0202657044637229,60.01318879131831,False,False,normal
1,1,SMT_009515,5,commercial,2.918972901273918,1.0089027833492883,59.9895894197746,False,False,normal
1,1,SMT_018957,10,residential,1.0612974861838473,1.0022857465433666,59.989486439995424,False,False,normal
1,1,SMT_011544,6,residential,0.9580071524695593,0.9919365489452037,60.00585849220301,True,False,normal
1,1,SMT_013445,7,residential,1.157721216154043,0.9989985780511145,59.99647669194288,False,False,normal
1,1,SMT_005676,4,residential,1.022543765572815,0.9955062107066002,59.980375468737634,False,False,normal
1,1,SMT_018206,10,residential,0.5530652439336293,0.9906713508207209,59.99577375112707,False,False,normal
1,1,SMT_018974,10,residential,0.8207378408784832,1.0014916743013953,60.00316766728753,False,False,normal
1,1,SMT_022391,13,industrial,16.818861972513325,0.9996697519895076,60.00066468410112,False,False,normal
1,1,SMT_009779,5,commercial,3.4982206050715714,1.0049848852336731,59.985404944443886,False,False,normal
1,1,SMT_021852,12,residential,0.46372926677846504,1.0032180671460322,59.99053625183656,True,False,normal
1,1,SMT_017134,10,commercial,3.265468777641477,0.9953625607966652,59.990728564122314,False,False,normal
1,1,SMT_017513,10,residential,0.8548572384109483,1.00739626352473,60.00551079923293,False,False,normal
1,1,SMT_023818,14,commercial,1.1455392044713548,1.009065120373558,59.99130919995871,False,False,normal
1,1,SMT_022050,12,residential,0.5654138312609074,0.9983800210850021,59.99215353745511,False,False,normal
1,1,SMT_006460,4,residential,0.8121598674310685,0.9907956765867011,60.00698639211561,False,False,normal
1,1,SMT_022972,13,residential,0.47328913461937894,0.9919328103358206,59.999173726318574,False,False,normal
1,1,SMT_008273,4,residential,0.9698377757667268,0.9996617091981035,59.99170711288864,False,False,normal
1,1,SMT_016290,9,residential,0.7539572956317084,1.0057026513130425,59.98326448110437,False,False,normal
1,1,SMT_006352,4,residential,0.6582299611119121,0.9823189501371244,60.00658628963134,True,False,normal
1,1,SMT_017468,10,commercial,2.930115766799213,0.9986740276856415,59.99840242661966,False,False,normal
1,1,SMT_009035,5,residential,0.7768858061510636,0.9875949929977267,59.980938391941706,False,False,normal
1,1,SMT_012188,6,commercial,2.1566378386160205,1.0210584264245242,60.00564785144036,False,False,normal
1,1,SMT_003678,3,residential,0.7214342750536967,1.0177208835994622,59.99372050070218,True,False,normal
1,1,SMT_007577,4,residential,0.5426729948980664,0.9891821494297981,59.99080038622674,False,False,normal
1,1,SMT_003945,3,residential,0.8338553294082277,0.9935161037717257,59.990920703629065,True,False,normal
1,1,SMT_013594,7,residential,0.6946231426095175,1.004713372035707,59.999767697736274,False,False,normal
1,1,SMT_007357,4,commercial,3.6301471191027748,0.9791408077243468,60.003826230018454,False,False,normal
1,1,SMT_014539,8,residential,0.3880923916197676,0.987113222211202,59.99404739953315,True,False,normal
1,1,SMT_019008,10,industrial,15.316271946701333,1.0071281841803488,60.00157174364187,False,False,normal
1,1,SMT_019935,11,residential,0.8251155993100575,1.022897236323782,60.00138887627456,False,False,normal
1,1,SMT_015530,9,residential,0.5087415277136689,1.0036202688200595,59.99772761389857,False,False,normal
1,1,SMT_015219,9,residential,0.8815694015050406,1.0194972949275618,59.98258980567126,False,False,normal
1,1,SMT_011007,6,commercial,2.0971961740840968,1.0103868934961815,60.02057407687686,False,False,normal
1,1,SMT_016614,9,commercial,2.460056705907354,1.0031864745814225,60.01236475760354,False,False,normal
1,1,SMT_013736,7,residential,1.0700797352621914,0.9953687204601214,59.99482786193,False,False,normal
1,1,SMT_004771,3,residential,0.9467641271078401,1.0037781414829656,60.023291194044816,False,False,normal
1,1,SMT_003058,3,residential,0.9630407999475916,1.0055617417027227,60.01314920030274,False,False,normal
1,1,SMT_013086,7,residential,0.5174088248136295,1.0167084218738538,60.00321073418874,False,False,normal
1,1,SMT_019472,10,commercial,3.442988624968791,0.9995933607554147,59.98068460899455,False,False,normal
1,1,SMT_003800,3,commercial,1.60683781326575,1.0114981415669146,59.988445689322305,False,False,normal
1,1,SMT_013174,7,residential,1.1310109786948093,1.0092108538164473,59.99869811404228,False,False,normal
1,1,SMT_006976,4,residential,0.9987884129929203,0.9928317781751227,59.995490705415186,False,False,normal
1,1,SMT_005170,3,commercial,2.763044358697374,1.0101215321330423,60.00774944828421,False,False,normal
1,1,SMT_011060,6,residential,1.119653446865926,1.0000189521564198,59.98331690200713,False,False,normal
1,1,SMT_007393,4,commercial,2.1584809395374944,0.9939592876720106,59.987421904734035,False,False,normal
1,1,SMT_023080,13,residential,1.077227828000982,1.0095464871763895,60.00927373928839,False,False,normal
1,1,SMT_023743,14,commercial,1.2708756942997346,1.0077560741621827,59.9863444437394,False,False,normal
1,1,SMT_021544,12,residential,1.0011224144139534,0.9913296489393816,59.98794571186701,False,False,normal
1,1,SMT_005747,4,industrial,21.13110401935645,1.0163611747204016,60.014221904324174,False,False,normal
1,1,SMT_008865,5,industrial,19.191314306387234,0.9842930863693424,59.99159216721037,False,False,normal
1,1,SMT_001912,2,residential,0.8118025690768794,0.9928324570273933,59.994800589180386,False,False,normal
1,1,SMT_017841,10,residential,1.0715205344008374,1.0115668594666831,59.994336268418515,False,False,normal
1,1,SMT_007967,4,commercial,3.3386250213061217,1.00315890225794,59.98142807340266,False,False,normal
1,1,SMT_015719,9,residential,0.6629266991019871,1.0251530856049242,60.00926342767574,False,False,normal
1,1,SMT_015502,9,commercial,3.323613819478224,0.9914648684198197,60.00704827542308,False,False,normal
1,1,SMT_001081,2,commercial,2.0068098335409594,0.9839200391229543,60.01169749763569,False,False,normal
1,1,SMT_004142,3,residential,0.7006114295908871,0.994522918592299,59.99825526005757,False,False,normal
1,1,SMT_011750,6,industrial,17.235505574739594,0.994970148324458,59.99527643977792,False,False,normal
1,1,SMT_014319,8,residential,0.9302207541091992,1.0017298584522565,59.991715783946184,False,False,normal
1,1,SMT_004217,3,residential,0.6119784590382558,1.017862453305685,59.980660555607486,False,False,normal
1,1,SMT_018653,10,residential,0.8095900820466441,1.0048215678228094,59.988041731803776,False,False,normal
1,1,SMT_015602,9,residential,0.8900805345681837,1.0132449423552328,59.99132532113606,False,False,normal
1,1,SMT_003779,3,residential,0.40344008971045,0.990240269644748,60.00216956519554,False,False,normal
1,1,SMT_020753,11,residential,0.6290020946601049,1.0042849913430407,60.00553543839713,False,False,normal
1,1,SMT_020848,12,commercial,2.2881010842389693,0.9811348037248728,59.99575959629838,False,False,normal
1,1,SMT_022057,12,residential,0.9462758542103068,0.9957985050353535,59.99514181994302,False,False,normal
1,1,SMT_014869,8,residential,0.7851939916951989,1.0033358380256188,60.01217259974739,False,False,normal
1,1,SMT_019511,10,residential,0.9436140416875697,0.9907498735716638,59.99987763824918,False,False,normal
1,1,SMT_006955,4,residential,0.7872625669909806,1.0038463666598048,59.992747865304366,False,False,normal
1,1,SMT_010593,6,residential,1.0888844263956843,0.9909536530130878,60.004019663459076,False,False,normal
1,1,SMT_014529,8,residential,0.5214548307872088,0.9993122986583319,59.99394568553135,False,False,normal
1,1,SMT_011433,6,industrial,20.419013693757698,0.9989163946762278,59.99332015287694,False,False,normal
1,1,SMT_017931,10,residential,0.8526640010968991,0.9955035356565717,60.003355520645904,False,False,normal
1,1,SMT_004671,3,residential,1.0053841928816973,1.0168257197008288,59.99309460327549,False,False,normal
1,1,SMT_021846,12,residential,0.9623916672582983,1.0101405697075,60.000452908574374,False,False,normal
1,1,SMT_007121,4,industrial,23.640741506361735,1.0041365427394304,60.008186852410915,False,False,normal
1,1,SMT_007865,4,residential,1.1072267428246487,0.9944471620091915,60.007351851776185,False,False,normal
1,1,SMT_000645,2,residential,0.9510766455707624,0.9761111261204839,60.006619565364325,False,False,normal
1,1,SMT_023755,14,residential,0.980919547677112,0.9952430642929007,59.99695095496642,True,False,normal
1,1,SMT_015050,8,residential,0.417128058418237,1.003605210870101,60.005418558917356,False,False,normal
1,1,SMT_004351,3,residential,0.41304290761235374,1.0115655372551005,59.983726850556806,False,False,normal
1,1,SMT_023772,14,commercial,2.7298680715928443,1.0249556493936733,60.003217483953016,False,False,normal
1,1,SMT_012590,6,commercial,3.49912800791407,1.0236471958728428,59.998910598732486,False,False,normal
1,1,SMT_009344,5,industrial,8.831209374835378,0.9951665185984324,59.9923175691496,False,False,normal
1,1,SMT_017509,10,commercial,2.0755957700500383,0.9887366052708638,60.00670935146264,False,False,normal
1,1,SMT_001755,2,residential,0.9599063142808432,1.0281070599443878,60.00129996687011,True,False,normal
1,1,SMT_005459,4,residential,0.8600965696063159,0.9921950896640177,60.00816313656957,False,False,normal
1,1,SMT_000314,1,residential,0.4769214802109345,1.0025878646635826,60.003826682294914,False,False,normal
1,1,SMT_009173,5,industrial,25.83219323711221,1.01219027697084,59.999814781884055,False,False,normal
1,1,SMT_005645,4,residential,0.9927812958348151,0.995245646164785,59.99454926867418,False,False,normal
1,1,SMT_003503,3,industrial,24.52363061819882,1.003623468785317,60.00937333099216,False,False,normal
1,1,SMT_014568,8,residential,1.1024290783916353,0.999461898345315,59.99305043815214,False,False,normal
1,1,SMT_007955,4,commercial,2.301267678346242,0.9887002655202539,59.98980244381866,False,False,normal
1,1,SMT_009374,5,residential,1.057717021466113,1.008048517026787,60.00832504778323,False,False,normal
1,1,SMT_003302,3,residential,0.9532344908800181,1.0010145173294251,59.976118654429314,False,False,normal
1,1,SMT_015508,9,residential,1.1701906482792122,1.004961611628272,59.9848864009079,True,False,normal
1,1,SMT_009250,5,industrial,24.815209577787652,0.9980913240989916,59.98389341294279,False,False,normal
1,1,SMT_003552,3,residential,0.51383785067709,0.9979029090046008,60.00769019034508,False,False,normal
1,1,SMT_020317,11,residential,0.6663811170813125,0.9984379427031433,60.00117607339416,False,False,normal
1,1,SMT_015494,9,commercial,2.7909769653115455,0.9950259518240924,59.990896239019584,False,False,normal
1,1,SMT_018763,10,industrial,12.491266222506448,0.9985725571209639,60.00009871582931,False,False,normal
1,1,SMT_001451,2,residential,0.9260221402058578,1.000379326670701,60.002136161082134,True,False,normal
1,1,SMT_005667,4,commercial,1.256930157962393,1.0044735835199625,59.98280193532266,False,False,normal
1,1,SMT_019240,10,residential,0.7519401427361946,0.9966440674946534,60.0115237569102,False,False,normal
1,1,SMT_001080,2,industrial,14.098387113109501,1.0046891603423618,60.00657473202407,False,False,normal
1,1,SMT_008336,5,residential,1.0536489210345499,0.9872168070437725,59.99722839980204,False,False,normal
1,1,SMT_002186,2,residential,1.1600699110654311,0.9940263791512205,59.99665375038718,False,False,normal
1,1,SMT_014571,8,industrial,16.972788962813965,1.005857406744672,60.020483506029876,False,False,normal
1,1,SMT_014720,8,residential,0.5381203027349586,1.02563064908135,60.00214275270682,False,False,normal
1,1,SMT_006394,4,residential,0.6167770403635012,0.9785552570045583,60.02061183485987,False,False,normal
1,1,SMT_000518,2,residential,0.4523719757995075,0.9914114236487989,60.00682064126444,False,False,normal
1,1,SMT_011312,6,industrial,24.69084025089847,0.9996978949639186,59.99429852545404,False,False,normal
1,1,SMT_011657,6,residential,0.8487205971425563,1.0033510958083867,60.005288613975026,False,False,normal
1,1,SMT_015279,9,commercial,1.2568540977947023,0.9828535120661259,60.00540291159782,False,False,normal
1,1,SMT_022882,13,commercial,3.211749361634398,1.0031246043574875,59.996227830786246,False,False,normal
1,1,SMT_010256,5,residential,1.1611744329655929,1.0042928942965446,59.99642647713208,False,False,normal
1,1,SMT_012056,6,residential,0.5106796308279572,1.0170705124285873,59.9995655027676,False,False,normal
1,1,SMT_010191,5,residential,1.1227312946997359,0.9985270655868262,59.99507350695782,False,False,normal
1,1,SMT_010307,5,residential,0.6373634409205463,1.007812075976324,59.9998985657249,False,False,normal
1,1,SMT_000471,1,residential,0.5305604271830103,0.9968951137989641,60.00935230694072,False,False,normal
1,1,SMT_011754,6,industrial,7.218304493415681,1.004289173806143,59.99734049185795,False,False,normal
1,1,SMT_007676,4,commercial,2.5692905353077493,0.9929362559791134,60.021630401028226,False,False,normal
1,1,SMT_010487,6,residential,0.7237429826042773,1.0058894438399089,60.00645856668806,False,False,normal
1,1,SMT_011999,6,residential,1.0633192616562903,1.003084027965004,60.00283034748472,False,False,normal
1,1,SMT_014350,8,residential,0.3992373376588046,0.9887672304361693,60.01758714078318,False,False,normal
1,1,SMT_023207,14,commercial,3.267796834497849,1.0063987497149058,59.99176861169649,False,False,normal
1,1,SMT_015962,9,residential,0.48765360738655017,1.008677938985484,60.00670694071386,False,False,normal
1,1,SMT_017145,10,residential,1.0054985745640879,0.999652930191875,60.005582899781935,True,False,normal
1,1,SMT_018699,10,industrial,21.66405950034443,1.0204482022957673,59.99113366469718,False,False,normal
1,1,SMT_015983,9,industrial,29.37869209839365,0.9809070666374942,60.002509917774624,False,False,normal
1,1,SMT_010071,5,residential,1.2426579670217957,1.0285497235116767,60.001937635219406,False,False,normal
1,1,SMT_021970,12,residential,1.1017593266423158,1.029166647981808,60.01781054658075,False,False,normal
1,1,SMT_023799,14,residential,0.4756530965082024,1.0039213739098374,59.9933334629946,True,False,normal
1,1,SMT_017211,10,residential,0.6937966408750963,1.011978799315653,60.004067618547005,False,False,normal
1,1,SMT_003570,3,residential,1.2506312680989469,0.995252806584532,59.979256266474195,False,False,normal
1,1,SMT_017947,10,residential,1.0844408930316358,1.0011558717271534,60.013686018755784,False,False,normal
1,1,SMT_020370,11,residential,1.2333049450593674,1.0194378271485842,60.00891184442216,False,False,normal
1,1,SMT_012717,6,residential,0.6390518775969937,1.0106050676696656,60.02322321778845,False,False,normal
1,1,SMT_017279,10,commercial,1.7081934851528162,1.0175032819987215,59.999976414722966,False,False,normal
1,1,SMT_021818,12,residential,0.9931344034255903,1.0196705389621998,60.009752050314944,False,False,normal
1,1,SMT_010523,6,residential,0.663191031203736,0.9978019290416179,60.00422909391332,False,False,normal
1,1,SMT_015750,9,residential,0.8259491075843979,1.013268606367862,59.97783326496328,True,False,normal
1,1,SMT_007259,4,residential,0.6766701912543744,0.9999552043653321,59.99970249443985,False,False,normal
1,1,SMT_011659,6,commercial,1.5165953826342875,1.0118614028938444,60.00321185705509,False,False,normal
1,1,SMT_005824,4,residential,1.0949182258662504,1.0023112998584685,59.996280373845906,False,False,normal
1,1,SMT_007928,4,industrial,15.538575104034877,1.003384962776659,59.98467447379566,False,False,normal
1,1,SMT_017734,10,residential,1.126820466679592,0.9952046821815146,60.00234972971402,True,False,normal
1,1,SMT_010178,5,industrial,20.488830862320864,1.0062257316513983,59.990036223405426,False,False,normal
1,1,SMT_002895,3,residential,0.9668694373990941,0.9953650447110508,59.982946661334395,False,False,normal
1,1,SMT_004350,3,residential,0.6691331021052814,1.00021992711039,59.99476575704012,False,False,normal
1,1,SMT_009726,5,residential,0.9938723970738783,1.0190525009578089,60.007945389776985,False,False,normal
1,1,SMT_002261,2,industrial,22.87082153198708,1.0039331627623516,59.99929266121742,False,False,normal
1,1,SMT_007759,4,residential,0.4223681281825579,1.0020617576448307,59.99392451203497,False,False,normal
1,1,SMT_000338,1,residential,0.7497123911313054,1.002140991240866,60.00047658249761,False,False,normal
1,1,SMT_001332,2,residential,0.4740682307659136,1.012479420249809,60.012181754480466,False,False,normal
1,1,SMT_004990,3,residential,1.0920249302390586,1.0132455402717173,60.01828963620873,False,False,normal
1,1,SMT_001986,2,residential,0.7933445190078225,1.0022752030168636,59.99399087085682,False,False,normal
1,1,SMT_015448,9,commercial,2.6261214314104513,1.0058016341757705,59.99400701050387,False,False,normal
1,1,SMT_009118,5,residential,0.8954959726956344,1.000379948270347,59.9960542097822,True,False,normal
1,1,SMT_017803,10,residential,0.8905510391158592,1.0019380432397258,59.99103402014122,False,False,normal
1,1,SMT_016419,9,residential,1.067022712830894,1.0001507124193247,59.9978345128151,False,False,normal
1,1,SMT_000669,2,residential,0.47042070254106355,0.9818433314830842,60.00460792133846,True,False,normal
1,1,SMT_015104,8,residential,1.2414767804758098,1.0001634286098344,60.00516762230191,False,False,normal
1,1,SMT_018142,10,residential,0.6693670855929383,1.0087212606627451,60.010570151184794,True,False,normal
1,1,SMT_013290,7,residential,0.9458590272811386,1.0002078895053501,60.011720901838345,False,False,normal
1,1,SMT_006974,4,commercial,2.4163396626461537,0.9874338700095643,60.00582480672715,False,False,normal
1,1,SMT_007274,4,commercial,2.7144982112958216,0.9918129883837576,59.99796891207492,False,False,normal
1,1,SMT_003496,3,residential,0.7248710102733141,0.9957135510025413,59.98906644022475,False,False,normal
1,1,SMT_006562,4,commercial,2.6745602491908422,0.9977480192263648,59.9897682624695,False,False,normal
1,1,SMT_017424,10,residential,0.5166723829068973,1.0007446916878353,59.99575699922423,False,False,normal
1,1,SMT_005383,4,residential,1.1752029978207408,1.00228210255678,59.999818555787854,False,False,normal
1,1,SMT_007200,4,residential,0.644265013849012,0.9930227048421165,60.01006648227168,False,False,normal
1,1,SMT_016216,9,residential,1.1618946196014812,1.0103445009128242,60.00580307050751,False,False,normal
1,1,SMT_009467,5,commercial,0.9317705474988146,1.0149584071798983,59.98925436663328,False,False,normal
1,1,SMT_001735,2,commercial,1.073970072372196,1.0034534155289052,60.000647102148086,False,False,normal
1,1,SMT_018626,10,commercial,3.3284653887119333,1.0073298278135407,60.001183802943906,False,False,normal
1,1,SMT_008403,5,residential,1.0024893838757234,1.0099378823395169,60.00624732394946,False,False,normal
1,1,SMT_017482,10,residential,0.6373945260577051,1.00310476662897,60.028324112297476,False,False,normal
1,1,SMT_001044,2,commercial,1.2425198446907446,1.0004814622795308,59.99874241964429,False,False,normal
1,1,SMT_007534,4,residential,0.8242600201855541,0.9968931696380287,59.997639667997355,False,False,normal
1,1,SMT_007231,4,industrial,14.395584400932732,1.006242705214515,60.002148602411985,False,False,normal
1,1,SMT_015736,9,residential,0.5008064290795583,0.987902818434565,60.02165142780672,False,False,normal
1,1,SMT_016651,9,residential,0.6530877968369238,1.0055490294386493,59.99945926079512,False,False,normal
1,1,SMT_013895,8,residential,0.8924049224433309,1.0125892062326098,60.00514093603541,False,False,normal
1,1,SMT_019143,10,residential,0.9057121498876909,0.9811969932303378,59.99121865953117,False,False,normal
1,1,SMT_012949,7,residential,0.5783661609959698,1.005704116680349,60.004388371515226,False,False,normal
1,1,SMT_020787,11,residential,0.5384828750351748,1.0011331918827926,60.01431322353623,False,False,normal
1,1,SMT_015533,9,residential,0.8838224452621296,1.017550553223823,59.99145190162105,True,False,normal
1,1,SMT_018939,10,commercial,1.68029597364492,1.0066161174925,60.000312252414716,False,False,normal
1,1,SMT_003025,3,residential,0.5616905756354764,0.9872239786374767,60.00343986210191,False,False,normal
1,1,SMT_013427,7,industrial,18.025661573884122,0.9937090886968409,59.98357649955957,False,False,normal
1,1,SMT_018034,10,residential,0.44394738902402714,0.9971434495389112,59.99385692620707,True,False,normal
1,1,SMT_001047,2,industrial,10.285448754300091,0.9815454948368953,59.98817245530081,False,False,normal
1,1,SMT_023733,14,residential,0.8318958144078685,0.9996258495428205,60.004390961054376,False,False,normal
1,1,SMT_000956,2,commercial,1.2595269274160237,1.0097679718387134,60.016450810122045,False,False,normal
1,1,SMT_016159,9,residential,0.5281054674965286,0.9980121484155497,60.00590116523892,False,False,normal
1,1,SMT_014135,8,residential,1.0014740780507974,0.9996277879544502,60.004445119909455,False,False,normal
1,1,SMT_000783,2,residential,0.92414387184903,0.9966576833453143,59.98638679903524,False,False,normal
1,1,SMT_008416,5,residential,0.9285894547922321,0.9950363744763329,59.977189475030904,False,False,normal
1,1,SMT_017603,10,industrial,8.789906645101205,1.0124779431759532,59.99547580573116,False,False,normal
1,1,SMT_021166,12,industrial,14.878381779077964,1.0075321795478565,60.00819883946967,False,False,normal
1,1,SMT_016886,10,commercial,2.5617631458439045,0.9953102365249792,59.99188181755515,False,False,normal
1,1,SMT_018372,10,residential,1.001081493041154,0.9809792977232147,60.00294256632198,True,False,normal
1,1,SMT_017400,10,residential,0.9348124257299503,0.9900955242043611,60.002983321170454,False,False,normal
1,1,SMT_005082,3,industrial,28.86449272434799,1.012474856007392,60.01303871996945,False,False,normal
1,1,SMT_013905,8,residential,0.7031984311491286,1.0110367737519164,59.998159416154344,False,False,normal
1,1,SMT_002349,2,industrial,21.420809018728377,1.0082232508409985,60.008098710464104,False,False,normal
1,1,SMT_023473,14,residential,0.8240692899824151,1.0045581619523003,60.00624252794024,False,False,normal
1,1,SMT_002515,2,residential,1.0407444293549424,0.9944242439461674,60.02144592845255,False,False,normal
1,1,SMT_023352,14,residential,0.763296638160629,1.002142312557896,59.99266167469721,False,False,normal
1,1,SMT_010444,6,residential,0.8071388847333789,0.9990522513245611,60.007022900910776,True,False,normal
1,1,SMT_001772,2,residential,0.784326889537138,1.004762091373282,59.99706052230762,False,False,normal
1,1,SMT_016928,10,industrial,21.051929547342645,1.0102917954294026,59.99616882616348,False,False,normal
1,1,SMT_005168,3,commercial,3.2375226359634426,0.9905573661030593,60.000286822832955,False,False,normal
1,1,SMT_015215,9,commercial,2.290323289627371,1.0083684431205209,60.007670441957224,False,False,normal
1,1,SMT_003856,3,residential,0.4158203109957846,0.9997606702313202,59.985400904209456,True,False,normal
1,1,SMT_003104,3,commercial,2.61498516811475,0.9985193917552887,60.01686478923943,False,False,normal
1,1,SMT_019710,11,residential,1.0708241459345464,1.009629227834034,60.00758876086091,False,False,normal
1,1,SMT_003372,3,residential,0.8072724947367443,1.0050172131502373,59.995418042254734,False,False,normal
1,1,SMT_000203,1,commercial,3.4701093061225983,0.9880666923854209,60.00490432626646,False,False,normal
1,1,SMT_000813,2,residential,1.1740275660081063,1.0078801479348625,59.978049745659945,False,False,normal
1,1,SMT_022282,13,commercial,2.478226858822016,1.0059983167184392,59.98910188983436,False,False,normal
1,1,SMT_011605,6,commercial,2.637421814118132,0.9829248090947076,60.00141855754066,False,False,normal
1,1,SMT_002135,2,industrial,17.908102803402922,0.9885862777709069,60.01056887512719,False,False,normal
1,1,SMT_000003,1,commercial,2.4706780733198643,0.9824895287459326,59.99849961824496,False,False,normal
1,1,SMT_005591,4,industrial,13.75509260573269,1.0024066479231495,59.998391168397866,False,False,normal
1,1,SMT_011059,6,residential,1.1650117453387474,0.9957514430673975,59.99785559530881,True,False,normal
1,1,SMT_021250,12,residential,0.5501800923767756,1.0144119730608923,60.01480213196874,True,False,normal
1,1,SMT_018438,10,residential,0.7339550537037989,0.9905415313516915,59.995682998752144,False,False,normal
1,1,SMT_007427,4,residential,0.8481063727341256,1.0035519888060096,59.99916235354009,True,False,normal
1,1,SMT_018675,10,residential,0.5576638943605525,0.9982815428634093,60.012773818774754,True,False,normal
1,1,SMT_021211,12,residential,0.7566218685774703,1.0008170974377362,59.98732637033322,True,False,normal
1,1,SMT_014734,8,residential,0.6402038948714744,1.003899767030672,59.982432522284974,True,False,normal
1,1,SMT_020362,11,residential,0.705100713374324,1.009224213113934,59.994263977897376,False,False,normal
1,1,SMT_023263,14,residential,0.4990248346834339,1.0018228233758428,60.00608875731634,False,False,normal
1,1,SMT_000484,1,commercial,1.2430517242098156,0.9914052156915107,59.99489831023836,False,False,normal
1,1,SMT_021898,12,residential,0.8574582768905308,1.003641848923992,60.00224391160598,True,False,normal
1,1,SMT_023067,13,residential,0.8846331915669873,0.9936154268911201,59.98917322402736,False,False,normal
1,1,SMT_005282,4,commercial,1.6084265130929518,0.9846959377266874,60.01361951394265,False,False,normal
1,1,SMT_012035,6,commercial,2.6285628531993006,0.9960666737765926,60.0036783369759,False,False,normal
1,1,SMT_015060,8,commercial,1.972590066315436,1.0022231737509228,60.00170577218148,False,False,normal
1,1,SMT_012885,7,residential,0.6601825125075226,1.00728423310964,60.005123546770534,False,False,normal
1,1,SMT_020262,11,commercial,3.2829873443491606,1.0031858063858585,59.99817221748195,False,False,normal
1,1,SMT_017640,10,commercial,1.5630694522774842,1.01232906112532,60.030382967779005,False,False,normal
1,1,SMT_015710,9,residential,0.5833357827038727,0.9900172265798143,59.99305503163461,True,False,normal
1,1,SMT_005149,3,residential,0.7550173211149378,0.9891817141802731,60.00156230001089,False,False,normal
1,1,SMT_018512,10,industrial,24.449686751507823,0.9950211043897277,60.00134644492741,False,False,normal
1,1,SMT_016506,9,commercial,1.6152741731723872,1.0044738115549119,60.019428497677836,False,False,normal
1,1,SMT_007890,4,industrial,21.52086313973943,0.9894157437530325,59.9999410333128,False,False,normal
1,1,SMT_010589,6,industrial,12.150978138136384,0.9955294932092218,59.98663326302697,False,False,normal
1,1,SMT_008731,5,residential,1.0787482549955554,1.0010959737945875,60.0011799868484,False,False,normal
1,1,SMT_007701,4,residential,0.7959363515975139,0.9791359091468577,60.01259450579317,False,False,normal
1,1,SMT_004854,3,commercial,2.127663830181548,1.0187354168650868,59.99191439748593,False,False,normal
1,1,SMT_006574,4,commercial,3.6305518829057526,1.0092147692616384,60.014124615422986,False,False,normal
1,1,SMT_003621,3,industrial,27.94577665671039,1.0111948388859784,59.9921325165735,False,False,normal
1,1,SMT_000122,1,residential,0.6495801206458348,0.9885298406834925,60.011537514168175,True,False,normal
1,1,SMT_021387,12,residential,0.6684572384549164,1.005844900176015,59.98928531609305,False,False,normal
1,1,SMT_005606,4,residential,0.7577824420258519,1.002443130191162,60.004859435505765,False,False,normal
1,1,SMT_013408,7,residential,0.5438691198966359,1.0126331805499704,59.99997555496377,False,False,normal
1,1,SMT_023515,14,industrial,23.772670202369554,1.0021521075468856,59.97768836648458,False,False,normal
1,1,SMT_003764,3,residential,0.9055556571165231,0.9917305787015761,60.0114071710038,False,False,normal
1,1,SMT_006498,4,residential,1.085183003704486,1.0053244537677088,60.007598931860294,False,False,normal
1,1,SMT_006130,4,industrial,7.99951260747177,1.0121597502219175,60.00861640243444,False,False,normal
1,1,SMT_021014,12,residential,0.6137802444256404,0.9769027203766728,60.01021717493874,False,False,normal
1,1,SMT_014535,8,residential,0.6587038151606034,1.0022949408103297,60.0049614899177,False,False,normal
1,1,SMT_003574,3,residential,0.5460005410851468,1.0028566723808512,60.007406724454654,True,False,normal
1,1,SMT_008785,5,commercial,2.3085649001600057,1.002597298588434,59.99238394521169,False,False,normal
1,1,SMT_011176,6,residential,0.8792685924565123,0.9995066819664448,59.99908237996976,False,False,normal
1,1,SMT_023082,13,residential,1.0840266541751673,1.0034298706796154,59.991022916677714,True,False,normal
1,1,SMT_012170,6,commercial,3.6652641843256846,1.0142187236827798,60.00481303428005,False,False,normal
1,1,SMT_000859,2,commercial,2.547141394454191,1.0120983176168146,59.99168965055986,False,False,normal
1,1,SMT_011488,6,residential,0.6991284500099761,1.0020739585907144,59.99694845187795,True,False,normal
1,1,SMT_007831,4,residential,0.7562745265355698,1.0001240858203957,59.99527673691372,False,False,normal
1,1,SMT_000982,2,residential,0.767863624619905,1.0192684044496814,60.00975762264876,False,False,normal
1,1,SMT_005533,4,residential,0.39859779036600046,0.9982177798055833,59.99510898234412,False,False,normal
1,1,SMT_003433,3,residential,0.44950610145543807,1.019350530742988,59.99046067959582,True,False,normal
1,1,SMT_002416,2,residential,0.44014869806547047,0.9947165326535621,60.006382603519334,False,False,normal
1,1,SMT_014808,8,residential,1.2556844329025085,0.9857138130999806,59.9995359085937,False,False,normal
1,1,SMT_011423,6,commercial,4.060049805362579,0.9881414556671264,60.00239987618456,False,False,normal
1,1,SMT_018172,10,residential,0.8594708101568154,0.9884403151319425,59.99718029503156,False,False,normal
1,1,SMT_021178,12,residential,0.7604814433704432,1.0024445812729186,59.99574796771789,True,False,normal
1,1,SMT_016190,9,residential,0.8509447668309255,0.9961034233948363,60.00307543856241,False,False,normal
1,1,SMT_008892,5,commercial,1.7300431850715465,0.997550019100178,59.99011950159862,False,False,normal
1,1,SMT_016142,9,residential,0.4458825019328197,1.0041150688814948,59.982307266115235,False,False,normal
1,1,SMT_005997,4,residential,0.689221642776391,1.0096394656311294,59.99305019824081,False,False,normal
1,1,SMT_005167,3,residential,0.7824388597649684,1.0124716736035837,59.986420410499655,True,False,normal
1,1,SMT_021296,12,residential,0.43831937222271733,0.9903581926934709,60.000772146606636,False,False,normal
1,1,SMT_012682,6,residential,0.5746698506472533,0.9992671566694753,60.010761379851346,False,False,normal
1,1,SMT_004189,3,industrial,21.25957215902436,0.9876164201449199,60.01184797731287,False,False,normal
1,1,SMT_015064,8,commercial,3.5151487022101087,1.0023836221450912,59.98988197975128,False,False,normal
1,1,SMT_020673,11,industrial,20.56448793730624,1.0035193122642865,59.99676313872507,False,False,normal
1,1,SMT_016266,9,commercial,1.8162213867009083,0.9903373102080384,60.00605621890366,False,False,normal
1,1,SMT_010537,6,residential,0.6220916708379575,0.9994874216425609,59.99345296084994,False,False,normal
1,1,SMT_006121,4,residential,0.4552602353460255,0.9800209681609842,60.031360257879115,False,False,normal
1,1,SMT_012567,6,residential,0.8179792471740838,0.989021703215033,60.01909895627035,False,False,normal
1,1,SMT_002734,3,residential,0.8755160949192975,1.0061733950083258,59.982911519037756,True,False,normal
1,1,SMT_014039,8,residential,0.7651358731974308,0.9915590952599453,59.99965257926031,False,False,normal
1,1,SMT_022355,13,residential,1.2523937034530066,0.9985080230404076,59.99062096507548,False,False,normal
1,1,SMT_008017,4,residential,1.0044456403533448,1.0124997898066037,59.99341219370669,False,False,normal
1,1,SMT_003330,3,residential,1.0878517111021988,0.9993506526883005,60.00059514272625,False,False,normal
1,1,SMT_020119,11,residential,1.0441118064773305,1.0067047401142373,60.01529848247385,False,False,normal
1,1,SMT_001160,2,commercial,3.1268126328189667,0.9999267380855323,60.00366405293275,False,False,normal
1,1,SMT_009127,5,industrial,13.691043469836565,0.9993604928293622,59.99805932555752,False,False,normal
1,1,SMT_014298,8,residential,1.0126940016547226,0.9875075303053991,60.00691300647715,False,False,normal
1,1,SMT_009221,5,residential,0.8665964449938478,0.9979177107189392,60.00305089236822,False,False,normal
1,1,SMT_000083,1,residential,0.5996761740938283,0.9960742279294692,60.016376818146924,False,False,normal
1,1,SMT_005100,3,residential,0.9473355802282165,0.985945671686346,60.004378910115534,False,False,normal
1,1,SMT_014477,8,residential,1.2131466479884288,1.0126453350661033,60.00826398787353,False,False,normal
1,1,SMT_020014,11,commercial,2.0491745139718582,1.0057580679024318,60.00647504356872,False,False,normal
1,1,SMT_007614,4,residential,0.5245988983938248,1.003733899054922,59.9999770673932,False,False,normal
1,1,SMT_017409,10,commercial,2.404816373109634,1.013994624757825,60.01041851930489,False,False,normal
1,1,SMT_011866,6,commercial,3.8937106338226366,1.0039908974955993,60.00130638734723,False,False,normal
1,1,SMT_002822,3,commercial,1.4637028959250493,0.9965933788623438,60.0144799245766,False,False,normal
1,1,SMT_013243,7,commercial,3.689039178732926,0.9964036482696207,60.02492599214967,False,False,normal
1,1,SMT_005019,3,industrial,16.860769701219223,1.0063768817426972,60.00343463796297,False,False,normal
1,1,SMT_001230,2,residential,0.5608319622355221,1.0127494233928909,59.99983405557434,False,False,normal
1,1,SMT_006499,4,commercial,3.608497736304252,1.0057800998054178,59.98557841865492,False,False,normal
1,1,SMT_022033,12,industrial,25.434097847017437,1.0116656760239378,59.99116195653943,False,False,normal
1,1,SMT_016514,9,commercial,3.3710608911486566,1.0041873887922756,59.991746632075,False,False,normal
1,1,SMT_008858,5,residential,0.42644389508321806,1.0124526163060077,60.003511786282736,False,False,normal
1,1,SMT_014404,8,commercial,1.6553954838127727,1.002363806437138,60.00135175703131,False,False,normal
1,1,SMT_022849,13,residential,0.6228237714172815,0.9996812125954521,60.006900569552144,False,False,normal
1,1,SMT_021693,12,residential,0.4450941101564185,1.0030758807614575,60.00527457637738,False,False,normal
1,1,SMT_009866,5,residential,0.4547922490008838,1.0038017141566309,60.01114710007542,False,False,normal
1,1,SMT_013519,7,residential,0.766162147925881,0.9892304923269801,60.002253534043625,False,False,normal
1,1,SMT_011514,6,residential,1.0984609280222752,0.9771707017968131,60.00836250212139,False,False,normal
1,1,SMT_016658,9,residential,0.6176942446829212,1.0121468273069796,60.008877549838886,False,False,normal
1,1,SMT_019708,11,industrial,16.626518154868958,1.0047297527265922,59.994018284697,False,False,normal
1,1,SMT_016195,9,residential,1.1593932584296978,0.9871007748481269,60.00881559092974,False,False,normal
1,1,SMT_002906,3,residential,1.1301031139185118,1.0131014931325117,60.00313379542161,False,False,normal
1,1,SMT_018726,10,residential,0.7891461957202774,0.993646550286903,59.99844022415141,False,False,normal
1,1,SMT_019249,10,commercial,2.1443286951342335,0.9947378977352489,60.01029727365182,False,False,normal
1,1,SMT_004514,3,residential,1.0162374690647753,0.9863882166898973,60.00208035974833,False,False,normal
1,1,SMT_014807,8,commercial,2.169042791777385,1.0103069158732436,60.00343795295465,False,False,normal
1,1,SMT_015067,8,industrial,22.23977816677551,1.0004729209397312,59.998921215974136,False,False,normal
1,1,SMT_001798,2,commercial,3.5056381217534196,1.0039519706233824,59.97787956911792,False,False,normal
1,1,SMT_002884,3,commercial,2.0798733954802313,1.0072400063108564,60.00508330285487,False,False,normal
1,1,SMT_018958,10,residential,0.4028245496202713,1.0021002041167397,60.024453895564704,False,False,normal
1,1,SMT_009740,5,commercial,2.7292429006789796,0.9994757598041536,60.006237512416575,False,False,normal
1,1,SMT_004489,3,industrial,21.28811159662636,0.9890586639731116,59.99722368413292,False,False,normal
1,1,SMT_000163,1,residential,0.9335863066466319,0.9944958773499513,60.0031886913722,True,False,normal
1,1,SMT_017819,10,residential,0.40416047066927036,0.9993613125604784,60.00263053331838,False,False,normal
1,1,SMT_004306,3,residential,0.6254622898631159,1.0020659282416486,60.02226769279431,False,False,normal
1,1,SMT_021221,12,commercial,3.833676934847284,1.0028803867461753,59.99820531502283,False,False,normal
1,1,SMT_021115,12,residential,0.43987297595090324,0.9866744915594116,59.99468598355671,True,False,normal
1,1,SMT_002250,2,commercial,2.605890405264292,0.993445456096499,60.00442381945146,False,False,normal
1,1,SMT_016913,10,commercial,2.9574102974126726,1.0040014558153174,59.97889155730695,False,False,normal
1,1,SMT_000265,1,residential,0.5922787260557804,0.9974956753467228,59.99432943786763,False,False,normal
1,1,SMT_010472,6,industrial,20.430109460743218,0.996839144258317,59.993917407436946,False,False,normal
1,1,SMT_001266,2,residential,1.1191680676871536,1.0006682244713654,59.98984448465761,False,False,normal
1,1,SMT_015162,9,residential,0.6580681437665974,0.9988139869557646,60.01086128104014,False,False,normal
1,1,SMT_001902,2,residential,0.9252695588289421,1.0060653768080245,60.0023274174922,False,False,normal
1,1,SMT_001872,2,industrial,19.406093357429636,0.996642385916327,60.013501359556926,False,False,normal
1,1,SMT_006222,4,residential,0.7965393164836156,1.0022275741850186,59.99751957268174,False,False,normal
1,1,SMT_013121,7,industrial,24.717330496621784,0.9980299837422765,60.01674593790793,False,False,normal
1,1,SMT_015584,9,residential,1.0469951561608024,1.002936714444584,60.00993787759427,False,False,normal
1,1,SMT_013642,7,residential,0.590479892103666,1.0074281225024058,60.01223407013814,False,False,normal
1,1,SMT_008930,5,residential,0.5367110508618856,1.0017796396269218,60.01293550431229,False,False,normal
1,1,SMT_000446,1,commercial,1.356962217128724,1.0199906025779222,59.99015308253649,False,False,normal
1,1,SMT_019855,11,residential,0.7552696176305908,0.9907288412164609,60.01646768861261,False,False,normal
1,1,SMT_001010,2,industrial,21.94866929474297,1.016115818073519,60.00530462770805,False,False,normal
1,1,SMT_008421,5,commercial,3.626962413375704,0.9962299613384634,59.990541016540035,False,False,normal
1,1,SMT_005742,4,residential,1.0472933379209177,1.005684626240704,60.00575012156209,False,False,normal
1,1,SMT_006171,4,residential,0.6357768605058117,1.0010931193330328,60.00796271356923,True,False,normal
1,1,SMT_019207,10,residential,0.4349706744718543,0.9950030882112698,59.991008452029476,True,False,normal
1,1,SMT_012211,6,residential,0.5898352463249736,1.003445119545855,60.009116821785824,False,False,normal
1,1,SMT_022831,13,residential,0.5640395509022683,1.0031999002096819,59.99666504613279,False,False,normal
1,1,SMT_015646,9,residential,0.4731966609457316,1.0005616872125926,59.99924058520149,False,False,normal
1,1,SMT_023157,14,commercial,3.325487965189203,1.0093257843952423,60.011912108167806,False,False,normal
1,1,SMT_015657,9,residential,1.0934076253542528,1.0073457573023936,60.00748041571279,False,False,normal
1,1,SMT_002482,2,residential,0.5924440557917023,1.01107025796424,60.00022325769354,False,False,normal
1,1,SMT_022782,13,commercial,2.8803311468275825,1.0091286007973048,59.990427096885774,False,False,normal
1,1,SMT_014043,8,residential,0.8803116510081559,1.0250391995321106,59.99149726790973,False,False,normal
1,1,SMT_007233,4,industrial,28.786145600313162,0.9955359211218858,60.0128791180744,False,False,normal
1,1,SMT_001944,2,residential,0.8652079436811693,1.0034253749933313,60.007048632295515,False,False,normal
1,1,SMT_018192,10,residential,0.7870677392767101,0.9940280907596509,60.00922766118036,True,False,normal
1,1,SMT_001625,2,residential,0.79612242169817,1.0039777891001138,59.99236014157193,False,False,normal
1,1,SMT_016141,9,residential,0.714693327329018,1.0142056488357434,59.9918992318722,False,False,normal
1,1,SMT_022543,13,residential,0.637906597353824,0.9963423760537137,60.01086974631504,True,False,normal
1,1,SMT_005288,4,residential,1.1507242151908088,0.9817513171817579,59.99099861677751,False,False,normal
1,1,SMT_010088,5,residential,1.195401987883223,1.0053853795431,59.98739881903246,False,False,normal
1,1,SMT_009948,5,residential,1.0652078216982,0.9985715297810007,60.00432058405186,False,False,normal
1,1,SMT_004884,3,residential,0.7002854826122366,0.9957008413584558,60.000674636807915,False,False,normal
1,1,SMT_013637,7,residential,0.4402335278897243,1.0145016378720728,60.02891599585278,False,False,normal
1,1,SMT_000164,1,commercial,2.3389932460099856,1.0072496930264694,60.00648565582101,False,False,normal
1,1,SMT_022295,13,residential,0.879392039131074,1.0015129804927536,60.004585043696075,False,False,normal
1,1,SMT_016869,10,industrial,25.26778385488222,0.993481876223225,59.99533966121727,False,False,normal
1,1,SMT_005895,4,residential,0.47475943538195337,1.0110330791365625,60.00017436062553,False,False,normal
1,1,SMT_021865,12,residential,1.1812575954244802,0.9941870381489191,59.98241612534517,False,False,normal
1,1,SMT_012597,6,residential,1.0700049455076106,0.9890730800531411,59.99908473938317,False,False,normal
