index,is_anomaly,anomaly_type,total_score,confidence,reconstruction_score,voltage_score,consumption_score,power_factor_score,frequency_score,temporal_score,rate_change_score
0,False,normal,0.17055419087409973,0.8294458389282227,0.8527709245681763,0.0,0.0,0.0,0.0,0.0,0.0
1,False,normal,0.14252837002277374,0.8574716448783875,0.7126418352127075,0.0,0.0,0.0,0.0,0.0,0.0
2,False,normal,0.1182311400771141,0.8817688822746277,0.5911557078361511,0.0,0.0,0.0,0.0,0.0,0.0
3,False,normal,0.07408023625612259,0.925919771194458,0.37040117383003235,0.0,0.0,0.0,0.0,0.0,0.0
4,False,normal,0.10537625849246979,0.8946237564086914,0.5268812775611877,0.0,0.0,0.0,0.0,0.0,0.0
5,False,normal,0.18543632328510284,0.8145636916160583,0.927181601524353,0.0,0.0,0.0,0.0,0.0,0.0
6,False,normal,0.11614127457141876,0.8838587403297424,0.5807063579559326,0.0,0.0,0.0,0.0,0.0,0.0
7,False,normal,0.11594990640878677,0.8840500712394714,0.5797495245933533,0.0,0.0,0.0,0.0,0.0,0.0
8,False,normal,0.07227396965026855,0.9277260303497314,0.3613698482513428,0.0,0.0,0.0,0.0,0.0,0.0
9,False,normal,0.09835942834615707,0.9016405940055847,0.49179714918136597,0.0,0.0,0.0,0.0,0.0,0.0
10,False,normal,0.11360543966293335,0.8863945603370667,0.5680271983146667,0.0,0.0,0.0,0.0,0.0,0.0
11,False,normal,0.09457718580961227,0.9054228067398071,0.47288593649864197,0.0,0.0,0.0,0.0,0.0,0.0
12,False,normal,0.1252938210964203,0.8747061491012573,0.626469075679779,0.0,0.0,0.0,0.0,0.0,0.0
13,False,normal,0.1719948798418045,0.8280051350593567,0.8599743843078613,0.0,0.0,0.0,0.0,0.0,0.0
14,False,normal,0.2,0.8,1.0,0.0,0.0,0.0,0.0,0.0,0.0
15,False,normal,0.10466127842664719,0.8953387141227722,0.5233063697814941,0.0,0.0,0.0,0.0,0.0,0.0
16,False,normal,0.06301220506429672,0.9369878172874451,0.3150610029697418,0.0,0.0,0.0,0.0,0.0,0.0
17,False,normal,0.2,0.8,1.0,0.0,0.0,0.0,0.0,0.0,0.0
18,False,normal,0.07640395313501358,0.9235960245132446,0.3820197582244873,0.0,0.0,0.0,0.0,0.0,0.0
19,False,normal,0.0727614313364029,0.9272385835647583,0.36380714178085327,0.0,0.0,0.0,0.0,0.0,0.0
20,False,normal,0.16866041719913483,0.8313395977020264,0.8433020710945129,0.0,0.0,0.0,0.0,0.0,0.0
21,False,normal,0.09338225424289703,0.9066177606582642,0.466911256313324,0.0,0.0,0.0,0.0,0.0,0.0
22,False,normal,0.10463301092386246,0.8953669667243958,0.5231650471687317,0.0,0.0,0.0,0.0,0.0,0.0
23,False,normal,0.08916126936674118,0.9108387231826782,0.4458063542842865,0.0,0.0,0.0,0.0,0.0,0.0
24,False,normal,0.10148736089468002,0.8985126614570618,0.5074368119239807,0.0,0.0,0.0,0.0,0.0,0.0
25,False,normal,0.08826171606779099,0.9117382764816284,0.4413085877895355,0.0,0.0,0.0,0.0,0.0,0.0
26,False,normal,0.12764787673950195,0.872352123260498,0.6382393836975098,0.0,0.0,0.0,0.0,0.0,0.0
27,False,normal,0.10057568550109863,0.8994243144989014,0.5028784275054932,0.0,0.0,0.0,0.0,0.0,0.0
28,False,normal,0.14461539685726166,0.8553845882415771,0.7230769395828247,0.0,0.0,0.0,0.0,0.0,0.0
29,False,normal,0.09705207496881485,0.9029479026794434,0.48526036739349365,0.0,0.0,0.0,0.0,0.0,0.0
30,False,normal,0.09830325841903687,0.9016967415809631,0.4915162920951843,0.0,0.0,0.0,0.0,0.0,0.0
31,False,normal,0.15555183589458466,0.8444481492042542,0.7777591347694397,0.0,0.0,0.0,0.0,0.0,0.0
32,False,normal,0.09438388049602509,0.9056161046028137,0.47191938757896423,0.0,0.0,0.0,0.0,0.0,0.0
33,False,normal,0.10599539428949356,0.8940045833587646,0.5299769639968872,0.0,0.0,0.0,0.0,0.0,0.0
34,False,normal,0.11418601125478745,0.8858140110969543,0.5709300637245178,0.0,0.0,0.0,0.0,0.0,0.0
35,False,normal,0.09219328314065933,0.9078066945075989,0.46096640825271606,0.0,0.0,0.0,0.0,0.0,0.0
36,False,normal,0.07350853830575943,0.9264914393424988,0.36754268407821655,0.0,0.0,0.0,0.0,0.0,0.0
37,False,normal,0.11722564697265625,0.8827743530273438,0.5861282348632812,0.0,0.0,0.0,0.0,0.0,0.0
38,False,normal,0.08808565139770508,0.9119143486022949,0.4404282569885254,0.0,0.0,0.0,0.0,0.0,0.0
39,False,normal,0.12844116985797882,0.8715588450431824,0.6287557482719421,0.0,0.0,0.0,0.017933403011923588,0.0,0.0
40,False,normal,0.08957511186599731,0.9104248881340027,0.4478755593299866,0.0,0.0,0.0,0.0,0.0,0.0
41,False,normal,0.0918542742729187,0.9081457257270813,0.4592713713645935,0.0,0.0,0.0,0.0,0.0,0.0
42,False,normal,0.15138942003250122,0.8486105799674988,0.7569471001625061,0.0,0.0,0.0,0.0,0.0,0.0
43,False,normal,0.10641486942768097,0.8935851454734802,0.5320743322372437,0.0,0.0,0.0,0.0,0.0,0.0
44,False,normal,0.11780788749456406,0.8821921348571777,0.5890394449234009,0.0,0.0,0.0,0.0,0.0,0.0
45,False,normal,0.08029992878437042,0.9197000861167908,0.4014996290206909,0.0,0.0,0.0,0.0,0.0,0.0
46,False,normal,0.06654569506645203,0.9334542751312256,0.33272847533226013,0.0,0.0,0.0,0.0,0.0,0.0
47,False,normal,0.09180242568254471,0.9081975817680359,0.45901212096214294,0.0,0.0,0.0,0.0,0.0,0.0
48,False,normal,0.09511982649564743,0.904880166053772,0.47559911012649536,0.0,0.0,0.0,0.0,0.0,0.0
49,False,normal,0.10949156433343887,0.8905084133148193,0.5474578142166138,0.0,0.0,0.0,0.0,0.0,0.0
50,False,normal,0.1679212749004364,0.8320786952972412,0.8396063446998596,0.0,0.0,0.0,0.0,0.0,0.0
51,False,normal,0.09395653009414673,0.9060434699058533,0.46978265047073364,0.0,0.0,0.0,0.0,0.0,0.0
52,False,normal,0.10594568401575089,0.8940542936325073,0.5297284126281738,0.0,0.0,0.0,0.0,0.0,0.0
53,False,normal,0.1006353497505188,0.8993646502494812,0.503176748752594,0.0,0.0,0.0,0.0,0.0,0.0
54,False,normal,0.12759609520435333,0.8724039196968079,0.6379804611206055,0.0,0.0,0.0,0.0,0.0,0.0
55,False,normal,0.11215606331825256,0.8878439664840698,0.4420827627182007,0.11869752413422915,0.0,0.0,0.0,0.0,0.0
56,False,normal,0.14852260053157806,0.8514773845672607,0.7426129579544067,0.0,0.0,0.0,0.0,0.0,0.0
57,False,normal,0.14663149416446686,0.8533685207366943,0.7331574559211731,0.0,0.0,0.0,0.0,0.0,0.0
58,False,normal,0.15285156667232513,0.8471484184265137,0.7642578482627869,0.0,0.0,0.0,0.0,0.0,0.0
59,False,normal,0.1379081904888153,0.8620917797088623,0.6895409226417542,0.0,0.0,0.0,0.0,0.0,0.0
60,False,normal,0.061811815947294235,0.9381881952285767,0.3090590834617615,0.0,0.0,0.0,0.0,0.0,0.0
61,False,normal,0.11668805032968521,0.883311927318573,0.5834402441978455,0.0,0.0,0.0,0.0,0.0,0.0
62,False,normal,0.08143504709005356,0.9185649752616882,0.4071752429008484,0.0,0.0,0.0,0.0,0.0,0.0
63,False,normal,0.2,0.8,1.0,0.0,0.0,0.0,0.0,0.0,0.0
64,False,normal,0.06419698894023895,0.9358029961585999,0.32098492980003357,0.0,0.0,0.0,0.0,0.0,0.0
65,False,normal,0.09522026032209396,0.9047797322273254,0.476101279258728,0.0,0.0,0.0,0.0,0.0,0.0
66,False,normal,0.08326747268438339,0.9167325496673584,0.41633734107017517,0.0,0.0,0.0,0.0,0.0,0.0
67,False,normal,0.14056912064552307,0.8594309091567993,0.5612485408782959,0.14159706503192449,0.0,0.0,0.0,0.0,0.0
68,False,normal,0.07299692928791046,0.9270030856132507,0.3649846315383911,0.0,0.0,0.0,0.0,0.0,0.0
69,False,normal,0.14932933449745178,0.8506706953048706,0.7466466426849365,0.0,0.0,0.0,0.0,0.0,0.0
70,False,normal,0.09069202840328217,0.9093079566955566,0.45346012711524963,0.0,0.0,0.0,0.0,0.0,0.0
71,False,normal,0.08571353554725647,0.9142864942550659,0.42856767773628235,0.0,0.0,0.0,0.0,0.0,0.0
72,False,normal,0.08801313489675522,0.9119868874549866,0.4400656521320343,0.0,0.0,0.0,0.0,0.0,0.0
73,False,normal,0.10401802510023117,0.8959819674491882,0.5200901031494141,0.0,0.0,0.0,0.0,0.0,0.0
74,False,normal,0.11033665388822556,0.8896633386611938,0.551683247089386,0.0,0.0,0.0,0.0,0.0,0.0
75,False,normal,0.09098880738019943,0.90901118516922,0.45494401454925537,0.0,0.0,0.0,0.0,0.0,0.0
76,False,normal,0.1735694855451584,0.8264304995536804,0.8678474426269531,0.0,0.0,0.0,0.0,0.0,0.0
77,False,normal,0.10765675455331802,0.8923432230949402,0.5382837653160095,0.0,0.0,0.0,0.0,0.0,0.0
78,False,normal,0.1502179354429245,0.8497820496559143,0.7510896921157837,0.0,0.0,0.0,0.0,0.0,0.0
79,False,normal,0.14776171743869781,0.8522382974624634,0.7388085722923279,0.0,0.0,0.0,0.0,0.0,0.0
80,False,normal,0.1455312818288803,0.8544687032699585,0.7276564240455627,0.0,0.0,0.0,0.0,0.0,0.0
81,False,normal,0.09367944300174713,0.9063205718994141,0.46839720010757446,0.0,0.0,0.0,0.0,0.0,0.0
82,False,normal,0.15493328869342804,0.8450667262077332,0.5504692196846008,0.0,0.0,0.0,0.29892961321429823,0.0,0.0
83,False,normal,0.09292992949485779,0.9070700407028198,0.46464964747428894,0.0,0.0,0.0,0.0,0.0,0.0
84,False,normal,0.1174730658531189,0.8825269341468811,0.5873653292655945,0.0,0.0,0.0,0.0,0.0,0.0
85,False,normal,0.07577928155660629,0.9242207407951355,0.37889641523361206,0.0,0.0,0.0,0.0,0.0,0.0
86,False,normal,0.08935768902301788,0.9106423258781433,0.4467884302139282,0.0,0.0,0.0,0.0,0.0,0.0
87,False,normal,0.11534441262483597,0.8846555948257446,0.5382546186447144,0.0,0.0,0.0,0.051289906675677344,0.0,0.0
88,False,normal,0.10823961347341537,0.8917604088783264,0.5411980748176575,0.0,0.0,0.0,0.0,0.0,0.0
89,False,normal,0.078284353017807,0.9217156171798706,0.39142176508903503,0.0,0.0,0.0,0.0,0.0,0.0
90,False,normal,0.2,0.8,1.0,0.0,0.0,0.0,0.0,0.0,0.0
91,False,normal,0.07686027139425278,0.923139750957489,0.3843013644218445,0.0,0.0,0.0,0.0,0.0,0.0
92,False,normal,0.08382787555456161,0.9161721467971802,0.4191393554210663,0.0,0.0,0.0,0.0,0.0,0.0
93,False,normal,0.18429018557071686,0.8157098293304443,0.9214509129524231,0.0,0.0,0.0,0.0,0.0,0.0
94,False,normal,0.13938884437084198,0.8606111407279968,0.6969441771507263,0.0,0.0,0.0,0.0,0.0,0.0
95,False,normal,0.16700692474842072,0.8329930901527405,0.8350346088409424,0.0,0.0,0.0,0.0,0.0,0.0
96,False,normal,0.0813775509595871,0.9186224341392517,0.4068877398967743,0.0,0.0,0.0,0.0,0.0,0.0
97,False,normal,0.11350619792938232,0.8864938020706177,0.5675309896469116,0.0,0.0,0.0,0.0,0.0,0.0
98,False,normal,0.092164047062397,0.9078359603881836,0.4608202278614044,0.0,0.0,0.0,0.0,0.0,0.0
99,False,normal,0.12594760954380035,0.8740524053573608,0.6297380328178406,0.0,0.0,0.0,0.0,0.0,0.0
100,False,normal,0.10502254217863083,0.8949774503707886,0.5251126885414124,0.0,0.0,0.0,0.0,0.0,0.0
101,False,normal,0.08941743522882462,0.9105825424194336,0.4470871686935425,0.0,0.0,0.0,0.0,0.0,0.0
102,False,normal,0.10401444882154465,0.8959855437278748,0.5200722217559814,0.0,0.0,0.0,0.0,0.0,0.0
103,False,normal,0.12595081329345703,0.874049186706543,0.6297540664672852,0.0,0.0,0.0,0.0,0.0,0.0
104,False,normal,0.08492598682641983,0.9150739908218384,0.42462992668151855,0.0,0.0,0.0,0.0,0.0,0.0
105,False,normal,0.09966946393251419,0.9003305435180664,0.49834731221199036,0.0,0.0,0.0,0.0,0.0,0.0
106,False,normal,0.07085015624761581,0.929149866104126,0.3542507588863373,0.0,0.0,0.0,0.0,0.0,0.0
107,False,normal,0.11845051497220993,0.8815494775772095,0.5922525525093079,0.0,0.0,0.0,0.0,0.0,0.0
108,False,normal,0.15334413945674896,0.8466558456420898,0.7667206525802612,0.0,0.0,0.0,0.0,0.0,0.0
109,False,normal,0.0922994464635849,0.9077005386352539,0.4614972174167633,0.0,0.0,0.0,0.0,0.0,0.0
110,False,normal,0.0848359763622284,0.9151639938354492,0.42417988181114197,0.0,0.0,0.0,0.0,0.0,0.0
111,False,normal,0.1318453550338745,0.8681546449661255,0.6592267751693726,0.0,0.0,0.0,0.0,0.0,0.0
112,False,normal,0.06886716932058334,0.9311328530311584,0.3443358242511749,0.0,0.0,0.0,0.0,0.0,0.0
113,False,normal,0.11525757610797882,0.8847424387931824,0.5762878656387329,0.0,0.0,0.0,0.0,0.0,0.0
114,False,normal,0.138916015625,0.861083984375,0.694580078125,0.0,0.0,0.0,0.0,0.0,0.0
115,False,normal,0.12967467308044434,0.8703253269195557,0.6483733654022217,0.0,0.0,0.0,0.0,0.0,0.0
116,False,normal,0.11253710091114044,0.8874629139900208,0.562685489654541,0.0,0.0,0.0,0.0,0.0,0.0
117,False,normal,0.09989742934703827,0.9001025557518005,0.49948713183403015,0.0,0.0,0.0,0.0,0.0,0.0
118,False,normal,0.10868968069553375,0.8913103342056274,0.4334091246128082,0.11003926265144034,0.0,0.0,0.0,0.0,0.0
119,False,normal,0.10570269823074341,0.8942973017692566,0.528513491153717,0.0,0.0,0.0,0.0,0.0,0.0
120,False,normal,0.07001768052577972,0.9299823045730591,0.3500883877277374,0.0,0.0,0.0,0.0,0.0,0.0
121,False,normal,0.07873018085956573,0.9212698340415955,0.3936508893966675,0.0,0.0,0.0,0.0,0.0,0.0
122,False,normal,0.07417633384466171,0.9258236885070801,0.3708816468715668,0.0,0.0,0.0,0.0,0.0,0.0
123,False,normal,0.12674252688884735,0.8732574582099915,0.6337125897407532,0.0,0.0,0.0,0.0,0.0,0.0
124,False,normal,0.09749796241521835,0.9025020599365234,0.48748978972435,0.0,0.0,0.0,0.0,0.0,0.0
125,False,normal,0.0778021439909935,0.9221978783607483,0.3890106976032257,0.0,0.0,0.0,0.0,0.0,0.0
126,False,normal,0.08094444870948792,0.9190555810928345,0.4047222435474396,0.0,0.0,0.0,0.0,0.0,0.0
127,False,normal,0.19316953420639038,0.8068304657936096,0.7158476710319519,0.0,0.0,0.0,0.0,0.0,1.0
128,False,normal,0.12992820143699646,0.8700717687606812,0.6496409773826599,0.0,0.0,0.0,0.0,0.0,0.0
129,False,normal,0.07140140235424042,0.9285985827445984,0.3570069968700409,0.0,0.0,0.0,0.0,0.0,0.0
130,False,normal,0.08317599445581436,0.9168239831924438,0.4158799648284912,0.0,0.0,0.0,0.0,0.0,0.0
131,False,normal,0.1105218157172203,0.8894782066345215,0.5526090860366821,0.0,0.0,0.0,0.0,0.0,0.0
132,False,normal,0.16899408400058746,0.8310059309005737,0.8449704051017761,0.0,0.0,0.0,0.0,0.0,0.0
133,False,normal,0.11082369089126587,0.8891763091087341,0.5541184544563293,0.0,0.0,0.0,0.0,0.0,0.0
134,False,normal,0.14758270978927612,0.8524172902107239,0.7379135489463806,0.0,0.0,0.0,0.0,0.0,0.0
135,False,normal,0.07559724152088165,0.9244027733802795,0.37798619270324707,0.0,0.0,0.0,0.0,0.0,0.0
136,False,normal,0.06864143908023834,0.9313585758209229,0.3432071805000305,0.0,0.0,0.0,0.0,0.0,0.0
137,False,normal,0.2,0.8,1.0,0.0,0.0,0.0,0.0,0.0,0.0
138,False,normal,0.0775514468550682,0.9224485754966736,0.38775721192359924,0.0,0.0,0.0,0.0,0.0,0.0
139,False,normal,0.11855247616767883,0.8814475536346436,0.34276238083839417,0.0,0.0,0.0,0.0,0.0,1.0
140,False,normal,0.17776821553707123,0.8222317695617676,0.7607500553131104,0.0,0.0,0.0,0.0,0.0,0.5123638031275426
141,False,normal,0.0837809294462204,0.9162190556526184,0.4189046323299408,0.0,0.0,0.0,0.0,0.0,0.0
142,False,normal,0.09149973094463348,0.9085002541542053,0.4574986398220062,0.0,0.0,0.0,0.0,0.0,0.0
143,False,normal,0.10784635692834854,0.8921536207199097,0.5392317771911621,0.0,0.0,0.0,0.0,0.0,0.0
144,False,normal,0.1721828430891037,0.8278171420097351,0.8609142303466797,0.0,0.0,0.0,0.0,0.0,0.0
145,False,normal,0.08559800684452057,0.9144020080566406,0.42799001932144165,0.0,0.0,0.0,0.0,0.0,0.0
146,False,normal,0.2,0.8,1.0,0.0,0.0,0.0,0.0,0.0,0.0
147,False,normal,0.16303661465644836,0.836963415145874,0.8151830434799194,0.0,0.0,0.0,0.0,0.0,0.0
148,False,normal,0.2,0.8,1.0,0.0,0.0,0.0,0.0,0.0,0.0
149,False,normal,0.0905914232134819,0.9094085693359375,0.4529570937156677,0.0,0.0,0.0,0.0,0.0,0.0
150,False,normal,0.08747556060552597,0.9125244617462158,0.43737778067588806,0.0,0.0,0.0,0.0,0.0,0.0
151,False,normal,0.08073869347572327,0.9192613363265991,0.40369346737861633,0.0,0.0,0.0,0.0,0.0,0.0
152,False,normal,0.08447196334600449,0.9155280590057373,0.42235979437828064,0.0,0.0,0.0,0.0,0.0,0.0
153,False,normal,0.1420804262161255,0.8579195737838745,0.5899543762207031,0.1204477860008751,0.0,0.0,0.0,0.0,0.0
154,False,normal,0.06429877132177353,0.9357012510299683,0.32149386405944824,0.0,0.0,0.0,0.0,0.0,0.0
155,False,normal,0.12336718291044235,0.876632809638977,0.61683589220047,0.0,0.0,0.0,0.0,0.0,0.0
156,False,normal,0.10372970253229141,0.8962702751159668,0.5186485052108765,0.0,0.0,0.0,0.0,0.0,0.0
157,False,normal,0.18160657584667206,0.8183934092521667,0.7461365461349487,0.0,0.0,0.0,0.0,0.0,0.6475853726337156
158,False,normal,0.07983758300542831,0.9201624393463135,0.3991878926753998,0.0,0.0,0.0,0.0,0.0,0.0
159,False,normal,0.08833860605955124,0.9116613864898682,0.4416930079460144,0.0,0.0,0.0,0.0,0.0,0.0
160,False,normal,0.07696480304002762,0.923035204410553,0.3848240077495575,0.0,0.0,0.0,0.0,0.0,0.0
161,False,normal,0.10012871026992798,0.899871289730072,0.5006435513496399,0.0,0.0,0.0,0.0,0.0,0.0
162,False,normal,0.07327328622341156,0.9267266988754272,0.3663664162158966,0.0,0.0,0.0,0.0,0.0,0.0
163,False,normal,0.10104971379041672,0.8989502787590027,0.5052485466003418,0.0,0.0,0.0,0.0,0.0,0.0
164,False,normal,0.08230595290660858,0.9176940321922302,0.4115297496318817,0.0,0.0,0.0,0.0,0.0,0.0
165,False,normal,0.17493906617164612,0.8250609636306763,0.8746953010559082,0.0,0.0,0.0,0.0,0.0,0.0
166,False,normal,0.18218135833740234,0.8178186416625977,0.9109067916870117,0.0,0.0,0.0,0.0,0.0,0.0
167,False,normal,0.15816202759742737,0.841838002204895,0.5408101081848145,0.0,0.0,0.0,0.0,0.0,1.0
168,False,normal,0.11934087425470352,0.8806591033935547,0.596704363822937,0.0,0.0,0.0,0.0,0.0,0.0
169,False,normal,0.08240454643964767,0.9175954461097717,0.41202273964881897,0.0,0.0,0.0,0.0,0.0,0.0
170,False,normal,0.09790051728487015,0.9020994901657104,0.48950257897377014,0.0,0.0,0.0,0.0,0.0,0.0
171,False,normal,0.19821448624134064,0.8017855286598206,0.991072416305542,0.0,0.0,0.0,0.0,0.0,0.0
172,False,normal,0.08829443156719208,0.9117055535316467,0.4414721429347992,0.0,0.0,0.0,0.0,0.0,0.0
173,False,normal,0.0780542716383934,0.9219457507133484,0.3902713358402252,0.0,0.0,0.0,0.0,0.0,0.0
174,False,normal,0.18158148229122162,0.8184185028076172,0.9079073667526245,0.0,0.0,0.0,0.0,0.0,0.0
175,False,normal,0.08608247339725494,0.9139175415039062,0.4304123520851135,0.0,0.0,0.0,0.0,0.0,0.0
176,False,normal,0.12683506309986115,0.8731649518013,0.6341753005981445,0.0,0.0,0.0,0.0,0.0,0.0
177,False,normal,0.1095254048705101,0.8904746174812317,0.5476270318031311,0.0,0.0,0.0,0.0,0.0,0.0
178,False,normal,0.07436686009168625,0.9256331324577332,0.37183427810668945,0.0,0.0,0.0,0.0,0.0,0.0
179,False,normal,0.14169789850711823,0.858302116394043,0.7084894776344299,0.0,0.0,0.0,0.0,0.0,0.0
180,False,normal,0.06855236738920212,0.9314476251602173,0.3427618145942688,0.0,0.0,0.0,0.0,0.0,0.0
181,False,normal,0.10146681219339371,0.8985331654548645,0.5073340535163879,0.0,0.0,0.0,0.0,0.0,0.0
182,False,normal,0.10196828097105026,0.8980317115783691,0.5098413825035095,0.0,0.0,0.0,0.0,0.0,0.0
183,False,normal,0.17935413122177124,0.8206458687782288,0.8967706561088562,0.0,0.0,0.0,0.0,0.0,0.0
184,False,normal,0.18300466239452362,0.8169953227043152,0.9150232672691345,0.0,0.0,0.0,0.0,0.0,0.0
185,False,normal,0.08027013391256332,0.9197298884391785,0.40135064721107483,0.0,0.0,0.0,0.0,0.0,0.0
186,False,normal,0.10764782875776291,0.8923521637916565,0.5382391214370728,0.0,0.0,0.0,0.0,0.0,0.0
187,False,normal,0.11559078842401505,0.8844091892242432,0.5779539346694946,0.0,0.0,0.0,0.0,0.0,0.0
188,False,normal,0.09652247279882431,0.9034775495529175,0.48261237144470215,0.0,0.0,0.0,0.0,0.0,0.0
189,False,normal,0.16844159364700317,0.8315584063529968,0.8422079682350159,0.0,0.0,0.0,0.0,0.0,0.0
190,False,normal,0.09659203141927719,0.9034079909324646,0.48296013474464417,0.0,0.0,0.0,0.0,0.0,0.0
191,False,normal,0.0828063115477562,0.9171937108039856,0.4140315651893616,0.0,0.0,0.0,0.0,0.0,0.0
192,False,normal,0.10960816591978073,0.8903918266296387,0.5480408072471619,0.0,0.0,0.0,0.0,0.0,0.0
193,False,normal,0.146327942609787,0.8536720275878906,0.7316396832466125,0.0,0.0,0.0,0.0,0.0,0.0
194,False,normal,0.0846041887998581,0.9153957962989807,0.4230209290981293,0.0,0.0,0.0,0.0,0.0,0.0
195,False,normal,0.10725688934326172,0.8927431106567383,0.5362844467163086,0.0,0.0,0.0,0.0,0.0,0.0
196,False,normal,0.08793261647224426,0.9120674133300781,0.4396630823612213,0.0,0.0,0.0,0.0,0.0,0.0
197,False,normal,0.16281364858150482,0.837186336517334,0.8140682578086853,0.0,0.0,0.0,0.0,0.0,0.0
198,False,normal,0.15377819538116455,0.8462218046188354,0.7688909769058228,0.0,0.0,0.0,0.0,0.0,0.0
199,False,normal,0.10201936960220337,0.8979806303977966,0.5100968480110168,0.0,0.0,0.0,0.0,0.0,0.0
200,False,normal,0.08640818297863007,0.9135918021202087,0.43204089999198914,0.0,0.0,0.0,0.0,0.0,0.0
201,False,normal,0.08645638078451157,0.9135436415672302,0.43228188157081604,0.0,0.0,0.0,0.0,0.0,0.0
202,False,normal,0.11332722008228302,0.8866727948188782,0.5666360855102539,0.0,0.0,0.0,0.0,0.0,0.0
203,False,normal,0.10158486664295197,0.8984151482582092,0.5079243183135986,0.0,0.0,0.0,0.0,0.0,0.0
204,False,normal,0.1009230986237526,0.8990768790245056,0.5046154856681824,0.0,0.0,0.0,0.0,0.0,0.0
205,False,normal,0.08863174915313721,0.9113682508468628,0.44315874576568604,0.0,0.0,0.0,0.0,0.0,0.0
206,False,normal,0.05960928276181221,0.9403907060623169,0.29804641008377075,0.0,0.0,0.0,0.0,0.0,0.0
207,False,normal,0.09682780504226685,0.9031721949577332,0.48413902521133423,0.0,0.0,0.0,0.0,0.0,0.0
208,False,normal,0.0732385441660881,0.9267614483833313,0.3661927282810211,0.0,0.0,0.0,0.0,0.0,0.0
209,False,normal,0.09490711241960526,0.9050928950309753,0.4745355546474457,0.0,0.0,0.0,0.0,0.0,0.0
210,False,normal,0.1425950676202774,0.8574049472808838,0.7129753232002258,0.0,0.0,0.0,0.0,0.0,0.0
211,False,normal,0.07260534912347794,0.9273946285247803,0.3630267381668091,0.0,0.0,0.0,0.0,0.0,0.0
212,False,normal,0.11846233904361725,0.881537675857544,0.592311680316925,0.0,0.0,0.0,0.0,0.0,0.0
213,False,normal,0.0727243646979332,0.9272756576538086,0.3636218011379242,0.0,0.0,0.0,0.0,0.0,0.0
214,False,normal,0.07489810138940811,0.9251018762588501,0.37449049949645996,0.0,0.0,0.0,0.0,0.0,0.0
215,False,normal,0.062117088586091995,0.9378829002380371,0.3105854392051697,0.0,0.0,0.0,0.0,0.0,0.0
216,False,normal,0.2,0.8,1.0,0.0,0.0,0.0,0.0,0.0,0.0
217,False,normal,0.06075898930430412,0.9392409920692444,0.3037949502468109,0.0,0.0,0.0,0.0,0.0,0.0
218,False,normal,0.11286123842000961,0.8871387839317322,0.5643061995506287,0.0,0.0,0.0,0.0,0.0,0.0
219,False,normal,0.07694287598133087,0.9230571389198303,0.38471436500549316,0.0,0.0,0.0,0.0,0.0,0.0
220,False,normal,0.11359085142612457,0.8864091634750366,0.5679542422294617,0.0,0.0,0.0,0.0,0.0,0.0
221,False,normal,0.0872907042503357,0.9127092957496643,0.43645352125167847,0.0,0.0,0.0,0.0,0.0,0.0
222,False,normal,0.2,0.8,1.0,0.0,0.0,0.0,0.0,0.0,0.0
223,False,normal,0.09512732923030853,0.9048726558685303,0.47563663125038147,0.0,0.0,0.0,0.0,0.0,0.0
224,False,normal,0.08981699496507645,0.9101830124855042,0.44908496737480164,0.0,0.0,0.0,0.0,0.0,0.0
225,False,normal,0.08312015980482101,0.9168798327445984,0.4156007766723633,0.0,0.0,0.0,0.0,0.0,0.0
226,False,normal,0.09421703219413757,0.90578293800354,0.3706302344799042,0.10045489672080372,0.0,0.0,0.0,0.0,0.0
227,False,normal,0.10255853086709976,0.8974414467811584,0.5127926468849182,0.0,0.0,0.0,0.0,0.0,0.0
228,False,normal,0.2,0.8,1.0,0.0,0.0,0.0,0.0,0.0,0.0
229,False,normal,0.09005863219499588,0.9099413752555847,0.4502931535243988,0.0,0.0,0.0,0.0,0.0,0.0
230,False,normal,0.08966074138879776,0.9103392362594604,0.4483036994934082,0.0,0.0,0.0,0.0,0.0,0.0
231,False,normal,0.19900591671466827,0.8009940981864929,0.8912127614021301,0.1038168579875839,0.0,0.0,0.0,0.0,0.0
232,False,normal,0.1021965891122818,0.8978034257888794,0.5109829306602478,0.0,0.0,0.0,0.0,0.0,0.0
233,False,normal,0.12797757983207703,0.8720223903656006,0.6398878693580627,0.0,0.0,0.0,0.0,0.0,0.0
234,False,normal,0.06415101885795593,0.9358489513397217,0.32075509428977966,0.0,0.0,0.0,0.0,0.0,0.0
235,False,normal,0.12021902948617935,0.8797809481620789,0.6010951399803162,0.0,0.0,0.0,0.0,0.0,0.0
236,False,normal,0.11753316968679428,0.8824668526649475,0.587665855884552,0.0,0.0,0.0,0.0,0.0,0.0
237,False,normal,0.09920252859592438,0.9007974863052368,0.4960126280784607,0.0,0.0,0.0,0.0,0.0,0.0
238,False,normal,0.1212153434753418,0.8787846565246582,0.606076717376709,0.0,0.0,0.0,0.0,0.0,0.0
239,False,normal,0.15887486934661865,0.8411251306533813,0.7943743467330933,0.0,0.0,0.0,0.0,0.0,0.0
240,False,normal,0.1067432388663292,0.8932567834854126,0.5337162017822266,0.0,0.0,0.0,0.0,0.0,0.0
241,False,normal,0.10217976570129395,0.897820234298706,0.5108988285064697,0.0,0.0,0.0,0.0,0.0,0.0
242,False,normal,0.1466200053691864,0.8533799648284912,0.7330999970436096,0.0,0.0,0.0,0.0,0.0,0.0
243,False,normal,0.08907973766326904,0.910920262336731,0.4453986883163452,0.0,0.0,0.0,0.0,0.0,0.0
244,False,normal,0.12776987254619598,0.8722301125526428,0.6388493776321411,0.0,0.0,0.0,0.0,0.0,0.0
245,False,normal,0.1203053742647171,0.8796946406364441,0.6015268564224243,0.0,0.0,0.0,0.0,0.0,0.0
246,False,normal,0.08087556064128876,0.91912442445755,0.4043777883052826,0.0,0.0,0.0,0.0,0.0,0.0
247,False,normal,0.08996670693159103,0.9100332856178284,0.44983354210853577,0.0,0.0,0.0,0.0,0.0,0.0
248,False,normal,0.08099521696567535,0.9190047979354858,0.4049760699272156,0.0,0.0,0.0,0.0,0.0,0.0
249,False,normal,0.12323347479104996,0.8767665028572083,0.6161673665046692,0.0,0.0,0.0,0.0,0.0,0.0
250,False,normal,0.1651741862297058,0.8348258137702942,0.825870931148529,0.0,0.0,0.0,0.0,0.0,0.0
251,False,normal,0.07917586714029312,0.9208241105079651,0.395879328250885,0.0,0.0,0.0,0.0,0.0,0.0
252,False,normal,0.10480242222547531,0.8951975703239441,0.5240120887756348,0.0,0.0,0.0,0.0,0.0,0.0
253,False,normal,0.06786585599184036,0.9321341514587402,0.3393292725086212,0.0,0.0,0.0,0.0,0.0,0.0
254,False,normal,0.13547351956367493,0.8645265102386475,0.6773675680160522,0.0,0.0,0.0,0.0,0.0,0.0
255,False,normal,0.08904996514320374,0.9109500646591187,0.4452498257160187,0.0,0.0,0.0,0.0,0.0,0.0
256,False,normal,0.15732254087924957,0.8426774740219116,0.7866126894950867,0.0,0.0,0.0,0.0,0.0,0.0
257,False,normal,0.10986097157001495,0.8901390433311462,0.5493048429489136,0.0,0.0,0.0,0.0,0.0,0.0
258,False,normal,0.14916545152664185,0.8508345484733582,0.7458272576332092,0.0,0.0,0.0,0.0,0.0,0.0
259,False,normal,0.1133245974779129,0.8866754174232483,0.5666229724884033,0.0,0.0,0.0,0.0,0.0,0.0
260,False,normal,0.06501661241054535,0.9349833726882935,0.32508304715156555,0.0,0.0,0.0,0.0,0.0,0.0
261,False,normal,0.08725639432668686,0.9127436280250549,0.4362819492816925,0.0,0.0,0.0,0.0,0.0,0.0
262,False,normal,0.15418194234371185,0.845818042755127,0.7709097266197205,0.0,0.0,0.0,0.0,0.0,0.0
263,False,normal,0.09312977641820908,0.9068702459335327,0.465648889541626,0.0,0.0,0.0,0.0,0.0,0.0
264,False,normal,0.16126637160778046,0.8387336134910583,0.8063318133354187,0.0,0.0,0.0,0.0,0.0,0.0
265,False,normal,0.08967815339565277,0.910321831703186,0.44839075207710266,0.0,0.0,0.0,0.0,0.0,0.0
266,False,normal,0.07873894274234772,0.9212610721588135,0.3936946988105774,0.0,0.0,0.0,0.0,0.0,0.0
267,False,normal,0.11126168072223663,0.8887383341789246,0.556308388710022,0.0,0.0,0.0,0.0,0.0,0.0
268,False,normal,0.1266709268093109,0.8733290433883667,0.6333546042442322,0.0,0.0,0.0,0.0,0.0,0.0
269,False,normal,0.09908321499824524,0.9009168148040771,0.4954160749912262,0.0,0.0,0.0,0.0,0.0,0.0
270,False,normal,0.2,0.8,1.0,0.0,0.0,0.0,0.0,0.0,0.0
271,False,normal,0.09777596592903137,0.902224063873291,0.48887982964515686,0.0,0.0,0.0,0.0,0.0,0.0
272,False,normal,0.1064433604478836,0.8935566544532776,0.5322167873382568,0.0,0.0,0.0,0.0,0.0,0.0
273,False,normal,0.09182477742433548,0.9081752300262451,0.4591238796710968,0.0,0.0,0.0,0.0,0.0,0.0
274,False,normal,0.07781041413545609,0.9221895933151245,0.38905206322669983,0.0,0.0,0.0,0.0,0.0,0.0
275,False,normal,0.17182865738868713,0.8281713724136353,0.8591432571411133,0.0,0.0,0.0,0.0,0.0,0.0
276,False,normal,0.08266398310661316,0.9173359870910645,0.4133199155330658,0.0,0.0,0.0,0.0,0.0,0.0
277,False,normal,0.07116174697875977,0.9288382530212402,0.35580873489379883,0.0,0.0,0.0,0.0,0.0,0.0
278,False,normal,0.1144263744354248,0.8855736255645752,0.572131872177124,0.0,0.0,0.0,0.0,0.0,0.0
279,False,normal,0.07876564562320709,0.9212343692779541,0.39382821321487427,0.0,0.0,0.0,0.0,0.0,0.0
280,False,normal,0.1105121523141861,0.8894878625869751,0.5525607466697693,0.0,0.0,0.0,0.0,0.0,0.0
281,False,normal,0.07472895085811615,0.9252710342407227,0.37364473938941956,0.0,0.0,0.0,0.0,0.0,0.0
282,False,normal,0.14708726108074188,0.8529127240180969,0.7354362607002258,0.0,0.0,0.0,0.0,0.0,0.0
283,False,normal,0.08009286969900131,0.9199071526527405,0.40046435594558716,0.0,0.0,0.0,0.0,0.0,0.0
284,False,normal,0.07425263524055481,0.9257473945617676,0.37126317620277405,0.0,0.0,0.0,0.0,0.0,0.0
285,False,normal,0.06702276319265366,0.9329772591590881,0.3351137936115265,0.0,0.0,0.0,0.0,0.0,0.0
286,False,normal,0.10123629868030548,0.8987637162208557,0.5061814785003662,0.0,0.0,0.0,0.0,0.0,0.0
287,False,normal,0.0817098543047905,0.9182901382446289,0.4085492789745331,0.0,0.0,0.0,0.0,0.0,0.0
288,False,normal,0.10105250030755997,0.8989474773406982,0.5052624940872192,0.0,0.0,0.0,0.0,0.0,0.0
289,False,normal,0.06807883083820343,0.9319211840629578,0.34039413928985596,0.0,0.0,0.0,0.0,0.0,0.0
290,False,normal,0.09314829856157303,0.9068517088890076,0.46574148535728455,0.0,0.0,0.0,0.0,0.0,0.0
291,False,normal,0.18921558558940887,0.8107843995094299,0.9460778832435608,0.0,0.0,0.0,0.0,0.0,0.0
292,False,normal,0.18892528116703033,0.8110747337341309,0.9446263909339905,0.0,0.0,0.0,0.0,0.0,0.0
293,False,normal,0.08945686370134354,0.9105431437492371,0.4472843110561371,0.0,0.0,0.0,0.0,0.0,0.0
294,False,normal,0.10537015646696091,0.8946298360824585,0.5268507599830627,0.0,0.0,0.0,0.0,0.0,0.0
295,False,normal,0.08877862244844437,0.9112213850021362,0.44389310479164124,0.0,0.0,0.0,0.0,0.0,0.0
296,False,normal,0.09062258154153824,0.90937739610672,0.4531129002571106,0.0,0.0,0.0,0.0,0.0,0.0
297,False,normal,0.0946580097079277,0.9053419828414917,0.47329002618789673,0.0,0.0,0.0,0.0,0.0,0.0
298,False,normal,0.08708848804235458,0.9129115343093872,0.4354424476623535,0.0,0.0,0.0,0.0,0.0,0.0
299,False,normal,0.13176226615905762,0.8682377338409424,0.6588113307952881,0.0,0.0,0.0,0.0,0.0,0.0
300,False,normal,0.0776231437921524,0.9223768711090088,0.38811570405960083,0.0,0.0,0.0,0.0,0.0,0.0
301,False,normal,0.2,0.8,1.0,0.0,0.0,0.0,0.0,0.0,0.0
302,False,normal,0.10371533781290054,0.8962846398353577,0.5185766816139221,0.0,0.0,0.0,0.0,0.0,0.0
303,False,normal,0.07890816777944565,0.9210918545722961,0.39454081654548645,0.0,0.0,0.0,0.0,0.0,0.0
304,False,normal,0.08466944843530655,0.9153305292129517,0.42334723472595215,0.0,0.0,0.0,0.0,0.0,0.0
305,False,normal,0.08635743707418442,0.9136425852775574,0.4317871928215027,0.0,0.0,0.0,0.0,0.0,0.0
306,False,normal,0.091527558863163,0.9084724187850952,0.4576377868652344,0.0,0.0,0.0,0.0,0.0,0.0
307,False,normal,0.07235018908977509,0.9276497960090637,0.36175093054771423,0.0,0.0,0.0,0.0,0.0,0.0
308,False,normal,0.07655613124370575,0.9234438538551331,0.38278064131736755,0.0,0.0,0.0,0.0,0.0,0.0
309,False,normal,0.11295083910226822,0.88704913854599,0.5647541880607605,0.0,0.0,0.0,0.0,0.0,0.0
310,False,normal,0.09484662860631943,0.9051533937454224,0.47423315048217773,0.0,0.0,0.0,0.0,0.0,0.0
311,False,normal,0.2,0.8,1.0,0.0,0.0,0.0,0.0,0.0,0.0
312,False,normal,0.11050200462341309,0.8894979953765869,0.5525100231170654,0.0,0.0,0.0,0.0,0.0,0.0
313,False,normal,0.1571931391954422,0.842806875705719,0.7859656810760498,0.0,0.0,0.0,0.0,0.0,0.0
314,False,normal,0.18719342350959778,0.8128066062927246,0.9359670877456665,0.0,0.0,0.0,0.0,0.0,0.0
315,False,normal,0.2,0.8,1.0,0.0,0.0,0.0,0.0,0.0,0.0
316,False,normal,0.07317847013473511,0.9268215298652649,0.36589235067367554,0.0,0.0,0.0,0.0,0.0,0.0
317,False,normal,0.18907149136066437,0.8109285235404968,0.7960345149040222,0.10704947944332187,0.0,0.0,0.056364551566474574,0.0,0.0
318,False,normal,0.07758411765098572,0.9224158525466919,0.3879205882549286,0.0,0.0,0.0,0.0,0.0,0.0
319,False,normal,0.09401781857013702,0.9059821963310242,0.4700890779495239,0.0,0.0,0.0,0.0,0.0,0.0
320,False,normal,0.10186818987131119,0.898131787776947,0.5093409419059753,0.0,0.0,0.0,0.0,0.0,0.0
321,False,normal,0.2,0.8,1.0,0.0,0.0,0.0,0.0,0.0,0.0
322,False,normal,0.2,0.8,1.0,0.0,0.0,0.0,0.0,0.0,0.0
323,False,normal,0.2,0.8,1.0,0.0,0.0,0.0,0.0,0.0,0.0
324,False,normal,0.15546643733978271,0.8445335626602173,0.7773321866989136,0.0,0.0,0.0,0.0,0.0,0.0
325,False,normal,0.08292024582624435,0.917079746723175,0.41460120677948,0.0,0.0,0.0,0.0,0.0,0.0
326,False,normal,0.08378510922193527,0.9162148833274841,0.41892555356025696,0.0,0.0,0.0,0.0,0.0,0.0
327,False,normal,0.08529997617006302,0.9147000312805176,0.4264998733997345,0.0,0.0,0.0,0.0,0.0,0.0
328,False,normal,0.08308965712785721,0.9169103503227234,0.41544827818870544,0.0,0.0,0.0,0.0,0.0,0.0
329,False,normal,0.07492828369140625,0.9250717163085938,0.37464141845703125,0.0,0.0,0.0,0.0,0.0,0.0
330,False,normal,0.0916498452425003,0.9083501696586609,0.45824921131134033,0.0,0.0,0.0,0.0,0.0,0.0
331,False,normal,0.0697052851319313,0.9302946925163269,0.3485264182090759,0.0,0.0,0.0,0.0,0.0,0.0
332,False,normal,0.08487594872713089,0.9151240587234497,0.42437973618507385,0.0,0.0,0.0,0.0,0.0,0.0
333,False,normal,0.14663489162921906,0.8533651232719421,0.7331744432449341,0.0,0.0,0.0,0.0,0.0,0.0
334,False,normal,0.17645403742790222,0.8235459327697754,0.8822701573371887,0.0,0.0,0.0,0.0,0.0,0.0
335,False,normal,0.09997227787971497,0.9000277519226074,0.49986138939857483,0.0,0.0,0.0,0.0,0.0,0.0
336,False,normal,0.13620851933956146,0.8637914657592773,0.6810426115989685,0.0,0.0,0.0,0.0,0.0,0.0
337,False,normal,0.13302813470363617,0.8669718503952026,0.665140688419342,0.0,0.0,0.0,0.0,0.0,0.0
338,False,normal,0.07039134949445724,0.9296086430549622,0.3519567549228668,0.0,0.0,0.0,0.0,0.0,0.0
339,False,normal,0.11932801455259323,0.8806719779968262,0.5966400504112244,0.0,0.0,0.0,0.0,0.0,0.0
340,False,normal,0.139069065451622,0.8609309196472168,0.6953452825546265,0.0,0.0,0.0,0.0,0.0,0.0
341,False,normal,0.10037519037723541,0.8996248245239258,0.5018759369850159,0.0,0.0,0.0,0.0,0.0,0.0
342,False,normal,0.0984395444393158,0.9015604257583618,0.492197722196579,0.0,0.0,0.0,0.0,0.0,0.0
343,False,normal,0.08520928770303726,0.914790689945221,0.4260464310646057,0.0,0.0,0.0,0.0,0.0,0.0
344,False,normal,0.07060711830854416,0.9293928742408752,0.353035569190979,0.0,0.0,0.0,0.0,0.0,0.0
345,False,normal,0.07183902710676193,0.9281609654426575,0.35919511318206787,0.0,0.0,0.0,0.0,0.0,0.0
346,False,normal,0.09212345629930496,0.9078765511512756,0.4606172740459442,0.0,0.0,0.0,0.0,0.0,0.0
347,False,normal,0.09625519812107086,0.9037448167800903,0.4812759757041931,0.0,0.0,0.0,0.0,0.0,0.0
348,False,normal,0.09894413501024246,0.9010558724403381,0.4947206676006317,0.0,0.0,0.0,0.0,0.0,0.0
349,False,normal,0.06777245551347733,0.9322275519371033,0.33886227011680603,0.0,0.0,0.0,0.0,0.0,0.0
350,False,normal,0.08348783105611801,0.9165121912956238,0.41743913292884827,0.0,0.0,0.0,0.0,0.0,0.0
351,False,normal,0.07933109998703003,0.92066890001297,0.39665549993515015,0.0,0.0,0.0,0.0,0.0,0.0
352,False,normal,0.10831459611654282,0.891685426235199,0.5415729880332947,0.0,0.0,0.0,0.0,0.0,0.0
353,False,normal,0.08727680891752243,0.912723183631897,0.43638402223587036,0.0,0.0,0.0,0.0,0.0,0.0
354,False,normal,0.07186981290578842,0.9281302094459534,0.3593490719795227,0.0,0.0,0.0,0.0,0.0,0.0
355,False,normal,0.08317224681377411,0.9168277382850647,0.41586121916770935,0.0,0.0,0.0,0.0,0.0,0.0
356,False,normal,0.09626273065805435,0.9037372469902039,0.48131364583969116,0.0,0.0,0.0,0.0,0.0,0.0
357,False,normal,0.07695915549993515,0.9230408668518066,0.38479575514793396,0.0,0.0,0.0,0.0,0.0,0.0
358,False,normal,0.16684016585350037,0.8331598043441772,0.8342007994651794,0.0,0.0,0.0,0.0,0.0,0.0
359,False,normal,0.0764651894569397,0.9235348105430603,0.3823259472846985,0.0,0.0,0.0,0.0,0.0,0.0
360,False,normal,0.09212958067655563,0.9078704118728638,0.46064791083335876,0.0,0.0,0.0,0.0,0.0,0.0
361,False,normal,0.10606258362531662,0.8939374089241028,0.5303128957748413,0.0,0.0,0.0,0.0,0.0,0.0
362,False,normal,0.07914473861455917,0.9208552837371826,0.39572370052337646,0.0,0.0,0.0,0.0,0.0,0.0
363,False,normal,0.16568684577941895,0.834313154220581,0.8284342288970947,0.0,0.0,0.0,0.0,0.0,0.0
364,False,normal,0.10802220553159714,0.8919777870178223,0.5401110053062439,0.0,0.0,0.0,0.0,0.0,0.0
365,False,normal,0.10453972965478897,0.8954602479934692,0.5226986408233643,0.0,0.0,0.0,0.0,0.0,0.0
366,False,normal,0.09347470849752426,0.9065253138542175,0.4673735201358795,0.0,0.0,0.0,0.0,0.0,0.0
367,False,normal,0.166388601064682,0.8336113691329956,0.8319429755210876,0.0,0.0,0.0,0.0,0.0,0.0
368,False,normal,0.15006063878536224,0.8499393463134766,0.7503031492233276,0.0,0.0,0.0,0.0,0.0,0.0
369,False,normal,0.12144161760807037,0.8785583972930908,0.6072080731391907,0.0,0.0,0.0,0.0,0.0,0.0
370,False,normal,0.08754020929336548,0.9124597907066345,0.4377010464668274,0.0,0.0,0.0,0.0,0.0,0.0
371,False,normal,0.07484705746173859,0.9251529574394226,0.37423527240753174,0.0,0.0,0.0,0.0,0.0,0.0
372,False,normal,0.19615158438682556,0.803848385810852,0.9807578921318054,0.0,0.0,0.0,0.0,0.0,0.0
373,False,normal,0.08405093103647232,0.9159490466117859,0.420254647731781,0.0,0.0,0.0,0.0,0.0,0.0
374,False,normal,0.09331165999174118,0.9066883325576782,0.4665583074092865,0.0,0.0,0.0,0.0,0.0,0.0
375,False,normal,0.12297574430704117,0.877024233341217,0.6148787140846252,0.0,0.0,0.0,0.0,0.0,0.0
376,False,normal,0.08820963650941849,0.9117903709411621,0.44104817509651184,0.0,0.0,0.0,0.0,0.0,0.0
377,False,normal,0.11505911499261856,0.8849408626556396,0.5752955675125122,0.0,0.0,0.0,0.0,0.0,0.0
378,False,normal,0.08637917041778564,0.9136208295822144,0.4318958520889282,0.0,0.0,0.0,0.0,0.0,0.0
379,False,normal,0.07956282794475555,0.9204371571540833,0.3978141248226166,0.0,0.0,0.0,0.0,0.0,0.0
380,False,normal,0.12604133784770966,0.8739586472511292,0.6302067041397095,0.0,0.0,0.0,0.0,0.0,0.0
381,False,normal,0.10666769742965698,0.893332302570343,0.5333384871482849,0.0,0.0,0.0,0.0,0.0,0.0
382,False,normal,0.0886729285120964,0.911327064037323,0.4433646500110626,0.0,0.0,0.0,0.0,0.0,0.0
383,False,normal,0.08555887639522552,0.9144411087036133,0.42779436707496643,0.0,0.0,0.0,0.0,0.0,0.0
384,False,normal,0.11555099487304688,0.8844490051269531,0.5777549743652344,0.0,0.0,0.0,0.0,0.0,0.0
385,False,normal,0.08405286818742752,0.9159471392631531,0.420264333486557,0.0,0.0,0.0,0.0,0.0,0.0
386,False,normal,0.10478556156158447,0.8952144384384155,0.5239278078079224,0.0,0.0,0.0,0.0,0.0,0.0
387,True,voltage,0.2519870400428772,0.7,0.5599352121353149,0.7,0.0,0.0,0.0,0.0,0.0
388,True,reconstruction,0.3210441470146179,0.9052208065986633,0.9052208065986633,0.7,0.0,0.0,0.0,0.0,0.0
389,False,normal,0.12088048458099365,0.8791195154190063,0.6044024229049683,0.0,0.0,0.0,0.0,0.0,0.0
390,False,normal,0.07902829349040985,0.920971691608429,0.39514145255088806,0.0,0.0,0.0,0.0,0.0,0.0
391,False,normal,0.09448306262493134,0.9055169224739075,0.4724152982234955,0.0,0.0,0.0,0.0,0.0,0.0
392,False,normal,0.10012524574995041,0.899874746799469,0.5006262063980103,0.0,0.0,0.0,0.0,0.0,0.0
393,False,normal,0.10448749363422394,0.8955125212669373,0.5224374532699585,0.0,0.0,0.0,0.0,0.0,0.0
394,True,voltage,0.2767028212547302,1.0,0.3835141360759735,1.0,0.0,0.0,0.0,0.0,0.0
395,True,voltage,0.37522751092910767,1.0,0.8761374950408936,1.0,0.0,0.0,0.0,0.0,0.0
396,False,normal,0.11926563084125519,0.880734384059906,0.5620496869087219,0.0,0.0,0.0,0.04570458408035449,0.0,0.0
397,True,frequency,0.27780258655548096,1.0,0.6390129923820496,0.0,0.0,0.0,1.0,0.0,0.0
398,False,normal,0.2,0.8,1.0,0.0,0.0,0.0,0.0,0.0,0.0
399,True,reconstruction,0.20626498758792877,0.9267235398292542,0.9267235398292542,0.10460135270445073,0.0,0.0,0.0,0.0,0.0
400,False,normal,0.14215384423732758,0.8578461408615112,0.7107691764831543,0.0,0.0,0.0,0.0,0.0,0.0
401,True,voltage,0.3999781310558319,1.0,0.9998906254768372,1.0,0.0,0.0,0.0,0.0,0.0
402,False,normal,0.18818816542625427,0.8118118047714233,0.940940797328949,0.0,0.0,0.0,0.0,0.0,0.0
403,False,normal,0.10120769590139389,0.8987923264503479,0.50603848695755,0.0,0.0,0.0,0.0,0.0,0.0
404,True,voltage,0.23124366998672485,0.7,0.45621830224990845,0.7,0.0,0.0,0.0,0.0,0.0
405,False,normal,0.1273350566625595,0.8726649284362793,0.636675238609314,0.0,0.0,0.0,0.0,0.0,0.0
406,False,normal,0.1094711422920227,0.8905288577079773,0.5473557114601135,0.0,0.0,0.0,0.0,0.0,0.0
407,False,normal,0.09602485597133636,0.9039751291275024,0.48012426495552063,0.0,0.0,0.0,0.0,0.0,0.0
408,True,voltage,0.28443294763565063,1.0,0.422164648771286,1.0,0.0,0.0,0.0,0.0,0.0
409,False,normal,0.08021542429924011,0.9197845458984375,0.40107712149620056,0.0,0.0,0.0,0.0,0.0,0.0
410,False,normal,0.16988009214401245,0.8301199078559875,0.8494004607200623,0.0,0.0,0.0,0.0,0.0,0.0
411,True,reconstruction,0.3037863113557755,1.0,1.0,0.0,0.0,0.0,0.6919087423718366,0.0,0.0
412,False,normal,0.08802708238363266,0.9119729399681091,0.4401354193687439,0.0,0.0,0.0,0.0,0.0,0.0
413,True,voltage,0.30244922637939453,1.0,0.5122460722923279,1.0,0.0,0.0,0.0,0.0,0.0
414,False,normal,0.07201898843050003,0.9279810190200806,0.36009493470191956,0.0,0.0,0.0,0.0,0.0,0.0
415,False,normal,0.14428649842739105,0.8557134866714478,0.47143250703811646,0.0,0.0,0.0,0.0,0.0,1.0
416,True,voltage,0.2298281490802765,0.7,0.449140727519989,0.7,0.0,0.0,0.0,0.0,0.0
417,True,voltage,0.3492204546928406,1.0,0.7461022734642029,1.0,0.0,0.0,0.0,0.0,0.0
418,True,voltage,0.2718568444252014,1.0,0.3592841923236847,1.0,0.0,0.0,0.0,0.0,0.0
419,False,normal,0.16243283450603485,0.837567150592804,0.8121641874313354,0.0,0.0,0.0,0.0,0.0,0.0
420,False,normal,0.09510815888643265,0.904891848564148,0.47554078698158264,0.0,0.0,0.0,0.0,0.0,0.0
421,False,normal,0.11167071014642715,0.888329267501831,0.5583535432815552,0.0,0.0,0.0,0.0,0.0,0.0
422,True,voltage,0.2750101089477539,0.7,0.6750506162643433,0.7,0.0,0.0,0.0,0.0,0.0
423,False,normal,0.16982559859752655,0.8301743865013123,0.8491279482841492,0.0,0.0,0.0,0.0,0.0,0.0
424,False,normal,0.10444992780685425,0.8955500721931458,0.5222496390342712,0.0,0.0,0.0,0.0,0.0,0.0
425,False,normal,0.07279606908559799,0.9272039532661438,0.36398032307624817,0.0,0.0,0.0,0.0,0.0,0.0
426,False,normal,0.09292736649513245,0.9070726633071899,0.46463683247566223,0.0,0.0,0.0,0.0,0.0,0.0
427,True,rate_change,0.28665685653686523,1.0,0.4336346685886383,0.0,0.0,0.0,0.9995327098927902,0.0,1.0
428,True,reconstruction,0.30895400047302246,0.7102833390235901,0.7102833390235901,0.7,0.0,0.0,0.0,0.0,0.5379465020496198
429,True,reconstruction,0.4,1.0,1.0,1.0,0.0,0.0,0.0,0.0,0.0
430,False,normal,0.06979876011610031,0.9302012324333191,0.34899380803108215,0.0,0.0,0.0,0.0,0.0,0.0
431,False,normal,0.17131313681602478,0.8286868333816528,0.8565656542778015,0.0,0.0,0.0,0.0,0.0,0.0
432,False,normal,0.11396995931863785,0.8860300183296204,0.5698497891426086,0.0,0.0,0.0,0.0,0.0,0.0
433,False,normal,0.13818056881427765,0.8618194460868835,0.690902829170227,0.0,0.0,0.0,0.0,0.0,0.0
434,True,reconstruction,0.21329768005804228,1.0,1.0,0.0,0.0,0.0,0.0886512003869484,0.0,0.0
435,False,normal,0.08205898851156235,0.9179410338401794,0.41029492020606995,0.0,0.0,0.0,0.0,0.0,0.0
436,False,normal,0.09866436570882797,0.9013356566429138,0.49332180619239807,0.0,0.0,0.0,0.0,0.0,0.0
437,False,normal,0.1369011253118515,0.8630988597869873,0.6845055818557739,0.0,0.0,0.0,0.0,0.0,0.0
438,False,normal,0.12202651798725128,0.8779734969139099,0.6101325750350952,0.0,0.0,0.0,0.0,0.0,0.0
439,True,voltage,0.36899083852767944,1.0,0.844954252243042,1.0,0.0,0.0,0.0,0.0,0.0
440,True,voltage,0.2269035279750824,0.7,0.43451768159866333,0.7,0.0,0.0,0.0,0.0,0.0
441,True,reconstruction,0.3056076169013977,0.8280380964279175,0.8280380964279175,0.7,0.0,0.0,0.0,0.0,0.0
442,True,voltage,0.21539241075515747,0.7,0.3769620358943939,0.7,0.0,0.0,0.0,0.0,0.0
443,False,normal,0.06905863434076309,0.9309413433074951,0.34529316425323486,0.0,0.0,0.0,0.0,0.0,0.0
444,False,normal,0.10074061155319214,0.8992593884468079,0.5037030577659607,0.0,0.0,0.0,0.0,0.0,0.0
445,True,voltage,0.2883373498916626,1.0,0.4416867792606354,1.0,0.0,0.0,0.0,0.0,0.0
446,False,normal,0.10194889456033707,0.8980510830879211,0.5097444653511047,0.0,0.0,0.0,0.0,0.0,0.0
447,False,normal,0.08149954676628113,0.9185004234313965,0.40749773383140564,0.0,0.0,0.0,0.0,0.0,0.0
448,True,voltage,0.3691779375076294,1.0,0.845889687538147,1.0,0.0,0.0,0.0,0.0,0.0
449,False,normal,0.11356605589389801,0.8864339590072632,0.5678302645683289,0.0,0.0,0.0,0.0,0.0,0.0
450,False,normal,0.1167975440621376,0.8832024335861206,0.48314252495765686,0.1008451706965339,0.0,0.0,0.0,0.0,0.0
451,True,frequency,0.2119767665863037,1.0,0.3098837733268738,0.0,0.0,0.0,1.0,0.0,0.0
452,False,normal,0.05943594127893448,0.9405640363693237,0.2971796989440918,0.0,0.0,0.0,0.0,0.0,0.0
453,False,normal,0.09174589812755585,0.908254086971283,0.45872947573661804,0.0,0.0,0.0,0.0,0.0,0.0
454,False,normal,0.10626550763845444,0.8937345147132874,0.5313275456428528,0.0,0.0,0.0,0.0,0.0,0.0
455,True,voltage,0.42457568645477295,1.0,0.8728783130645752,1.0,0.0,0.0,0.0,0.0,1.0
456,True,voltage,0.2827613353729248,1.0,0.41380658745765686,1.0,0.0,0.0,0.0,0.0,0.0
457,False,normal,0.10003503412008286,0.8999649882316589,0.5001751780509949,0.0,0.0,0.0,0.0,0.0,0.0
458,True,frequency,0.22264711558818817,1.0,0.3632355332374573,0.0,0.0,0.0,1.0,0.0,0.0
459,False,normal,0.09601297974586487,0.9039870500564575,0.48006489872932434,0.0,0.0,0.0,0.0,0.0,0.0
460,False,normal,0.2,0.8,1.0,0.0,0.0,0.0,0.0,0.0,0.0
461,False,normal,0.08494620025157928,0.9150537848472595,0.42473098635673523,0.0,0.0,0.0,0.0,0.0,0.0
462,False,normal,0.09747375547885895,0.9025262594223022,0.48736876249313354,0.0,0.0,0.0,0.0,0.0,0.0
463,False,normal,0.11689946800470352,0.8831005096435547,0.584497332572937,0.0,0.0,0.0,0.0,0.0,0.0
464,False,normal,0.08626779168844223,0.9137322306632996,0.43133893609046936,0.0,0.0,0.0,0.0,0.0,0.0
465,True,voltage,0.284570574760437,1.0,0.42285290360450745,1.0,0.0,0.0,0.0,0.0,0.0
466,False,normal,0.16037249565124512,0.8396275043487549,0.8018624782562256,0.0,0.0,0.0,0.0,0.0,0.0
467,True,voltage,0.30391669273376465,1.0,0.5195834636688232,1.0,0.0,0.0,0.0,0.0,0.0
468,True,voltage,0.31902551651000977,1.0,0.595127522945404,1.0,0.0,0.0,0.0,0.0,0.0
469,False,normal,0.05867229029536247,0.941327691078186,0.29336145520210266,0.0,0.0,0.0,0.0,0.0,0.0
470,False,normal,0.0888076052069664,0.9111924171447754,0.4440380334854126,0.0,0.0,0.0,0.0,0.0,0.0
471,False,normal,0.10083921253681183,0.8991608023643494,0.504196047782898,0.0,0.0,0.0,0.0,0.0,0.0
472,False,normal,0.11179440468549728,0.8882055878639221,0.5589720010757446,0.0,0.0,0.0,0.0,0.0,0.0
473,False,normal,0.09235987812280655,0.9076400995254517,0.46179938316345215,0.0,0.0,0.0,0.0,0.0,0.0
474,False,normal,0.08538329601287842,0.9146167039871216,0.4269164800643921,0.0,0.0,0.0,0.0,0.0,0.0
475,False,normal,0.10230927914381027,0.8976907134056091,0.5115463733673096,0.0,0.0,0.0,0.0,0.0,0.0
476,False,normal,0.08589120954275131,0.9141088128089905,0.42945602536201477,0.0,0.0,0.0,0.0,0.0,0.0
477,False,normal,0.14587241411209106,0.8541275858879089,0.7293620705604553,0.0,0.0,0.0,0.0,0.0,0.0
478,False,normal,0.17291836440563202,0.8270816206932068,0.8645918369293213,0.0,0.0,0.0,0.0,0.0,0.0
479,False,normal,0.13338495790958405,0.8666150569915771,0.666924774646759,0.0,0.0,0.0,0.0,0.0,0.0
480,True,reconstruction,0.4,1.0,1.0,1.0,0.0,0.0,0.0,0.0,0.0
481,True,frequency,0.30744895339012146,1.0,0.7872447371482849,0.0,0.0,0.0,1.0,0.0,0.0
482,False,normal,0.11782542616128922,0.882174551486969,0.5891271233558655,0.0,0.0,0.0,0.0,0.0,0.0
483,False,normal,0.05182410404086113,0.9481759071350098,0.25912052392959595,0.0,0.0,0.0,0.0,0.0,0.0
484,False,normal,0.10790234059095383,0.8920976519584656,0.5395116806030273,0.0,0.0,0.0,0.0,0.0,0.0
485,False,normal,0.11545556783676147,0.8845444321632385,0.5772778391838074,0.0,0.0,0.0,0.0,0.0,0.0
486,False,normal,0.07896029949188232,0.9210397005081177,0.3948014974594116,0.0,0.0,0.0,0.0,0.0,0.0
487,False,normal,0.0778283104300499,0.9221717119216919,0.3891415297985077,0.0,0.0,0.0,0.0,0.0,0.0
488,False,normal,0.07742660492658615,0.9225733876228333,0.38713303208351135,0.0,0.0,0.0,0.0,0.0,0.0
489,False,normal,0.10500764846801758,0.8949923515319824,0.5250382423400879,0.0,0.0,0.0,0.0,0.0,0.0
490,False,normal,0.07731994241476059,0.9226800799369812,0.38659971952438354,0.0,0.0,0.0,0.0,0.0,0.0
491,False,normal,0.1644696742296219,0.8355303406715393,0.8223483562469482,0.0,0.0,0.0,0.0,0.0,0.0
492,False,normal,0.07336337864398956,0.9266366362571716,0.3668168783187866,0.0,0.0,0.0,0.0,0.0,0.0
493,False,normal,0.10118599981069565,0.8988140225410461,0.5059300065040588,0.0,0.0,0.0,0.0,0.0,0.0
494,False,normal,0.08740980178117752,0.9125902056694031,0.437049001455307,0.0,0.0,0.0,0.0,0.0,0.0
495,False,normal,0.12795190513134003,0.8720480799674988,0.6397595405578613,0.0,0.0,0.0,0.0,0.0,0.0
496,False,normal,0.11318307369947433,0.8868169188499451,0.5659153461456299,0.0,0.0,0.0,0.0,0.0,0.0
497,False,normal,0.09785088896751404,0.9021490812301636,0.4892544448375702,0.0,0.0,0.0,0.0,0.0,0.0
498,False,normal,0.10125340521335602,0.8987466096878052,0.5062670111656189,0.0,0.0,0.0,0.0,0.0,0.0
499,False,normal,0.11484401673078537,0.885155975818634,0.5742200613021851,0.0,0.0,0.0,0.0,0.0,0.0
500,False,normal,0.08417878299951553,0.9158211946487427,0.42089390754699707,0.0,0.0,0.0,0.0,0.0,0.0
501,False,normal,0.17851388454437256,0.8214861154556274,0.8925694227218628,0.0,0.0,0.0,0.0,0.0,0.0
502,False,normal,0.07376354187726974,0.9262364506721497,0.36881768703460693,0.0,0.0,0.0,0.0,0.0,0.0
503,False,normal,0.09797950834035873,0.9020205140113831,0.4898975193500519,0.0,0.0,0.0,0.0,0.0,0.0
504,False,normal,0.11608386039733887,0.8839161396026611,0.5804193019866943,0.0,0.0,0.0,0.0,0.0,0.0
505,False,normal,0.17997226119041443,0.8200277090072632,0.8998612761497498,0.0,0.0,0.0,0.0,0.0,0.0
506,False,normal,0.07675347477197647,0.9232465028762817,0.38376736640930176,0.0,0.0,0.0,0.0,0.0,0.0
507,False,normal,0.18960082530975342,0.8103991746902466,0.9480041265487671,0.0,0.0,0.0,0.0,0.0,0.0
508,False,normal,0.10025034099817276,0.8997496366500854,0.5012516975402832,0.0,0.0,0.0,0.0,0.0,0.0
509,False,normal,0.1344900131225586,0.8655099868774414,0.672450065612793,0.0,0.0,0.0,0.0,0.0,0.0
510,False,normal,0.1082797572016716,0.8917202353477478,0.5413987636566162,0.0,0.0,0.0,0.0,0.0,0.0
511,False,normal,0.1410594880580902,0.8589404821395874,0.4621286690235138,0.0,0.0,0.0,0.0,0.0,0.9726749317237996
512,False,normal,0.07941841334104538,0.920581579208374,0.3970920443534851,0.0,0.0,0.0,0.0,0.0,0.0
513,False,normal,0.10255713760852814,0.8974428772926331,0.5127856731414795,0.0,0.0,0.0,0.0,0.0,0.0
514,False,normal,0.09726773947477341,0.902732253074646,0.48633867502212524,0.0,0.0,0.0,0.0,0.0,0.0
515,False,normal,0.14041589200496674,0.8595840930938721,0.7020794749259949,0.0,0.0,0.0,0.0,0.0,0.0
516,False,normal,0.09436049312353134,0.9056395292282104,0.4718024432659149,0.0,0.0,0.0,0.0,0.0,0.0
517,False,normal,0.16178244352340698,0.838217556476593,0.8089122176170349,0.0,0.0,0.0,0.0,0.0,0.0
518,False,normal,0.11071368306875229,0.8892863392829895,0.553568422794342,0.0,0.0,0.0,0.0,0.0,0.0
519,False,normal,0.08612783998250961,0.9138721823692322,0.43063920736312866,0.0,0.0,0.0,0.0,0.0,0.0
520,False,normal,0.12145078182220459,0.8785492181777954,0.607253909111023,0.0,0.0,0.0,0.0,0.0,0.0
521,False,normal,0.10129032284021378,0.8987096548080444,0.5064516067504883,0.0,0.0,0.0,0.0,0.0,0.0
522,False,normal,0.10064389556646347,0.8993561267852783,0.503219485282898,0.0,0.0,0.0,0.0,0.0,0.0
523,False,normal,0.12109299004077911,0.8789070248603821,0.35546496510505676,0.0,0.0,0.0,0.0,0.0,1.0
524,False,normal,0.08803949505090714,0.9119604825973511,0.4401974678039551,0.0,0.0,0.0,0.0,0.0,0.0
525,False,normal,0.0651535913348198,0.9348464012145996,0.3257679343223572,0.0,0.0,0.0,0.0,0.0,0.0
526,False,normal,0.06976856291294098,0.9302314519882202,0.3488427996635437,0.0,0.0,0.0,0.0,0.0,0.0
527,False,normal,0.08055433630943298,0.9194456338882446,0.4027716815471649,0.0,0.0,0.0,0.0,0.0,0.0
528,False,normal,0.10800214856863022,0.8919978737831116,0.5400107502937317,0.0,0.0,0.0,0.0,0.0,0.0
529,False,normal,0.08800030499696732,0.9119997024536133,0.440001517534256,0.0,0.0,0.0,0.0,0.0,0.0
530,False,normal,0.10424941033124924,0.8957505822181702,0.5212470293045044,0.0,0.0,0.0,0.0,0.0,0.0
531,False,normal,0.08798196911811829,0.9120180606842041,0.43990984559059143,0.0,0.0,0.0,0.0,0.0,0.0
532,False,normal,0.15930022299289703,0.8406997919082642,0.796501100063324,0.0,0.0,0.0,0.0,0.0,0.0
533,False,normal,0.08419587463140488,0.9158041477203369,0.4209793508052826,0.0,0.0,0.0,0.0,0.0,0.0
534,False,normal,0.09591938555240631,0.9040806293487549,0.47959691286087036,0.0,0.0,0.0,0.0,0.0,0.0
535,False,normal,0.13560102880001068,0.8643989562988281,0.6780051589012146,0.0,0.0,0.0,0.0,0.0,0.0
536,False,normal,0.09215923398733139,0.9078407883644104,0.46079617738723755,0.0,0.0,0.0,0.0,0.0,0.0
537,False,normal,0.08843257278203964,0.9115674495697021,0.4421628415584564,0.0,0.0,0.0,0.0,0.0,0.0
538,False,normal,0.076528400182724,0.9234715700149536,0.38264200091362,0.0,0.0,0.0,0.0,0.0,0.0
539,False,normal,0.15438120067119598,0.8456187844276428,0.7719059586524963,0.0,0.0,0.0,0.0,0.0,0.0
540,False,normal,0.07129024714231491,0.9287097454071045,0.35645121335983276,0.0,0.0,0.0,0.0,0.0,0.0
541,False,normal,0.1140904426574707,0.8859095573425293,0.5704522132873535,0.0,0.0,0.0,0.0,0.0,0.0
542,False,normal,0.10208167880773544,0.8979183435440063,0.5104084014892578,0.0,0.0,0.0,0.0,0.0,0.0
543,False,normal,0.10095113515853882,0.8990488648414612,0.5047556757926941,0.0,0.0,0.0,0.0,0.0,0.0
544,False,normal,0.19092798233032227,0.8090720176696777,0.9546399116516113,0.0,0.0,0.0,0.0,0.0,0.0
545,False,normal,0.10338782519102097,0.8966121673583984,0.516939103603363,0.0,0.0,0.0,0.0,0.0,0.0
546,False,normal,0.10509920120239258,0.8949007987976074,0.5254960060119629,0.0,0.0,0.0,0.0,0.0,0.0
547,False,normal,0.15665483474731445,0.8433451652526855,0.7832741737365723,0.0,0.0,0.0,0.0,0.0,0.0
548,False,normal,0.1025230810046196,0.8974769115447998,0.5126153826713562,0.0,0.0,0.0,0.0,0.0,0.0
549,False,normal,0.0679253414273262,0.9320746660232544,0.3396266996860504,0.0,0.0,0.0,0.0,0.0,0.0
550,False,normal,0.16644935309886932,0.8335506319999695,0.8322467803955078,0.0,0.0,0.0,0.0,0.0,0.0
551,False,normal,0.16933730244636536,0.830662727355957,0.5966864824295044,0.0,0.0,0.0,0.0,0.0,1.0
552,False,normal,0.08198534697294235,0.918014645576477,0.40992671251296997,0.0,0.0,0.0,0.0,0.0,0.0
553,False,normal,0.09069767594337463,0.9093023538589478,0.45348837971687317,0.0,0.0,0.0,0.0,0.0,0.0
554,False,normal,0.18002837896347046,0.8199716210365295,0.9001418948173523,0.0,0.0,0.0,0.0,0.0,0.0
555,False,normal,0.09022176265716553,0.9097782373428345,0.45110881328582764,0.0,0.0,0.0,0.0,0.0,0.0
556,False,normal,0.07969870418310165,0.9203013181686401,0.3984934985637665,0.0,0.0,0.0,0.0,0.0,0.0
557,False,normal,0.2,0.8,1.0,0.0,0.0,0.0,0.0,0.0,0.0
558,False,normal,0.12040316313505173,0.8795968294143677,0.6020157933235168,0.0,0.0,0.0,0.0,0.0,0.0
559,False,normal,0.06932826340198517,0.930671751499176,0.34664130210876465,0.0,0.0,0.0,0.0,0.0,0.0
560,False,normal,0.11251582950353622,0.8874841928482056,0.5625791549682617,0.0,0.0,0.0,0.0,0.0,0.0
561,False,normal,0.09991152584552765,0.9000884890556335,0.49955761432647705,0.0,0.0,0.0,0.0,0.0,0.0
562,False,normal,0.16276703774929047,0.8372329473495483,0.8138351440429688,0.0,0.0,0.0,0.0,0.0,0.0
563,False,normal,0.11201250553131104,0.887987494468689,0.5600625276565552,0.0,0.0,0.0,0.0,0.0,0.0
564,False,normal,0.2,0.8,1.0,0.0,0.0,0.0,0.0,0.0,0.0
565,False,normal,0.06754270195960999,0.9324573278427124,0.3377135097980499,0.0,0.0,0.0,0.0,0.0,0.0
566,False,normal,0.09278740733861923,0.9072126150131226,0.46393701434135437,0.0,0.0,0.0,0.0,0.0,0.0
567,False,normal,0.06341411173343658,0.9365859031677246,0.31707054376602173,0.0,0.0,0.0,0.0,0.0,0.0
568,False,normal,0.09984792768955231,0.9001520872116089,0.49923962354660034,0.0,0.0,0.0,0.0,0.0,0.0
569,False,normal,0.1147489994764328,0.885250985622406,0.4625038504600525,0.11124115553509752,0.0,0.0,0.0,0.0,0.0
570,False,normal,0.09231656789779663,0.9076834321022034,0.46158283948898315,0.0,0.0,0.0,0.0,0.0,0.0
571,False,normal,0.07700804620981216,0.922991931438446,0.3850402235984802,0.0,0.0,0.0,0.0,0.0,0.0
572,False,normal,0.12364500015974045,0.876354992389679,0.6182249784469604,0.0,0.0,0.0,0.0,0.0,0.0
573,False,normal,0.06226047873497009,0.9377394914627075,0.31130239367485046,0.0,0.0,0.0,0.0,0.0,0.0
574,False,normal,0.07719900459051132,0.9228010177612305,0.3859950304031372,0.0,0.0,0.0,0.0,0.0,0.0
575,False,normal,0.09291292726993561,0.9070870876312256,0.46456462144851685,0.0,0.0,0.0,0.0,0.0,0.0
576,False,normal,0.07852753251791,0.9214724898338318,0.3926376700401306,0.0,0.0,0.0,0.0,0.0,0.0
577,False,normal,0.16013114154338837,0.8398688435554504,0.800655722618103,0.0,0.0,0.0,0.0,0.0,0.0
578,False,normal,0.08496315032243729,0.9150368571281433,0.42481574416160583,0.0,0.0,0.0,0.0,0.0,0.0
579,False,normal,0.08360455185174942,0.9163954257965088,0.4180227518081665,0.0,0.0,0.0,0.0,0.0,0.0
580,False,normal,0.15269193053245544,0.8473080396652222,0.7634596228599548,0.0,0.0,0.0,0.0,0.0,0.0
581,False,normal,0.07800960540771484,0.9219903945922852,0.3900480270385742,0.0,0.0,0.0,0.0,0.0,0.0
582,False,normal,0.08574698865413666,0.9142529964447021,0.4287349283695221,0.0,0.0,0.0,0.0,0.0,0.0
583,False,normal,0.2,0.8,1.0,0.0,0.0,0.0,0.0,0.0,0.0
584,False,normal,0.09687557071447372,0.9031244516372681,0.4843778610229492,0.0,0.0,0.0,0.0,0.0,0.0
585,False,normal,0.13920854032039642,0.8607914447784424,0.6960427165031433,0.0,0.0,0.0,0.0,0.0,0.0
586,False,normal,0.08596435189247131,0.9140356779098511,0.42982175946235657,0.0,0.0,0.0,0.0,0.0,0.0
587,False,normal,0.0958295613527298,0.9041704535484314,0.4791477918624878,0.0,0.0,0.0,0.0,0.0,0.0
588,False,normal,0.09128006547689438,0.9087199568748474,0.4564003050327301,0.0,0.0,0.0,0.0,0.0,0.0
589,False,normal,0.11584941297769547,0.8841505646705627,0.5792470574378967,0.0,0.0,0.0,0.0,0.0,0.0
590,False,normal,0.2,0.8,1.0,0.0,0.0,0.0,0.0,0.0,0.0
591,False,normal,0.15829835832118988,0.8417016267776489,0.7914918065071106,0.0,0.0,0.0,0.0,0.0,0.0
592,False,normal,0.08872012794017792,0.9112798571586609,0.4436006247997284,0.0,0.0,0.0,0.0,0.0,0.0
593,False,normal,0.13057801127433777,0.8694219589233398,0.6528900265693665,0.0,0.0,0.0,0.0,0.0,0.0
594,False,normal,0.07946593314409256,0.920534074306488,0.3973296582698822,0.0,0.0,0.0,0.0,0.0,0.0
595,False,normal,0.17680217325687408,0.8231978416442871,0.8840108513832092,0.0,0.0,0.0,0.0,0.0,0.0
596,False,normal,0.08833736926317215,0.9116626381874084,0.44168683886528015,0.0,0.0,0.0,0.0,0.0,0.0
597,False,normal,0.19274038076400757,0.8072596192359924,0.8069508075714111,0.0,0.0,0.0,0.0,0.0,0.6270041642754329
598,False,normal,0.2,0.8,1.0,0.0,0.0,0.0,0.0,0.0,0.0
599,False,normal,0.08339373022317886,0.9166062474250793,0.4169686436653137,0.0,0.0,0.0,0.0,0.0,0.0
600,False,normal,0.13372328877449036,0.866276741027832,0.6686164140701294,0.0,0.0,0.0,0.0,0.0,0.0
601,False,normal,0.07805907726287842,0.9219409227371216,0.3902953863143921,0.0,0.0,0.0,0.0,0.0,0.0
602,False,normal,0.0911807119846344,0.908819317817688,0.455903559923172,0.0,0.0,0.0,0.0,0.0,0.0
603,False,normal,0.11372506618499756,0.8862749338150024,0.5686253309249878,0.0,0.0,0.0,0.0,0.0,0.0
604,False,normal,0.10383550077676773,0.8961644768714905,0.5191774964332581,0.0,0.0,0.0,0.0,0.0,0.0
605,False,normal,0.061405427753925323,0.9385945796966553,0.307027131319046,0.0,0.0,0.0,0.0,0.0,0.0
606,False,normal,0.10629290342330933,0.8937070965766907,0.5314645171165466,0.0,0.0,0.0,0.0,0.0,0.0
607,False,normal,0.06051243469119072,0.9394875764846802,0.3025621771812439,0.0,0.0,0.0,0.0,0.0,0.0
608,False,normal,0.08113861083984375,0.9188613891601562,0.40569305419921875,0.0,0.0,0.0,0.0,0.0,0.0
609,False,normal,0.09478036314249039,0.9052196145057678,0.47390180826187134,0.0,0.0,0.0,0.0,0.0,0.0
610,False,normal,0.16555015742778778,0.834449827671051,0.8277507424354553,0.0,0.0,0.0,0.0,0.0,0.0
611,False,normal,0.10232648998498917,0.897673487663269,0.5116324424743652,0.0,0.0,0.0,0.0,0.0,0.0
612,False,normal,0.06605169922113419,0.933948278427124,0.33025848865509033,0.0,0.0,0.0,0.0,0.0,0.0
613,False,normal,0.07335270196199417,0.9266473054885864,0.36676350235939026,0.0,0.0,0.0,0.0,0.0,0.0
614,False,normal,0.09261830896139145,0.9073817133903503,0.46309155225753784,0.0,0.0,0.0,0.0,0.0,0.0
615,False,normal,0.11859529465436935,0.88140469789505,0.592976450920105,0.0,0.0,0.0,0.0,0.0,0.0
616,False,normal,0.14441938698291779,0.8555806279182434,0.7220969200134277,0.0,0.0,0.0,0.0,0.0,0.0
617,False,normal,0.18303866684436798,0.8169613480567932,0.9151933193206787,0.0,0.0,0.0,0.0,0.0,0.0
618,False,normal,0.10424210876226425,0.8957579135894775,0.5212105512619019,0.0,0.0,0.0,0.0,0.0,0.0
619,False,normal,0.2,0.8,1.0,0.0,0.0,0.0,0.0,0.0,0.0
620,False,normal,0.114478699862957,0.8855212926864624,0.5723934769630432,0.0,0.0,0.0,0.0,0.0,0.0
621,False,normal,0.10756941884756088,0.8924306035041809,0.537847101688385,0.0,0.0,0.0,0.0,0.0,0.0
622,False,normal,0.16117693483829498,0.8388230800628662,0.8058846592903137,0.0,0.0,0.0,0.0,0.0,0.0
623,False,normal,0.08355971425771713,0.9164403080940247,0.41779857873916626,0.0,0.0,0.0,0.0,0.0,0.0
624,False,normal,0.0964663028717041,0.9035336971282959,0.4823315143585205,0.0,0.0,0.0,0.0,0.0,0.0
625,False,normal,0.10482412576675415,0.8951758742332458,0.5241206288337708,0.0,0.0,0.0,0.0,0.0,0.0
626,False,normal,0.11901582777500153,0.8809841871261597,0.5950791239738464,0.0,0.0,0.0,0.0,0.0,0.0
627,False,normal,0.08351480960845947,0.9164851903915405,0.41757404804229736,0.0,0.0,0.0,0.0,0.0,0.0
628,False,normal,0.10915981978178024,0.8908401727676392,0.5457990765571594,0.0,0.0,0.0,0.0,0.0,0.0
629,False,normal,0.09158333390951157,0.9084166884422302,0.4579166769981384,0.0,0.0,0.0,0.0,0.0,0.0
630,False,normal,0.11634308099746704,0.883656919002533,0.5817154049873352,0.0,0.0,0.0,0.0,0.0,0.0
631,False,normal,0.0697164386510849,0.9302835464477539,0.3485821783542633,0.0,0.0,0.0,0.0,0.0,0.0
632,False,normal,0.09010700136423111,0.9098929762840271,0.45053499937057495,0.0,0.0,0.0,0.0,0.0,0.0
633,False,normal,0.0719367191195488,0.9280632734298706,0.3596835732460022,0.0,0.0,0.0,0.0,0.0,0.0
634,False,normal,0.08453637361526489,0.9154636263847351,0.42268186807632446,0.0,0.0,0.0,0.0,0.0,0.0
635,False,normal,0.17478697001934052,0.8252130150794983,0.873934805393219,0.0,0.0,0.0,0.0,0.0,0.0
636,False,normal,0.14834298193454742,0.8516570329666138,0.6136932969093323,0.0,0.0,0.0,0.0,0.0,0.5120865560912009
637,False,normal,0.06622319668531418,0.9337767958641052,0.3311159908771515,0.0,0.0,0.0,0.0,0.0,0.0
638,False,normal,0.2,0.8,1.0,0.0,0.0,0.0,0.0,0.0,0.0
639,False,normal,0.07171296328306198,0.9282870292663574,0.3585648238658905,0.0,0.0,0.0,0.0,0.0,0.0
640,False,normal,0.14555245637893677,0.8544475436210632,0.7277622818946838,0.0,0.0,0.0,0.0,0.0,0.0
641,False,normal,0.10330434143543243,0.8966956734657288,0.516521692276001,0.0,0.0,0.0,0.0,0.0,0.0
642,False,normal,0.11332964152097702,0.8866703510284424,0.5666481852531433,0.0,0.0,0.0,0.0,0.0,0.0
643,False,normal,0.09000957757234573,0.9099904298782349,0.45004788041114807,0.0,0.0,0.0,0.0,0.0,0.0
644,False,normal,0.07732906192541122,0.9226709604263306,0.38664528727531433,0.0,0.0,0.0,0.0,0.0,0.0
645,False,normal,0.09869378060102463,0.9013062119483948,0.49346888065338135,0.0,0.0,0.0,0.0,0.0,0.0
646,False,normal,0.08286534994840622,0.9171346426010132,0.4143267571926117,0.0,0.0,0.0,0.0,0.0,0.0
647,False,normal,0.1607850044965744,0.8392149806022644,0.8039249777793884,0.0,0.0,0.0,0.0,0.0,0.0
648,False,normal,0.1328820288181305,0.8671180009841919,0.4240984618663788,0.11432882023213783,0.0,0.0,0.0,0.0,0.5039312578158729
649,False,normal,0.2,0.8,1.0,0.0,0.0,0.0,0.0,0.0,0.0
650,False,normal,0.08577949553728104,0.9142205119132996,0.4288974702358246,0.0,0.0,0.0,0.0,0.0,0.0
651,False,normal,0.19205161929130554,0.8079483509063721,0.9602580666542053,0.0,0.0,0.0,0.0,0.0,0.0
652,False,normal,0.09495445340871811,0.9050455689430237,0.47477224469184875,0.0,0.0,0.0,0.0,0.0,0.0
653,False,normal,0.09837447851896286,0.9016255140304565,0.4918723702430725,0.0,0.0,0.0,0.0,0.0,0.0
654,False,normal,0.17075511813163757,0.82924485206604,0.8537755608558655,0.0,0.0,0.0,0.0,0.0,0.0
655,False,normal,0.07793109863996506,0.9220688939094543,0.3896554708480835,0.0,0.0,0.0,0.0,0.0,0.0
656,False,normal,0.08034858107566833,0.9196513891220093,0.4017429053783417,0.0,0.0,0.0,0.0,0.0,0.0
657,False,normal,0.09432346373796463,0.905676543712616,0.47161731123924255,0.0,0.0,0.0,0.0,0.0,0.0
658,False,normal,0.08471738547086716,0.9152826070785522,0.423586905002594,0.0,0.0,0.0,0.0,0.0,0.0
659,False,normal,0.09983765333890915,0.9001623392105103,0.49918824434280396,0.0,0.0,0.0,0.0,0.0,0.0
660,False,normal,0.14817014336585999,0.8518298864364624,0.5586525797843933,0.0,0.0,0.0,0.0,0.0,0.7287926479887655
661,False,normal,0.12859101593494415,0.871408998966217,0.6429550647735596,0.0,0.0,0.0,0.0,0.0,0.0
662,False,normal,0.08959224820137024,0.9104077816009521,0.4479612410068512,0.0,0.0,0.0,0.0,0.0,0.0
663,False,normal,0.0661277249455452,0.9338722825050354,0.3306386172771454,0.0,0.0,0.0,0.0,0.0,0.0
664,False,normal,0.10279712826013565,0.8972028493881226,0.5139856338500977,0.0,0.0,0.0,0.0,0.0,0.0
665,False,normal,0.11679630726575851,0.8832036852836609,0.5839815139770508,0.0,0.0,0.0,0.0,0.0,0.0
666,False,normal,0.12604859471321106,0.8739514350891113,0.6302429437637329,0.0,0.0,0.0,0.0,0.0,0.0
667,False,normal,0.11083574593067169,0.8891642689704895,0.5541787147521973,0.0,0.0,0.0,0.0,0.0,0.0
668,False,normal,0.0846630334854126,0.9153369665145874,0.423315167427063,0.0,0.0,0.0,0.0,0.0,0.0
669,False,normal,0.10760332643985748,0.8923966884613037,0.3927046060562134,0.14531202777003946,0.0,0.0,0.0,0.0,0.0
670,False,normal,0.09975256770849228,0.9002474546432495,0.4987628161907196,0.0,0.0,0.0,0.0,0.0,0.0
671,False,normal,0.06996992230415344,0.930030107498169,0.3498496115207672,0.0,0.0,0.0,0.0,0.0,0.0
672,False,normal,0.1298651099205017,0.8701348900794983,0.6493255496025085,0.0,0.0,0.0,0.0,0.0,0.0
673,False,normal,0.09549164772033691,0.9045083522796631,0.47745823860168457,0.0,0.0,0.0,0.0,0.0,0.0
674,False,normal,0.18199323117733002,0.8180067539215088,0.9099661707878113,0.0,0.0,0.0,0.0,0.0,0.0
675,False,normal,0.2,0.8,1.0,0.0,0.0,0.0,0.0,0.0,0.0
676,False,normal,0.11062123626470566,0.8893787860870361,0.5531061887741089,0.0,0.0,0.0,0.0,0.0,0.0
677,False,normal,0.1693645566701889,0.8306354284286499,0.8468227386474609,0.0,0.0,0.0,0.0,0.0,0.0
678,False,normal,0.1199992224574089,0.8800007700920105,0.5999960899353027,0.0,0.0,0.0,0.0,0.0,0.0
679,False,normal,0.12366904318332672,0.8763309717178345,0.6183452010154724,0.0,0.0,0.0,0.0,0.0,0.0
680,False,normal,0.08212272077798843,0.9178772568702698,0.4106135964393616,0.0,0.0,0.0,0.0,0.0,0.0
681,False,normal,0.11037825793027878,0.8896217346191406,0.5518912672996521,0.0,0.0,0.0,0.0,0.0,0.0
682,False,normal,0.15222321450710297,0.8477767705917358,0.761116087436676,0.0,0.0,0.0,0.0,0.0,0.0
683,False,normal,0.10191338509321213,0.8980866074562073,0.5095669031143188,0.0,0.0,0.0,0.0,0.0,0.0
684,False,normal,0.0809784010052681,0.9190216064453125,0.4048919975757599,0.0,0.0,0.0,0.0,0.0,0.0
685,False,normal,0.08549925684928894,0.9145007133483887,0.4274962842464447,0.0,0.0,0.0,0.0,0.0,0.0
686,False,normal,0.09871450066566467,0.9012855291366577,0.49357250332832336,0.0,0.0,0.0,0.0,0.0,0.0
687,False,normal,0.0760234072804451,0.9239766001701355,0.3801170289516449,0.0,0.0,0.0,0.0,0.0,0.0
688,False,normal,0.1615816205739975,0.8384183645248413,0.8079080581665039,0.0,0.0,0.0,0.0,0.0,0.0
689,False,normal,0.08679979294538498,0.9132001996040344,0.4339989423751831,0.0,0.0,0.0,0.0,0.0,0.0
690,False,normal,0.08200716227293015,0.9179928302764893,0.41003578901290894,0.0,0.0,0.0,0.0,0.0,0.0
691,False,normal,0.07911860197782516,0.9208813905715942,0.39559298753738403,0.0,0.0,0.0,0.0,0.0,0.0
692,False,normal,0.09430544823408127,0.9056945443153381,0.47152724862098694,0.0,0.0,0.0,0.0,0.0,0.0
693,False,normal,0.0796409547328949,0.9203590154647827,0.3982047736644745,0.0,0.0,0.0,0.0,0.0,0.0
694,False,normal,0.1387483924627304,0.8612515926361084,0.6937419772148132,0.0,0.0,0.0,0.0,0.0,0.0
695,False,normal,0.08081140369176865,0.9191886186599731,0.40405702590942383,0.0,0.0,0.0,0.0,0.0,0.0
696,False,normal,0.0939508005976677,0.9060491919517517,0.46975401043891907,0.0,0.0,0.0,0.0,0.0,0.0
697,False,normal,0.07781430333852768,0.9221857190132141,0.3890714943408966,0.0,0.0,0.0,0.0,0.0,0.0
698,False,normal,0.17216484248638153,0.8278351426124573,0.8608242273330688,0.0,0.0,0.0,0.0,0.0,0.0
699,False,normal,0.16480275988578796,0.8351972103118896,0.8240137696266174,0.0,0.0,0.0,0.0,0.0,0.0
700,False,normal,0.17310932278633118,0.8268907070159912,0.8655465841293335,0.0,0.0,0.0,0.0,0.0,0.0
701,False,normal,0.07044606655836105,0.9295539259910583,0.3522303104400635,0.0,0.0,0.0,0.0,0.0,0.0
702,False,normal,0.08033972978591919,0.9196602702140808,0.40169864892959595,0.0,0.0,0.0,0.0,0.0,0.0
703,False,normal,0.12422676384449005,0.8757732510566711,0.6211338043212891,0.0,0.0,0.0,0.0,0.0,0.0
704,False,normal,0.08998969942331314,0.9100102782249451,0.4499484896659851,0.0,0.0,0.0,0.0,0.0,0.0
705,False,normal,0.10288293659687042,0.8971170783042908,0.5144146680831909,0.0,0.0,0.0,0.0,0.0,0.0
706,False,normal,0.101168692111969,0.898831307888031,0.505843460559845,0.0,0.0,0.0,0.0,0.0,0.0
707,False,normal,0.12577545642852783,0.8742245435714722,0.6288772821426392,0.0,0.0,0.0,0.0,0.0,0.0
708,False,normal,0.0885530561208725,0.9114469289779663,0.4427652657032013,0.0,0.0,0.0,0.0,0.0,0.0
709,False,normal,0.16483163833618164,0.8351683616638184,0.8241581916809082,0.0,0.0,0.0,0.0,0.0,0.0
710,False,normal,0.0994318351149559,0.9005681872367859,0.4971591532230377,0.0,0.0,0.0,0.0,0.0,0.0
711,False,normal,0.08841793984174728,0.9115820527076721,0.44208967685699463,0.0,0.0,0.0,0.0,0.0,0.0
712,False,normal,0.09705636650323868,0.9029436111450195,0.4852818250656128,0.0,0.0,0.0,0.0,0.0,0.0
713,False,normal,0.07060744613409042,0.9293925762176514,0.3530372083187103,0.0,0.0,0.0,0.0,0.0,0.0
714,False,normal,0.1039612889289856,0.8960387110710144,0.519806444644928,0.0,0.0,0.0,0.0,0.0,0.0
715,False,normal,0.11905069649219513,0.8809493184089661,0.5952534675598145,0.0,0.0,0.0,0.0,0.0,0.0
716,False,normal,0.10231262445449829,0.8976873755455017,0.4049008786678314,0.10666222786352314,0.0,0.0,0.0,0.0,0.0
717,False,normal,0.12049178034067154,0.8795081973075867,0.6024588942527771,0.0,0.0,0.0,0.0,0.0,0.0
718,False,normal,0.0862424448132515,0.9137575626373291,0.4312122166156769,0.0,0.0,0.0,0.0,0.0,0.0
719,False,normal,0.09079056233167648,0.9092094302177429,0.453952819108963,0.0,0.0,0.0,0.0,0.0,0.0
720,False,normal,0.16317133605480194,0.8368286490440369,0.8158566951751709,0.0,0.0,0.0,0.0,0.0,0.0
721,False,normal,0.11073748022317886,0.8892624974250793,0.5536873936653137,0.0,0.0,0.0,0.0,0.0,0.0
722,False,normal,0.08445699512958527,0.9155430197715759,0.42228496074676514,0.0,0.0,0.0,0.0,0.0,0.0
723,False,normal,0.2,0.8,1.0,0.0,0.0,0.0,0.0,0.0,0.0
724,False,normal,0.08790209889411926,0.9120979309082031,0.4395104944705963,0.0,0.0,0.0,0.0,0.0,0.0
725,False,normal,0.2,0.8,1.0,0.0,0.0,0.0,0.0,0.0,0.0
726,False,normal,0.09937690943479538,0.900623083114624,0.4968845248222351,0.0,0.0,0.0,0.0,0.0,0.0
727,False,normal,0.095599465072155,0.9044005274772644,0.4779973030090332,0.0,0.0,0.0,0.0,0.0,0.0
728,False,normal,0.1814328134059906,0.818567156791687,0.9071640372276306,0.0,0.0,0.0,0.0,0.0,0.0
729,False,normal,0.106913261115551,0.8930867314338684,0.5345662832260132,0.0,0.0,0.0,0.0,0.0,0.0
730,False,normal,0.11360806226730347,0.8863919377326965,0.5680403113365173,0.0,0.0,0.0,0.0,0.0,0.0
731,False,normal,0.09215248376131058,0.90784752368927,0.4607624113559723,0.0,0.0,0.0,0.0,0.0,0.0
732,False,normal,0.08208272606134415,0.9179172515869141,0.41041362285614014,0.0,0.0,0.0,0.0,0.0,0.0
733,False,normal,0.08911338448524475,0.9108866453170776,0.44556692242622375,0.0,0.0,0.0,0.0,0.0,0.0
734,False,normal,0.10551512241363525,0.8944848775863647,0.5275756120681763,0.0,0.0,0.0,0.0,0.0,0.0
735,False,normal,0.07253822684288025,0.9274617433547974,0.36269113421440125,0.0,0.0,0.0,0.0,0.0,0.0
736,False,normal,0.07317351549863815,0.9268264770507812,0.365867555141449,0.0,0.0,0.0,0.0,0.0,0.0
737,False,normal,0.08112090080976486,0.9188790917396545,0.4056044816970825,0.0,0.0,0.0,0.0,0.0,0.0
738,False,normal,0.14079926908016205,0.8592007160186768,0.7039963006973267,0.0,0.0,0.0,0.0,0.0,0.0
739,False,normal,0.07768529653549194,0.9223147034645081,0.3884264826774597,0.0,0.0,0.0,0.0,0.0,0.0
740,False,normal,0.15792839229106903,0.8420715928077698,0.7896419167518616,0.0,0.0,0.0,0.0,0.0,0.0
741,False,normal,0.16112706065177917,0.8388729095458984,0.8056352734565735,0.0,0.0,0.0,0.0,0.0,0.0
742,False,normal,0.1574438065290451,0.8425561785697937,0.7872190475463867,0.0,0.0,0.0,0.0,0.0,0.0
743,False,normal,0.2,0.8,1.0,0.0,0.0,0.0,0.0,0.0,0.0
744,False,normal,0.1010211855173111,0.8989788293838501,0.5051059126853943,0.0,0.0,0.0,0.0,0.0,0.0
745,False,normal,0.1036306619644165,0.8963693380355835,0.5181533098220825,0.0,0.0,0.0,0.0,0.0,0.0
746,False,normal,0.0753086507320404,0.9246913194656372,0.376543253660202,0.0,0.0,0.0,0.0,0.0,0.0
747,False,normal,0.10585670918226242,0.894143283367157,0.5292835235595703,0.0,0.0,0.0,0.0,0.0,0.0
748,False,normal,0.10367494821548462,0.8963250517845154,0.5183747410774231,0.0,0.0,0.0,0.0,0.0,0.0
749,False,normal,0.14590077102184296,0.8540992140769958,0.729503870010376,0.0,0.0,0.0,0.0,0.0,0.0
750,False,normal,0.0723688155412674,0.9276311993598938,0.3618440628051758,0.0,0.0,0.0,0.0,0.0,0.0
751,False,normal,0.2,0.8,1.0,0.0,0.0,0.0,0.0,0.0,0.0
752,False,normal,0.11665268242359161,0.8833473324775696,0.5832633972167969,0.0,0.0,0.0,0.0,0.0,0.0
753,False,normal,0.2,0.8,1.0,0.0,0.0,0.0,0.0,0.0,0.0
754,False,normal,0.09624096006155014,0.9037590622901917,0.4812048077583313,0.0,0.0,0.0,0.0,0.0,0.0
755,False,normal,0.09784702956676483,0.902152955532074,0.48923513293266296,0.0,0.0,0.0,0.0,0.0,0.0
756,False,normal,0.09502588957548141,0.904974102973938,0.47512945532798767,0.0,0.0,0.0,0.0,0.0,0.0
757,False,normal,0.10614430159330368,0.8938556909561157,0.5307214856147766,0.0,0.0,0.0,0.0,0.0,0.0
758,False,normal,0.10959494113922119,0.8904050588607788,0.547974705696106,0.0,0.0,0.0,0.0,0.0,0.0
759,False,normal,0.08493303507566452,0.9150669574737549,0.4246651530265808,0.0,0.0,0.0,0.0,0.0,0.0
760,False,normal,0.10489138215780258,0.8951086401939392,0.5244569182395935,0.0,0.0,0.0,0.0,0.0,0.0
761,False,normal,0.07073240727186203,0.9292675852775574,0.35366201400756836,0.0,0.0,0.0,0.0,0.0,0.0
762,False,normal,0.14027062058448792,0.8597294092178345,0.7013530731201172,0.0,0.0,0.0,0.0,0.0,0.0
763,False,normal,0.08845251053571701,0.9115474820137024,0.44226256012916565,0.0,0.0,0.0,0.0,0.0,0.0
764,False,normal,0.2,0.8,1.0,0.0,0.0,0.0,0.0,0.0,0.0
765,False,normal,0.13208191096782684,0.867918074131012,0.6604095101356506,0.0,0.0,0.0,0.0,0.0,0.0
766,False,normal,0.08348406851291656,0.9165159463882446,0.41742032766342163,0.0,0.0,0.0,0.0,0.0,0.0
767,False,normal,0.07738291472196579,0.9226170778274536,0.38691458106040955,0.0,0.0,0.0,0.0,0.0,0.0
768,False,normal,0.17064206302165985,0.829357922077179,0.8532103300094604,0.0,0.0,0.0,0.0,0.0,0.0
769,False,normal,0.12488020956516266,0.8751198053359985,0.6244010329246521,0.0,0.0,0.0,0.0,0.0,0.0
770,False,normal,0.12223049253225327,0.8777695298194885,0.6111524701118469,0.0,0.0,0.0,0.0,0.0,0.0
771,False,normal,0.07564492523670197,0.9243550896644592,0.37822461128234863,0.0,0.0,0.0,0.0,0.0,0.0
772,False,normal,0.08981799334287643,0.910181999206543,0.44908997416496277,0.0,0.0,0.0,0.0,0.0,0.0
773,False,normal,0.18119345605373383,0.818806529045105,0.9059672355651855,0.0,0.0,0.0,0.0,0.0,0.0
774,False,normal,0.1569114476442337,0.8430885672569275,0.6807470917701721,0.10381013977065748,0.0,0.0,0.0,0.0,0.0
775,False,normal,0.08549624681472778,0.9145037531852722,0.4274812340736389,0.0,0.0,0.0,0.0,0.0,0.0
776,False,normal,0.09390127658843994,0.9060987234115601,0.4695063829421997,0.0,0.0,0.0,0.0,0.0,0.0
777,False,normal,0.11825044453144073,0.8817495703697205,0.49032166600227356,0.10093054944652868,0.0,0.0,0.0,0.0,0.0
778,False,normal,0.07297161221504211,0.9270284175872803,0.36485806107521057,0.0,0.0,0.0,0.0,0.0,0.0
779,False,normal,0.16308064758777618,0.836919367313385,0.8154032230377197,0.0,0.0,0.0,0.0,0.0,0.0
780,False,normal,0.08838804811239243,0.9116119742393494,0.4419402480125427,0.0,0.0,0.0,0.0,0.0,0.0
781,False,normal,0.09940624237060547,0.9005937576293945,0.49703121185302734,0.0,0.0,0.0,0.0,0.0,0.0
782,False,normal,0.07662328332662582,0.923376739025116,0.38311639428138733,0.0,0.0,0.0,0.0,0.0,0.0
783,False,normal,0.09406621009111404,0.9059337973594666,0.4703310430049896,0.0,0.0,0.0,0.0,0.0,0.0
784,False,normal,0.11042021960020065,0.8895797729492188,0.5521010756492615,0.0,0.0,0.0,0.0,0.0,0.0
785,False,normal,0.13914476335048676,0.860855221748352,0.6957237720489502,0.0,0.0,0.0,0.0,0.0,0.0
786,False,normal,0.0724584087729454,0.9275416135787964,0.36229202151298523,0.0,0.0,0.0,0.0,0.0,0.0
787,False,normal,0.14767414331436157,0.8523258566856384,0.7383707165718079,0.0,0.0,0.0,0.0,0.0,0.0
788,False,normal,0.0937158614397049,0.9062841534614563,0.4685792922973633,0.0,0.0,0.0,0.0,0.0,0.0
789,False,normal,0.11138123273849487,0.8886187672615051,0.5569061636924744,0.0,0.0,0.0,0.0,0.0,0.0
790,False,normal,0.06620293110609055,0.9337970614433289,0.33101463317871094,0.0,0.0,0.0,0.0,0.0,0.0
791,False,normal,0.1032305359840393,0.8967694640159607,0.5161526799201965,0.0,0.0,0.0,0.0,0.0,0.0
792,False,normal,0.16117340326309204,0.838826596736908,0.8058670163154602,0.0,0.0,0.0,0.0,0.0,0.0
793,False,normal,0.13887642323970795,0.8611235618591309,0.5716326236724854,0.12274950009905197,0.0,0.0,0.0,0.0,0.0
794,False,normal,0.10147085040807724,0.8985291719436646,0.5073542594909668,0.0,0.0,0.0,0.0,0.0,0.0
795,False,normal,0.0837867259979248,0.9162132740020752,0.418933629989624,0.0,0.0,0.0,0.0,0.0,0.0
796,False,normal,0.09284356236457825,0.9071564674377441,0.46421781182289124,0.0,0.0,0.0,0.0,0.0,0.0
797,False,normal,0.2,0.8,1.0,0.0,0.0,0.0,0.0,0.0,0.0
798,False,normal,0.1136840209364891,0.8863160014152527,0.5684201121330261,0.0,0.0,0.0,0.0,0.0,0.0
799,False,normal,0.08690431714057922,0.9130957126617432,0.4345215857028961,0.0,0.0,0.0,0.0,0.0,0.0
800,False,normal,0.07560897618532181,0.9243910312652588,0.37804487347602844,0.0,0.0,0.0,0.0,0.0,0.0
801,False,normal,0.1031331941485405,0.8968667984008789,0.5156659483909607,0.0,0.0,0.0,0.0,0.0,0.0
802,False,normal,0.11754665523767471,0.8824533224105835,0.587733268737793,0.0,0.0,0.0,0.0,0.0,0.0
803,False,normal,0.09885702282190323,0.901142954826355,0.49428510665893555,0.0,0.0,0.0,0.0,0.0,0.0
804,False,normal,0.09880702197551727,0.9011929631233215,0.49403509497642517,0.0,0.0,0.0,0.0,0.0,0.0
805,False,normal,0.10841556638479233,0.8915844559669495,0.5420778393745422,0.0,0.0,0.0,0.0,0.0,0.0
806,False,normal,0.09615567326545715,0.9038443565368652,0.48077836632728577,0.0,0.0,0.0,0.0,0.0,0.0
807,False,normal,0.11548417061567307,0.8845158219337463,0.5774208307266235,0.0,0.0,0.0,0.0,0.0,0.0
808,False,normal,0.18934975564479828,0.8106502294540405,0.9467487335205078,0.0,0.0,0.0,0.0,0.0,0.0
809,False,normal,0.1003868505358696,0.8996131420135498,0.5019342303276062,0.0,0.0,0.0,0.0,0.0,0.0
810,False,normal,0.09263240545988083,0.9073675870895386,0.46316200494766235,0.0,0.0,0.0,0.0,0.0,0.0
811,False,normal,0.12011607736349106,0.8798839449882507,0.6005803942680359,0.0,0.0,0.0,0.0,0.0,0.0
812,False,normal,0.10659608989953995,0.8934038877487183,0.5329804420471191,0.0,0.0,0.0,0.0,0.0,0.0
813,False,normal,0.0781327486038208,0.9218672513961792,0.390663743019104,0.0,0.0,0.0,0.0,0.0,0.0
814,False,normal,0.0850737914443016,0.9149262309074402,0.4253689646720886,0.0,0.0,0.0,0.0,0.0,0.0
815,False,normal,0.07653210312128067,0.9234678745269775,0.38266050815582275,0.0,0.0,0.0,0.0,0.0,0.0
816,False,normal,0.14226363599300385,0.857736349105835,0.7113181948661804,0.0,0.0,0.0,0.0,0.0,0.0
817,False,normal,0.10255127400159836,0.897448718547821,0.51275634765625,0.0,0.0,0.0,0.0,0.0,0.0
818,False,normal,0.17107127606868744,0.8289287090301514,0.8553563356399536,0.0,0.0,0.0,0.0,0.0,0.0
819,False,normal,0.0864737257361412,0.9135262966156006,0.4323686361312866,0.0,0.0,0.0,0.0,0.0,0.0
820,False,normal,0.15479616820812225,0.8452038168907166,0.7739807963371277,0.0,0.0,0.0,0.0,0.0,0.0
821,False,normal,0.1161918044090271,0.8838081955909729,0.5809590220451355,0.0,0.0,0.0,0.0,0.0,0.0
822,False,normal,0.10584922879934311,0.8941507935523987,0.5292461514472961,0.0,0.0,0.0,0.0,0.0,0.0
823,False,normal,0.06409614533185959,0.9359038472175598,0.32048070430755615,0.0,0.0,0.0,0.0,0.0,0.0
824,False,normal,0.08772816509008408,0.9122718572616577,0.438640832901001,0.0,0.0,0.0,0.0,0.0,0.0
825,False,normal,0.09968224912881851,0.9003177285194397,0.49841123819351196,0.0,0.0,0.0,0.0,0.0,0.0
826,False,normal,0.15673820674419403,0.8432617783546448,0.7836909890174866,0.0,0.0,0.0,0.0,0.0,0.0
827,False,normal,0.12155868858098984,0.878441333770752,0.6077934503555298,0.0,0.0,0.0,0.0,0.0,0.0
828,False,normal,0.08998607844114304,0.9100139141082764,0.4499303996562958,0.0,0.0,0.0,0.0,0.0,0.0
829,False,normal,0.2,0.8,1.0,0.0,0.0,0.0,0.0,0.0,0.0
830,False,normal,0.053403377532958984,0.946596622467041,0.2670168876647949,0.0,0.0,0.0,0.0,0.0,0.0
831,False,normal,0.061065491288900375,0.9389345049858093,0.305327445268631,0.0,0.0,0.0,0.0,0.0,0.0
832,False,normal,0.10034044831991196,0.8996595740318298,0.5017022490501404,0.0,0.0,0.0,0.0,0.0,0.0
833,False,normal,0.16498586535453796,0.8350141048431396,0.8249292969703674,0.0,0.0,0.0,0.0,0.0,0.0
834,False,normal,0.12358863651752472,0.8764113783836365,0.6179431676864624,0.0,0.0,0.0,0.0,0.0,0.0
835,False,normal,0.06274452060461044,0.9372555017471313,0.3137225806713104,0.0,0.0,0.0,0.0,0.0,0.0
836,False,normal,0.15468651056289673,0.8453134894371033,0.7734325528144836,0.0,0.0,0.0,0.0,0.0,0.0
837,False,normal,0.06374377757310867,0.9362562298774719,0.31871888041496277,0.0,0.0,0.0,0.0,0.0,0.0
838,False,normal,0.07932963222265244,0.9206703901290894,0.3966481685638428,0.0,0.0,0.0,0.0,0.0,0.0
839,False,normal,0.2,0.8,1.0,0.0,0.0,0.0,0.0,0.0,0.0
840,False,normal,0.09329913556575775,0.906700849533081,0.46649566292762756,0.0,0.0,0.0,0.0,0.0,0.0
841,False,normal,0.09691553562879562,0.9030844569206238,0.4845776855945587,0.0,0.0,0.0,0.0,0.0,0.0
842,False,normal,0.07626079767942429,0.9237391948699951,0.381303995847702,0.0,0.0,0.0,0.0,0.0,0.0
843,False,normal,0.2,0.8,1.0,0.0,0.0,0.0,0.0,0.0,0.0
844,False,normal,0.16272734105587006,0.8372726440429688,0.8136366605758667,0.0,0.0,0.0,0.0,0.0,0.0
845,False,normal,0.18205447494983673,0.8179455399513245,0.9102723598480225,0.0,0.0,0.0,0.0,0.0,0.0
846,False,normal,0.09210103750228882,0.9078989624977112,0.4605051875114441,0.0,0.0,0.0,0.0,0.0,0.0
847,False,normal,0.11719707399606705,0.8828029036521912,0.5859853625297546,0.0,0.0,0.0,0.0,0.0,0.0
848,False,normal,0.1030668243765831,0.8969331979751587,0.5153341293334961,0.0,0.0,0.0,0.0,0.0,0.0
849,False,normal,0.2,0.8,1.0,0.0,0.0,0.0,0.0,0.0,0.0
850,False,normal,0.11947263777256012,0.8805273771286011,0.5973631739616394,0.0,0.0,0.0,0.0,0.0,0.0
851,False,normal,0.17741535604000092,0.8225846290588379,0.8870767951011658,0.0,0.0,0.0,0.0,0.0,0.0
852,False,normal,0.08430764079093933,0.9156923294067383,0.42153820395469666,0.0,0.0,0.0,0.0,0.0,0.0
853,False,normal,0.09233780950307846,0.9076622128486633,0.4616890251636505,0.0,0.0,0.0,0.0,0.0,0.0
854,False,normal,0.09694355726242065,0.9030564427375793,0.48471778631210327,0.0,0.0,0.0,0.0,0.0,0.0
855,False,normal,0.09617746621370316,0.9038225412368774,0.4808873236179352,0.0,0.0,0.0,0.0,0.0,0.0
856,False,normal,0.06692510098218918,0.9330748915672302,0.3346254825592041,0.0,0.0,0.0,0.0,0.0,0.0
857,False,normal,0.14988499879837036,0.8501150012016296,0.7494249939918518,0.0,0.0,0.0,0.0,0.0,0.0
858,False,normal,0.11299573630094528,0.8870042562484741,0.5649786591529846,0.0,0.0,0.0,0.0,0.0,0.0
859,False,normal,0.08021353930234909,0.9197864532470703,0.40106767416000366,0.0,0.0,0.0,0.0,0.0,0.0
860,False,normal,0.07664894312620163,0.9233510494232178,0.38324472308158875,0.0,0.0,0.0,0.0,0.0,0.0
861,False,normal,0.10166197270154953,0.8983380198478699,0.5083098411560059,0.0,0.0,0.0,0.0,0.0,0.0
862,False,normal,0.08236284554004669,0.9176371693611145,0.41181421279907227,0.0,0.0,0.0,0.0,0.0,0.0
863,False,normal,0.0919732078909874,0.9080268144607544,0.4598660469055176,0.0,0.0,0.0,0.0,0.0,0.0
864,False,normal,0.07515209168195724,0.9248479008674622,0.37576043605804443,0.0,0.0,0.0,0.0,0.0,0.0
865,False,normal,0.09053421765565872,0.9094657897949219,0.452671080827713,0.0,0.0,0.0,0.0,0.0,0.0
866,False,normal,0.12100552767515182,0.8789944648742676,0.6050276160240173,0.0,0.0,0.0,0.0,0.0,0.0
867,False,normal,0.08149266988039017,0.9185073375701904,0.40746334195137024,0.0,0.0,0.0,0.0,0.0,0.0
868,False,normal,0.08439027518033981,0.9156097173690796,0.4219513535499573,0.0,0.0,0.0,0.0,0.0,0.0
869,False,normal,0.09632744640111923,0.9036725759506226,0.48163723945617676,0.0,0.0,0.0,0.0,0.0,0.0
870,False,normal,0.2,0.8,1.0,0.0,0.0,0.0,0.0,0.0,0.0
871,False,normal,0.09094293415546417,0.909057080745697,0.45471465587615967,0.0,0.0,0.0,0.0,0.0,0.0
872,False,normal,0.08995747566223145,0.9100425243377686,0.4497873783111572,0.0,0.0,0.0,0.0,0.0,0.0
873,False,normal,0.08171766251325607,0.9182823300361633,0.40858832001686096,0.0,0.0,0.0,0.0,0.0,0.0
874,False,normal,0.2,0.8,1.0,0.0,0.0,0.0,0.0,0.0,0.0
875,False,normal,0.07941462844610214,0.9205853939056396,0.3970731198787689,0.0,0.0,0.0,0.0,0.0,0.0
876,False,normal,0.10833740234375,0.89166259765625,0.54168701171875,0.0,0.0,0.0,0.0,0.0,0.0
877,False,normal,0.14648430049419403,0.8535156846046448,0.7324214577674866,0.0,0.0,0.0,0.0,0.0,0.0
878,False,normal,0.2,0.8,1.0,0.0,0.0,0.0,0.0,0.0,0.0
879,False,normal,0.09187617897987366,0.9081238508224487,0.4593808948993683,0.0,0.0,0.0,0.0,0.0,0.0
880,False,normal,0.0886891633272171,0.9113108515739441,0.4434458017349243,0.0,0.0,0.0,0.0,0.0,0.0
881,False,normal,0.07078037410974503,0.9292196035385132,0.35390186309814453,0.0,0.0,0.0,0.0,0.0,0.0
882,False,normal,0.1380855292081833,0.8619144558906555,0.44042763113975525,0.0,0.0,0.0,0.0,0.0,1.0
883,False,normal,0.2,0.8,1.0,0.0,0.0,0.0,0.0,0.0,0.0
884,False,normal,0.06916613131761551,0.9308338761329651,0.34583064913749695,0.0,0.0,0.0,0.0,0.0,0.0
885,False,normal,0.1274912804365158,0.872508704662323,0.6374563574790955,0.0,0.0,0.0,0.0,0.0,0.0
886,False,normal,0.07544129341840744,0.924558699131012,0.3772064745426178,0.0,0.0,0.0,0.0,0.0,0.0
887,False,normal,0.13397696614265442,0.866023063659668,0.6698848009109497,0.0,0.0,0.0,0.0,0.0,0.0
888,False,normal,0.14042022824287415,0.8595798015594482,0.5758224129676819,0.0,0.0,0.0,0.0,0.0,0.5051149275861604
889,False,normal,0.10972799360752106,0.8902720212936401,0.5486399531364441,0.0,0.0,0.0,0.0,0.0,0.0
890,False,normal,0.10822077840566635,0.8917792439460754,0.37378907203674316,0.0,0.0,0.0,0.0,0.0,0.6692592512557602
891,False,normal,0.18348141014575958,0.8165186047554016,0.9174070358276367,0.0,0.0,0.0,0.0,0.0,0.0
892,True,reconstruction,0.20920167863368988,0.8538498282432556,0.8538498282432556,0.0,0.0,0.0,0.0,0.0,0.7686341766863223
893,False,normal,0.09058857709169388,0.9094114303588867,0.4529428780078888,0.0,0.0,0.0,0.0,0.0,0.0
894,False,normal,0.11550839245319366,0.8844916224479675,0.5775419473648071,0.0,0.0,0.0,0.0,0.0,0.0
895,False,normal,0.08467361330986023,0.9153263568878174,0.42336806654930115,0.0,0.0,0.0,0.0,0.0,0.0
896,False,normal,0.136152446269989,0.863847553730011,0.6807622313499451,0.0,0.0,0.0,0.0,0.0,0.0
897,False,normal,0.07205544412136078,0.927944540977478,0.3602772057056427,0.0,0.0,0.0,0.0,0.0,0.0
898,False,normal,0.13262878358364105,0.8673712015151978,0.6631438732147217,0.0,0.0,0.0,0.0,0.0,0.0
899,False,normal,0.1188136413693428,0.8811863660812378,0.46139585971832275,0.0,0.0,0.0,0.0,0.0,0.530689359280624
900,False,normal,0.08322450518608093,0.9167754650115967,0.41612252593040466,0.0,0.0,0.0,0.0,0.0,0.0
901,False,normal,0.07399445027112961,0.9260055422782898,0.36997222900390625,0.0,0.0,0.0,0.0,0.0,0.0
902,False,normal,0.0742754265666008,0.9257245659828186,0.3713771104812622,0.0,0.0,0.0,0.0,0.0,0.0
903,False,normal,0.0966787189245224,0.9033212661743164,0.4833935797214508,0.0,0.0,0.0,0.0,0.0,0.0
904,False,normal,0.10202696174383163,0.8979730606079102,0.5101348161697388,0.0,0.0,0.0,0.0,0.0,0.0
905,False,normal,0.11347702890634537,0.8865229487419128,0.5673851370811462,0.0,0.0,0.0,0.0,0.0,0.0
906,False,normal,0.08439629524946213,0.9156036972999573,0.42198145389556885,0.0,0.0,0.0,0.0,0.0,0.0
907,False,normal,0.08209174871444702,0.917908251285553,0.4104587435722351,0.0,0.0,0.0,0.0,0.0,0.0
908,False,normal,0.15755492448806763,0.8424450755119324,0.5789027214050293,0.0,0.0,0.0,0.0,0.0,0.8354876047098173
909,False,normal,0.08639375865459442,0.9136062264442444,0.4319687783718109,0.0,0.0,0.0,0.0,0.0,0.0
910,False,normal,0.11329950392246246,0.8867005109786987,0.3969884514808655,0.0,0.0,0.0,0.0,0.0,0.6780363036658124
911,False,normal,0.12338718771934509,0.8766127824783325,0.4586874842643738,0.0,0.0,0.0,0.0,0.0,0.6329938341543524
912,False,normal,0.1258806735277176,0.8741193413734436,0.6294033527374268,0.0,0.0,0.0,0.0,0.0,0.0
913,False,normal,0.13426394760608673,0.8657360672950745,0.5058807730674744,0.0,0.0,0.0,0.0,0.0,0.6617557240117293
914,False,normal,0.08090128749608994,0.9190987348556519,0.4045064449310303,0.0,0.0,0.0,0.0,0.0,0.0
915,False,normal,0.14179915189743042,0.8582008481025696,0.5974427461624146,0.11155300883762878,0.0,0.0,0.0,0.0,0.0
916,False,normal,0.09948551654815674,0.9005144834518433,0.4974275827407837,0.0,0.0,0.0,0.0,0.0,0.0
917,False,normal,0.1243111789226532,0.8756887912750244,0.452375590801239,0.0,0.0,0.0,0.0,0.0,0.6767212409916056
918,True,reconstruction,0.23113657534122467,0.9523219466209412,0.9523219466209412,0.0,0.0,0.0,0.0,0.0,0.8134436917277412
919,False,normal,0.12200915813446045,0.8779908418655396,0.6100457906723022,0.0,0.0,0.0,0.0,0.0,0.0
920,False,normal,0.1282764971256256,0.8717235326766968,0.6413824558258057,0.0,0.0,0.0,0.0,0.0,0.0
921,False,normal,0.09812136739492416,0.9018786549568176,0.49060681462287903,0.0,0.0,0.0,0.0,0.0,0.0
922,False,normal,0.0742780789732933,0.9257219433784485,0.37139037251472473,0.0,0.0,0.0,0.0,0.0,0.0
923,False,normal,0.08845008909702301,0.9115499258041382,0.44225043058395386,0.0,0.0,0.0,0.0,0.0,0.0
924,False,normal,0.09360697120428085,0.9063930511474609,0.46803486347198486,0.0,0.0,0.0,0.0,0.0,0.0
925,False,normal,0.09969422221183777,0.9003057479858398,0.49847111105918884,0.0,0.0,0.0,0.0,0.0,0.0
926,False,normal,0.14943727850914001,0.8505626916885376,0.7471863627433777,0.0,0.0,0.0,0.0,0.0,0.0
927,False,normal,0.0902196541428566,0.9097803235054016,0.4510982632637024,0.0,0.0,0.0,0.0,0.0,0.0
928,False,normal,0.09943437576293945,0.9005656242370605,0.49717187881469727,0.0,0.0,0.0,0.0,0.0,0.0
929,False,normal,0.11055269092321396,0.8894473314285278,0.5527634620666504,0.0,0.0,0.0,0.0,0.0,0.0
930,False,normal,0.0961785688996315,0.9038214087486267,0.4808928370475769,0.0,0.0,0.0,0.0,0.0,0.0
931,False,normal,0.11615227907896042,0.883847713470459,0.5807613730430603,0.0,0.0,0.0,0.0,0.0,0.0
932,False,normal,0.06361730396747589,0.9363827109336853,0.31808650493621826,0.0,0.0,0.0,0.0,0.0,0.0
933,False,normal,0.170161172747612,0.8298388123512268,0.8508058190345764,0.0,0.0,0.0,0.0,0.0,0.0
934,False,normal,0.09409069269895554,0.9059092998504639,0.4704534411430359,0.0,0.0,0.0,0.0,0.0,0.0
935,False,normal,0.0895557776093483,0.9104442000389099,0.4477788805961609,0.0,0.0,0.0,0.0,0.0,0.0
936,False,normal,0.1143733561038971,0.8856266736984253,0.4392852783203125,0.0,0.0,0.0,0.0,0.0,0.5303259167042285
937,False,normal,0.12373322248458862,0.8762667775154114,0.4693277180194855,0.0,0.0,0.0,0.0,0.0,0.5973535732815478
938,False,normal,0.13523606956005096,0.8647639155387878,0.6761803030967712,0.0,0.0,0.0,0.0,0.0,0.0
939,False,normal,0.08385693281888962,0.9161430597305298,0.4192846417427063,0.0,0.0,0.0,0.0,0.0,0.0
940,False,normal,0.10861650854349136,0.8913834691047668,0.5430825352668762,0.0,0.0,0.0,0.0,0.0,0.0
941,False,normal,0.12167996168136597,0.878320038318634,0.6083998084068298,0.0,0.0,0.0,0.0,0.0,0.0
942,True,rate_change,0.23762276768684387,1.0,0.938113808631897,0.0,0.0,0.0,0.0,0.0,1.0
943,False,normal,0.13037198781967163,0.8696280121803284,0.5045730471611023,0.0,0.0,0.0,0.0,0.0,0.5891473932992355
944,False,normal,0.09666208922863007,0.9033378958702087,0.3698003590106964,0.11351009112872693,0.0,0.0,0.0,0.0,0.0
945,False,normal,0.13364481925964355,0.8663551807403564,0.4535152316093445,0.0,0.0,0.0,0.0,0.0,0.8588354849782845
946,False,normal,0.09665706008672714,0.9033429622650146,0.4832853078842163,0.0,0.0,0.0,0.0,0.0,0.0
947,False,normal,0.08640854805707932,0.9135914444923401,0.4320427477359772,0.0,0.0,0.0,0.0,0.0,0.0
948,False,normal,0.0998353511095047,0.9001646637916565,0.4991767406463623,0.0,0.0,0.0,0.0,0.0,0.0
949,False,normal,0.1158500537276268,0.884149968624115,0.5792502760887146,0.0,0.0,0.0,0.0,0.0,0.0
950,False,normal,0.11045171320438385,0.8895483016967773,0.5522585511207581,0.0,0.0,0.0,0.0,0.0,0.0
951,False,normal,0.07940821349620819,0.9205917716026306,0.39704105257987976,0.0,0.0,0.0,0.0,0.0,0.0
952,False,normal,0.1382785141468048,0.8617215156555176,0.6913925409317017,0.0,0.0,0.0,0.0,0.0,0.0
953,False,normal,0.19527332484722137,0.8047266602516174,0.9763666391372681,0.0,0.0,0.0,0.0,0.0,0.0
954,False,normal,0.0978420153260231,0.9021579623222351,0.4892100691795349,0.0,0.0,0.0,0.0,0.0,0.0
955,False,normal,0.09827138483524323,0.901728630065918,0.49135690927505493,0.0,0.0,0.0,0.0,0.0,0.0
956,False,normal,0.06766004860401154,0.9323399662971497,0.3383002281188965,0.0,0.0,0.0,0.0,0.0,0.0
957,False,normal,0.11986343562602997,0.8801365494728088,0.43861010670661926,0.0,0.0,0.0,0.0,0.0,0.6428282329338636
958,False,normal,0.09872632473707199,0.9012736678123474,0.49363163113594055,0.0,0.0,0.0,0.0,0.0,0.0
959,False,normal,0.15714651346206665,0.8428534865379333,0.7857325673103333,0.0,0.0,0.0,0.0,0.0,0.0
960,False,normal,0.1677892953157425,0.8322107195854187,0.8389464616775513,0.0,0.0,0.0,0.0,0.0,0.0
961,False,normal,0.2,0.8,1.0,0.0,0.0,0.0,0.0,0.0,0.0
962,False,normal,0.07591735571622849,0.9240826368331909,0.37958675622940063,0.0,0.0,0.0,0.0,0.0,0.0
963,False,normal,0.1813039481639862,0.8186960220336914,0.9065197110176086,0.0,0.0,0.0,0.0,0.0,0.0
964,False,normal,0.08466853946447372,0.9153314828872681,0.4233427047729492,0.0,0.0,0.0,0.0,0.0,0.0
965,False,normal,0.08157295733690262,0.918427050113678,0.4078647792339325,0.0,0.0,0.0,0.0,0.0,0.0
966,False,normal,0.12680017948150635,0.8731998205184937,0.6340008974075317,0.0,0.0,0.0,0.0,0.0,0.0
967,False,normal,0.1543850153684616,0.8456149697303772,0.7719250917434692,0.0,0.0,0.0,0.0,0.0,0.0
968,False,normal,0.07666051387786865,0.9233394861221313,0.38330256938934326,0.0,0.0,0.0,0.0,0.0,0.0
969,False,normal,0.07689689844846725,0.9231030941009521,0.3844844698905945,0.0,0.0,0.0,0.0,0.0,0.0
970,False,normal,0.07691355049610138,0.9230864644050598,0.3845677375793457,0.0,0.0,0.0,0.0,0.0,0.0
971,False,normal,0.15769587457180023,0.8423041105270386,0.7884793877601624,0.0,0.0,0.0,0.0,0.0,0.0
972,False,normal,0.08445610851049423,0.9155439138412476,0.42228055000305176,0.0,0.0,0.0,0.0,0.0,0.0
973,False,normal,0.1135769709944725,0.8864230513572693,0.5678848624229431,0.0,0.0,0.0,0.0,0.0,0.0
974,False,normal,0.2,0.8,1.0,0.0,0.0,0.0,0.0,0.0,0.0
975,False,normal,0.08544140309095383,0.9145585894584656,0.42720702290534973,0.0,0.0,0.0,0.0,0.0,0.0
976,False,normal,0.12344799190759659,0.8765519857406616,0.6172399520874023,0.0,0.0,0.0,0.0,0.0,0.0
977,False,normal,0.1115652471780777,0.8884347677230835,0.5578262209892273,0.0,0.0,0.0,0.0,0.0,0.0
978,False,normal,0.10435744374990463,0.8956425786018372,0.5217872262001038,0.0,0.0,0.0,0.0,0.0,0.0
979,False,normal,0.12624356150627136,0.8737564086914062,0.6312177777290344,0.0,0.0,0.0,0.0,0.0,0.0
980,False,normal,0.0791754350066185,0.9208245873451233,0.3958771824836731,0.0,0.0,0.0,0.0,0.0,0.0
981,False,normal,0.10646706074476242,0.893532931804657,0.5323352813720703,0.0,0.0,0.0,0.0,0.0,0.0
982,False,normal,0.13301274180412292,0.8669872283935547,0.6650636792182922,0.0,0.0,0.0,0.0,0.0,0.0
983,False,normal,0.10329847782850266,0.8967015147209167,0.5164923667907715,0.0,0.0,0.0,0.0,0.0,0.0
984,False,normal,0.12652292847633362,0.8734771013259888,0.6326146125793457,0.0,0.0,0.0,0.0,0.0,0.0
985,False,normal,0.08545171469449997,0.9145482778549194,0.42725855112075806,0.0,0.0,0.0,0.0,0.0,0.0
986,False,normal,0.16204224526882172,0.8379577398300171,0.810211181640625,0.0,0.0,0.0,0.0,0.0,0.0
987,False,normal,0.07237208634614944,0.9276279211044312,0.3618604242801666,0.0,0.0,0.0,0.0,0.0,0.0
988,False,normal,0.07536708563566208,0.9246329069137573,0.3768354058265686,0.0,0.0,0.0,0.0,0.0,0.0
989,False,normal,0.09092843532562256,0.9090715646743774,0.4546421766281128,0.0,0.0,0.0,0.0,0.0,0.0
990,False,normal,0.07988841086626053,0.9201115965843201,0.39944204688072205,0.0,0.0,0.0,0.0,0.0,0.0
991,True,rate_change,0.20717787742614746,0.9190128392645684,0.8061361908912659,0.0,0.0,0.0,0.0,0.0,0.9190128392645684
992,False,normal,0.10081388801336288,0.8991861343383789,0.504069447517395,0.0,0.0,0.0,0.0,0.0,0.0
993,False,normal,0.06994099915027618,0.930059015750885,0.3497049808502197,0.0,0.0,0.0,0.0,0.0,0.0
994,False,normal,0.07149135321378708,0.9285086393356323,0.3574567437171936,0.0,0.0,0.0,0.0,0.0,0.0
995,False,normal,0.2,0.8,1.0,0.0,0.0,0.0,0.0,0.0,0.0
996,False,normal,0.10182134062051773,0.8981786370277405,0.5091066956520081,0.0,0.0,0.0,0.0,0.0,0.0
997,False,normal,0.0718669593334198,0.9281330108642578,0.359334796667099,0.0,0.0,0.0,0.0,0.0,0.0
998,False,normal,0.09660406410694122,0.90339595079422,0.37553703784942627,0.10748327738167024,0.0,0.0,0.0,0.0,0.0
999,False,normal,0.10432925075292587,0.8956707715988159,0.52164626121521,0.0,0.0,0.0,0.0,0.0,0.0
1000,False,normal,0.09734144061803818,0.9026585817337036,0.4867072105407715,0.0,0.0,0.0,0.0,0.0,0.0
1001,False,normal,0.16867367923259735,0.8313263058662415,0.843368411064148,0.0,0.0,0.0,0.0,0.0,0.0
1002,False,normal,0.09595382213592529,0.9040461778640747,0.47976911067962646,0.0,0.0,0.0,0.0,0.0,0.0
1003,False,normal,0.14924666285514832,0.8507533073425293,0.4962332844734192,0.0,0.0,0.0,0.0,0.0,1.0
1004,False,normal,0.09982366114854813,0.9001763463020325,0.49911829829216003,0.0,0.0,0.0,0.0,0.0,0.0
1005,False,normal,0.2,0.8,1.0,0.0,0.0,0.0,0.0,0.0,0.0
1006,False,normal,0.18967247009277344,0.8103275299072266,0.9483623504638672,0.0,0.0,0.0,0.0,0.0,0.0
1007,False,normal,0.09952577203512192,0.9004742503166199,0.4976288676261902,0.0,0.0,0.0,0.0,0.0,0.0
1008,False,normal,0.11970291286706924,0.880297064781189,0.5985145568847656,0.0,0.0,0.0,0.0,0.0,0.0
1009,False,normal,0.08084210008382797,0.9191579222679138,0.40421047806739807,0.0,0.0,0.0,0.0,0.0,0.0
1010,False,normal,0.16245894134044647,0.8375410437583923,0.8122946619987488,0.0,0.0,0.0,0.0,0.0,0.0
1011,False,normal,0.2,0.8,1.0,0.0,0.0,0.0,0.0,0.0,0.0
1012,False,normal,0.2,0.8,1.0,0.0,0.0,0.0,0.0,0.0,0.0
1013,False,normal,0.10207702219486237,0.8979229927062988,0.5103850960731506,0.0,0.0,0.0,0.0,0.0,0.0
1014,False,normal,0.13156190514564514,0.8684381246566772,0.6578094959259033,0.0,0.0,0.0,0.0,0.0,0.0
1015,False,normal,0.09875458478927612,0.9012454152107239,0.4937729239463806,0.0,0.0,0.0,0.0,0.0,0.0
1016,False,normal,0.12947402894496918,0.8705259561538696,0.6473701596260071,0.0,0.0,0.0,0.0,0.0,0.0
1017,False,normal,0.11133257299661636,0.8886674046516418,0.5566628575325012,0.0,0.0,0.0,0.0,0.0,0.0
1018,False,normal,0.13741134107112885,0.86258864402771,0.6870567202568054,0.0,0.0,0.0,0.0,0.0,0.0
1019,True,reconstruction,0.22078418758429216,1.0,1.0,0.10392093792146076,0.0,0.0,0.0,0.0,0.0
1020,False,normal,0.2,0.8,1.0,0.0,0.0,0.0,0.0,0.0,0.0
1021,False,normal,0.06859400123357773,0.9314060211181641,0.34297001361846924,0.0,0.0,0.0,0.0,0.0,0.0
1022,False,normal,0.19494673609733582,0.8050532341003418,0.9747336506843567,0.0,0.0,0.0,0.0,0.0,0.0
1023,False,normal,0.09742661565542221,0.9025734066963196,0.39980220794677734,0.0,0.0,0.0,0.11644116037508923,0.0,0.0
1024,False,normal,0.10276414453983307,0.8972358703613281,0.5138207077980042,0.0,0.0,0.0,0.0,0.0,0.0
1025,False,normal,0.0907423123717308,0.909257709980011,0.4537115693092346,0.0,0.0,0.0,0.0,0.0,0.0
1026,False,normal,0.09213080257177353,0.9078692197799683,0.46065399050712585,0.0,0.0,0.0,0.0,0.0,0.0
1027,False,normal,0.09036465734243393,0.9096353650093079,0.45182326436042786,0.0,0.0,0.0,0.0,0.0,0.0
1028,False,normal,0.11839152872562408,0.8816084861755371,0.5919576287269592,0.0,0.0,0.0,0.0,0.0,0.0
1029,False,normal,0.10709664970636368,0.8929033279418945,0.5354832410812378,0.0,0.0,0.0,0.0,0.0,0.0
1030,False,normal,0.08116301894187927,0.9188369512557983,0.40581509470939636,0.0,0.0,0.0,0.0,0.0,0.0
1031,False,normal,0.1535421460866928,0.846457839012146,0.5177106857299805,0.0,0.0,0.0,0.0,0.0,1.0
1032,False,normal,0.0846143290400505,0.9153856635093689,0.42307165265083313,0.0,0.0,0.0,0.0,0.0,0.0
1033,False,normal,0.2,0.8,1.0,0.0,0.0,0.0,0.0,0.0,0.0
1034,False,normal,0.11375568062067032,0.8862442970275879,0.568778395652771,0.0,0.0,0.0,0.0,0.0,0.0
1035,False,normal,0.13064616918563843,0.8693538308143616,0.6532308459281921,0.0,0.0,0.0,0.0,0.0,0.0
1036,False,normal,0.06867827475070953,0.9313217401504517,0.3433913588523865,0.0,0.0,0.0,0.0,0.0,0.0
1037,False,normal,0.07175669819116592,0.9282432794570923,0.358783483505249,0.0,0.0,0.0,0.0,0.0,0.0
1038,False,normal,0.08783214539289474,0.9121678471565247,0.43916070461273193,0.0,0.0,0.0,0.0,0.0,0.0
1039,False,normal,0.10546032339334488,0.8945396542549133,0.5273016095161438,0.0,0.0,0.0,0.0,0.0,0.0
1040,False,normal,0.09934808313846588,0.9006519317626953,0.4967404007911682,0.0,0.0,0.0,0.0,0.0,0.0
1041,False,normal,0.09773881733417511,0.9022611975669861,0.48869407176971436,0.0,0.0,0.0,0.0,0.0,0.0
1042,False,normal,0.09803183376789093,0.9019681811332703,0.49015915393829346,0.0,0.0,0.0,0.0,0.0,0.0
1043,False,normal,0.08172273635864258,0.9182772636413574,0.4086136817932129,0.0,0.0,0.0,0.0,0.0,0.0
1044,False,normal,0.10115038603544235,0.898849606513977,0.50575190782547,0.0,0.0,0.0,0.0,0.0,0.0
1045,False,normal,0.10475736856460571,0.8952426314353943,0.5237868428230286,0.0,0.0,0.0,0.0,0.0,0.0
1046,False,normal,0.09001147747039795,0.909988522529602,0.45005738735198975,0.0,0.0,0.0,0.0,0.0,0.0
1047,False,normal,0.08277686685323715,0.9172231554985046,0.41388434171676636,0.0,0.0,0.0,0.0,0.0,0.0
1048,False,normal,0.10322742909193039,0.896772563457489,0.5161371231079102,0.0,0.0,0.0,0.0,0.0,0.0
1049,False,normal,0.06959240138530731,0.9304075837135315,0.34796199202537537,0.0,0.0,0.0,0.0,0.0,0.0
1050,False,normal,0.10972195118665695,0.8902780413627625,0.548609733581543,0.0,0.0,0.0,0.0,0.0,0.0
1051,False,normal,0.11349701881408691,0.8865029811859131,0.5674850940704346,0.0,0.0,0.0,0.0,0.0,0.0
1052,False,normal,0.11940989643335342,0.8805900812149048,0.5970494747161865,0.0,0.0,0.0,0.0,0.0,0.0
1053,False,normal,0.06587520986795425,0.934124767780304,0.3293760418891907,0.0,0.0,0.0,0.0,0.0,0.0
1054,False,normal,0.07504595071077347,0.9249540567398071,0.37522974610328674,0.0,0.0,0.0,0.0,0.0,0.0
1055,False,normal,0.12220364809036255,0.8777963519096375,0.6110182404518127,0.0,0.0,0.0,0.0,0.0,0.0
1056,False,normal,0.0965227410197258,0.9034772515296936,0.4826137125492096,0.0,0.0,0.0,0.0,0.0,0.0
1057,False,normal,0.15386568009853363,0.8461343050003052,0.7693284153938293,0.0,0.0,0.0,0.0,0.0,0.0
1058,False,normal,0.12863647937774658,0.8713635206222534,0.6431823968887329,0.0,0.0,0.0,0.0,0.0,0.0
1059,False,normal,0.16262929141521454,0.8373706936836243,0.8131464123725891,0.0,0.0,0.0,0.0,0.0,0.0
1060,False,normal,0.08806109428405762,0.9119389057159424,0.4403054714202881,0.0,0.0,0.0,0.0,0.0,0.0
1061,False,normal,0.06503775715827942,0.934962272644043,0.3251887857913971,0.0,0.0,0.0,0.0,0.0,0.0
1062,False,normal,0.08471959084272385,0.9152804017066956,0.42359793186187744,0.0,0.0,0.0,0.0,0.0,0.0
1063,False,normal,0.12668153643608093,0.8733184337615967,0.6334076523780823,0.0,0.0,0.0,0.0,0.0,0.0
1064,False,normal,0.07273758202791214,0.9272624254226685,0.3636879026889801,0.0,0.0,0.0,0.0,0.0,0.0
1065,False,normal,0.13464662432670593,0.8653533458709717,0.6732330918312073,0.0,0.0,0.0,0.0,0.0,0.0
1066,False,normal,0.07823191583156586,0.921768069267273,0.3911595642566681,0.0,0.0,0.0,0.0,0.0,0.0
1067,False,normal,0.162989541888237,0.8370104432106018,0.8149477243423462,0.0,0.0,0.0,0.0,0.0,0.0
1068,False,normal,0.10178422182798386,0.8982157707214355,0.5089210867881775,0.0,0.0,0.0,0.0,0.0,0.0
1069,False,normal,0.08932377398014069,0.9106762409210205,0.44661885499954224,0.0,0.0,0.0,0.0,0.0,0.0
1070,False,normal,0.10226739943027496,0.8977326154708862,0.5113369822502136,0.0,0.0,0.0,0.0,0.0,0.0
1071,False,normal,0.07631143927574158,0.923688530921936,0.3815571963787079,0.0,0.0,0.0,0.0,0.0,0.0
1072,False,normal,0.11764772981405258,0.8823522925376892,0.5882386565208435,0.0,0.0,0.0,0.0,0.0,0.0
1073,False,normal,0.09490805864334106,0.9050919413566589,0.4745402932167053,0.0,0.0,0.0,0.0,0.0,0.0
1074,False,normal,0.07959850877523422,0.9204015135765076,0.3979925513267517,0.0,0.0,0.0,0.0,0.0,0.0
1075,False,normal,0.07865329086780548,0.9213467240333557,0.3932664394378662,0.0,0.0,0.0,0.0,0.0,0.0
1076,False,normal,0.12139680236577988,0.8786032199859619,0.60698401927948,0.0,0.0,0.0,0.0,0.0,0.0
1077,False,normal,0.1507294625043869,0.8492705225944519,0.7536473274230957,0.0,0.0,0.0,0.0,0.0,0.0
1078,False,normal,0.08767150342464447,0.9123284816741943,0.43835750222206116,0.0,0.0,0.0,0.0,0.0,0.0
1079,False,normal,0.13004116714000702,0.8699588179588318,0.6502057909965515,0.0,0.0,0.0,0.0,0.0,0.0
1080,False,normal,0.17793069779872894,0.8220692873001099,0.8896534442901611,0.0,0.0,0.0,0.0,0.0,0.0
1081,False,normal,0.08987798541784286,0.9101220369338989,0.4493899345397949,0.0,0.0,0.0,0.0,0.0,0.0
1082,False,normal,0.19654832780361176,0.803451657295227,0.98274165391922,0.0,0.0,0.0,0.0,0.0,0.0
1083,False,normal,0.09424944221973419,0.905750572681427,0.47124719619750977,0.0,0.0,0.0,0.0,0.0,0.0
1084,False,normal,0.09733190387487411,0.9026681184768677,0.48665952682495117,0.0,0.0,0.0,0.0,0.0,0.0
1085,False,normal,0.09690597653388977,0.9030940532684326,0.48452988266944885,0.0,0.0,0.0,0.0,0.0,0.0
1086,False,normal,0.09604596346616745,0.903954029083252,0.48022979497909546,0.0,0.0,0.0,0.0,0.0,0.0
1087,False,normal,0.08227071166038513,0.9177292585372925,0.41135355830192566,0.0,0.0,0.0,0.0,0.0,0.0
1088,False,normal,0.12903770804405212,0.8709622621536255,0.6451885104179382,0.0,0.0,0.0,0.0,0.0,0.0
1089,False,normal,0.09412454813718796,0.9058754444122314,0.4706227481365204,0.0,0.0,0.0,0.0,0.0,0.0
1090,False,normal,0.14374291896820068,0.8562570810317993,0.7187145948410034,0.0,0.0,0.0,0.0,0.0,0.0
1091,False,normal,0.13162460923194885,0.8683754205703735,0.6581230163574219,0.0,0.0,0.0,0.0,0.0,0.0
1092,False,normal,0.07229315489530563,0.9277068376541138,0.3614657521247864,0.0,0.0,0.0,0.0,0.0,0.0
1093,False,normal,0.08984041213989258,0.9101595878601074,0.4492020606994629,0.0,0.0,0.0,0.0,0.0,0.0
1094,False,normal,0.12393311411142349,0.8760668635368347,0.6196655631065369,0.0,0.0,0.0,0.0,0.0,0.0
1095,False,normal,0.09459678828716278,0.905403196811676,0.4729839265346527,0.0,0.0,0.0,0.0,0.0,0.0
1096,False,normal,0.0787477120757103,0.9212523102760315,0.3937385678291321,0.0,0.0,0.0,0.0,0.0,0.0
1097,False,normal,0.11847974359989166,0.8815202713012695,0.5923987030982971,0.0,0.0,0.0,0.0,0.0,0.0
1098,False,normal,0.09299872815608978,0.907001256942749,0.4649936258792877,0.0,0.0,0.0,0.0,0.0,0.0
1099,False,normal,0.15439026057720184,0.845609724521637,0.7719513177871704,0.0,0.0,0.0,0.0,0.0,0.0
1100,False,normal,0.19223624467849731,0.8077637553215027,0.9611812233924866,0.0,0.0,0.0,0.0,0.0,0.0
1101,False,normal,0.06718488782644272,0.9328151345252991,0.3359244167804718,0.0,0.0,0.0,0.0,0.0,0.0
1102,False,normal,0.1102248802781105,0.8897750973701477,0.5511243939399719,0.0,0.0,0.0,0.0,0.0,0.0
1103,False,normal,0.16316692531108856,0.8368330597877502,0.815834641456604,0.0,0.0,0.0,0.0,0.0,0.0
1104,False,normal,0.12544238567352295,0.874557614326477,0.5249821543693542,0.10222975304682816,0.0,0.0,0.0,0.0,0.0
1105,False,normal,0.0662175640463829,0.9337824583053589,0.3310878276824951,0.0,0.0,0.0,0.0,0.0,0.0
1106,False,normal,0.10359181463718414,0.896408200263977,0.5179590582847595,0.0,0.0,0.0,0.0,0.0,0.0
1107,False,normal,0.12703292071819305,0.8729670643806458,0.6351645588874817,0.0,0.0,0.0,0.0,0.0,0.0
1108,False,normal,0.07586909085512161,0.924130916595459,0.37934544682502747,0.0,0.0,0.0,0.0,0.0,0.0
1109,False,normal,0.12168365716934204,0.878316342830658,0.6084182858467102,0.0,0.0,0.0,0.0,0.0,0.0
1110,False,normal,0.07465611398220062,0.9253438711166382,0.3732805550098419,0.0,0.0,0.0,0.0,0.0,0.0
1111,False,normal,0.10024776309728622,0.8997522592544556,0.5012388229370117,0.0,0.0,0.0,0.0,0.0,0.0
1112,False,normal,0.2,0.8,1.0,0.0,0.0,0.0,0.0,0.0,0.0
1113,False,normal,0.0792216882109642,0.9207783341407776,0.3961084485054016,0.0,0.0,0.0,0.0,0.0,0.0
1114,False,normal,0.14476971328258514,0.8552302718162537,0.7238485813140869,0.0,0.0,0.0,0.0,0.0,0.0
1115,False,normal,0.08519306033849716,0.9148069620132446,0.425965279340744,0.0,0.0,0.0,0.0,0.0,0.0
1116,False,normal,0.0663476511836052,0.9336523413658142,0.3317382335662842,0.0,0.0,0.0,0.0,0.0,0.0
1117,False,normal,0.09046048671007156,0.909539520740509,0.4523024260997772,0.0,0.0,0.0,0.0,0.0,0.0
1118,False,normal,0.07487137615680695,0.9251286387443542,0.37435686588287354,0.0,0.0,0.0,0.0,0.0,0.0
1119,False,normal,0.06880389153957367,0.9311960935592651,0.34401944279670715,0.0,0.0,0.0,0.0,0.0,0.0
1120,False,normal,0.0928361639380455,0.9071638584136963,0.4641807973384857,0.0,0.0,0.0,0.0,0.0,0.0
1121,False,normal,0.18276934325695038,0.8172306418418884,0.9138467311859131,0.0,0.0,0.0,0.0,0.0,0.0
1122,False,normal,0.10653221607208252,0.8934677839279175,0.5326610803604126,0.0,0.0,0.0,0.0,0.0,0.0
1123,False,normal,0.1428103893995285,0.8571895956993103,0.7140519618988037,0.0,0.0,0.0,0.0,0.0,0.0
1124,False,normal,0.08171361684799194,0.9182863831520081,0.4085680842399597,0.0,0.0,0.0,0.0,0.0,0.0
1125,False,normal,0.10789934545755386,0.8921006321907043,0.5394967198371887,0.0,0.0,0.0,0.0,0.0,0.0
1126,False,normal,0.07527380436658859,0.9247261881828308,0.37636902928352356,0.0,0.0,0.0,0.0,0.0,0.0
1127,False,normal,0.0876522958278656,0.912347674369812,0.438261479139328,0.0,0.0,0.0,0.0,0.0,0.0
1128,False,normal,0.07168301194906235,0.9283170104026794,0.3280281722545624,0.0,0.0,0.0,0.040515875559350434,0.0,0.0
1129,False,normal,0.08799392729997635,0.9120060801506042,0.43996962904930115,0.0,0.0,0.0,0.0,0.0,0.0
1130,False,normal,0.07727392762899399,0.9227260947227478,0.38636961579322815,0.0,0.0,0.0,0.0,0.0,0.0
1131,False,normal,0.11867453157901764,0.8813254833221436,0.593372642993927,0.0,0.0,0.0,0.0,0.0,0.0
1132,False,normal,0.09660132974386215,0.9033986926078796,0.48300662636756897,0.0,0.0,0.0,0.0,0.0,0.0
1133,False,normal,0.1624649316072464,0.8375350832939148,0.8123246431350708,0.0,0.0,0.0,0.0,0.0,0.0
1134,False,normal,0.10018687695264816,0.8998131155967712,0.500934362411499,0.0,0.0,0.0,0.0,0.0,0.0
1135,False,normal,0.2,0.8,1.0,0.0,0.0,0.0,0.0,0.0,0.0
1136,False,normal,0.09099166840314865,0.9090083241462708,0.45495834946632385,0.0,0.0,0.0,0.0,0.0,0.0
1137,False,normal,0.09367817640304565,0.9063218235969543,0.46839088201522827,0.0,0.0,0.0,0.0,0.0,0.0
1138,False,normal,0.09682802110910416,0.903171956539154,0.4841400980949402,0.0,0.0,0.0,0.0,0.0,0.0
1139,False,normal,0.12742100656032562,0.8725789785385132,0.6371050477027893,0.0,0.0,0.0,0.0,0.0,0.0
1140,False,normal,0.11920404434204102,0.880795955657959,0.5960202217102051,0.0,0.0,0.0,0.0,0.0,0.0
1141,False,normal,0.13386744260787964,0.8661325573921204,0.6693372130393982,0.0,0.0,0.0,0.0,0.0,0.0
1142,False,normal,0.08011939376592636,0.9198806285858154,0.4005969762802124,0.0,0.0,0.0,0.0,0.0,0.0
1143,False,normal,0.1724642515182495,0.8275357484817505,0.8623212575912476,0.0,0.0,0.0,0.0,0.0,0.0
1144,False,normal,0.1077924594283104,0.8922075629234314,0.5389623045921326,0.0,0.0,0.0,0.0,0.0,0.0
1145,False,normal,0.17234177887439728,0.8276582360267639,0.8617088794708252,0.0,0.0,0.0,0.0,0.0,0.0
1146,False,normal,0.0736512616276741,0.9263487458229065,0.3682563006877899,0.0,0.0,0.0,0.0,0.0,0.0
1147,False,normal,0.12329139560461044,0.8767086267471313,0.6164569854736328,0.0,0.0,0.0,0.0,0.0,0.0
1148,False,normal,0.08509185165166855,0.9149081707000732,0.42545923590660095,0.0,0.0,0.0,0.0,0.0,0.0
1149,False,normal,0.0654149278998375,0.9345850944519043,0.32707464694976807,0.0,0.0,0.0,0.0,0.0,0.0
1150,False,normal,0.15260936319828033,0.8473906517028809,0.7630468010902405,0.0,0.0,0.0,0.0,0.0,0.0
1151,False,normal,0.08831129968166351,0.9116886854171753,0.44155648350715637,0.0,0.0,0.0,0.0,0.0,0.0
1152,False,normal,0.08612420409917831,0.9138758182525635,0.43062102794647217,0.0,0.0,0.0,0.0,0.0,0.0
1153,False,normal,0.10756372660398483,0.8924362659454346,0.5378186106681824,0.0,0.0,0.0,0.0,0.0,0.0
1154,False,normal,0.10483688116073608,0.8951631188392639,0.5241844058036804,0.0,0.0,0.0,0.0,0.0,0.0
