timestamp,meter_id,type,zone,consommation_kw,tension_v,courant_a,facteur_puissance,frequency_hz,status,hour,day_of_week,is_weekend,consumption_diff,consumption_rate_change,is_anomaly,anomaly_type,confidence,reconstruction_score,voltage_score,consumption_score,power_factor_score,frequency_score,temporal_score,rate_change_score
2026-05-11 23:15:00,SM_0088,commercial,zone_C,11.738377842855476,233.81340979175684,50.20404027857138,0.9269436351612851,59.77115483116651,normal,23,0,0,-1.6358924735825084,-0.12231639071717237,0,normal,0.17055419087409973,0.8527709245681763,0.0,0.0,0.0,0.0,0.0,0.0
2026-05-11 23:30:00,SM_0088,commercial,zone_C,13.415976129297004,224.76925526891665,59.68777230340496,0.9307499354599951,59.66977248622596,normal,23,0,0,1.677598286441528,0.1429156829759568,0,normal,0.14252837002277374,0.7126418352127075,0.0,0.0,0.0,0.0,0.0,0.0
2026-05-11 23:45:00,SM_0088,commercial,zone_C,13.095321557514797,226.840772862098,57.729134812442915,0.9411091036040833,59.96988852144705,normal,23,0,0,-0.3206545717822067,-0.0239009497849344,0,normal,0.1182311400771141,0.5911557078361511,0.0,0.0,0.0,0.0,0.0,0.0
2026-05-11 00:00:00,SM_0089,residentiel,zone_B,4.221068523364024,235.22914519706387,17.94449629032071,0.8702213583605674,59.95741860941123,normal,0,0,0,0.0,0.0,0,normal,0.07408023625612259,0.37040117383003235,0.0,0.0,0.0,0.0,0.0,0.0
2026-05-11 00:15:00,SM_0089,residentiel,zone_B,4.345845576362416,226.06596165493596,19.223794438350062,0.9173492555586911,59.953886939058066,normal,0,0,0,0.12477705299839226,0.029560537173878965,0,normal,0.10537625849246979,0.5268812775611877,0.0,0.0,0.0,0.0,0.0,0.0
2026-05-11 00:30:00,SM_0089,residentiel,zone_B,4.064732754128604,237.99912777681797,17.07877164129895,0.8883962098563665,59.783059859086954,normal,0,0,0,-0.28111282223381195,-0.06468541444795439,0,normal,0.18543632328510284,0.927181601524353,0.0,0.0,0.0,0.0,0.0,0.0
2026-05-11 00:45:00,SM_0089,residentiel,zone_B,3.9198059928288225,228.10177524367194,17.184460702427465,0.8788023472482459,60.43168253954998,normal,0,0,0,-0.14492676129978177,-0.03565468385408066,0,normal,0.11614127457141876,0.5807063579559326,0.0,0.0,0.0,0.0,0.0,0.0
2026-05-11 01:00:00,SM_0089,residentiel,zone_B,4.08769780410331,229.97631029875006,17.774429891466635,0.8666702369832605,60.03016721970984,normal,1,0,0,0.16789181127448716,0.042831663501112116,0,normal,0.11594990640878677,0.5797495245933533,0.0,0.0,0.0,0.0,0.0,0.0
2026-05-11 01:15:00,SM_0089,residentiel,zone_B,4.1413417640368255,220.0101246652329,18.823414469394468,0.8910856336083761,60.37252826217761,normal,1,0,0,0.053643959933515895,0.013123269503843238,0,normal,0.07227396965026855,0.3613698482513428,0.0,0.0,0.0,0.0,0.0,0.0
2026-05-11 01:30:00,SM_0089,residentiel,zone_B,4.4204542186851015,232.58133122499146,19.006057775156943,0.9077513633323128,59.98784182600525,normal,1,0,0,0.27911245464827594,0.06739662422263049,0,normal,0.09835942834615707,0.49179714918136597,0.0,0.0,0.0,0.0,0.0,0.0
2026-05-11 01:45:00,SM_0089,residentiel,zone_B,4.18643264700731,239.39122153752155,17.487828585022445,0.8980683326119326,59.79282362464058,normal,1,0,0,-0.23402157167779158,-0.052940616529539186,0,normal,0.11360543966293335,0.5680271983146667,0.0,0.0,0.0,0.0,0.0,0.0
2026-05-11 02:00:00,SM_0089,residentiel,zone_B,4.176689708331921,229.89986910352647,18.16742969284211,0.8670622395099783,59.67139441735569,normal,2,0,0,-0.009742938675389112,-0.002327265119708488,0,normal,0.09457718580961227,0.47288593649864197,0.0,0.0,0.0,0.0,0.0,0.0
2026-05-11 02:15:00,SM_0089,residentiel,zone_B,3.972450857649808,233.25579263181274,17.03044890259254,0.8920638508192542,59.940300245508524,normal,2,0,0,-0.2042388506821129,-0.04889969448165721,0,normal,0.1252938210964203,0.626469075679779,0.0,0.0,0.0,0.0,0.0,0.0
2026-05-11 02:30:00,SM_0089,residentiel,zone_B,3.8073663187331714,230.04234088005822,16.550719768228642,0.9076991332814051,59.77921332240761,normal,2,0,0,-0.16508453891663644,-0.0415573520812047,0,normal,0.1719948798418045,0.8599743843078613,0.0,0.0,0.0,0.0,0.0,0.0
2026-05-11 02:45:00,SM_0089,residentiel,zone_B,4.158825901544201,221.0814167740426,18.81128663923278,0.9076402328747448,60.16038924972237,normal,2,0,0,0.35145958281102985,0.09231041969399234,0,normal,0.2,1.0,0.0,0.0,0.0,0.0,0.0,0.0
2026-05-11 03:00:00,SM_0089,residentiel,zone_B,4.224668609078569,230.7237866773212,18.3105030908104,0.9242376661006193,59.94545820170273,normal,3,0,0,0.06584270753436794,0.015832042286242354,0,normal,0.10466127842664719,0.5233063697814941,0.0,0.0,0.0,0.0,0.0,0.0
2026-05-11 03:15:00,SM_0089,residentiel,zone_B,3.905669758048735,233.8403534423073,16.702291544441817,0.8917803106365785,60.16321383322625,normal,3,0,0,-0.3189988510298343,-0.07550860920648883,0,normal,0.06301220506429672,0.3150610029697418,0.0,0.0,0.0,0.0,0.0,0.0
2026-05-11 03:30:00,SM_0089,residentiel,zone_B,4.385424969209854,231.97219207387212,18.904959814378547,0.8881195937399856,59.96064098665479,normal,3,0,0,0.4797552111611192,0.12283558029258579,0,normal,0.2,1.0,0.0,0.0,0.0,0.0,0.0,0.0
2026-05-11 03:45:00,SM_0089,residentiel,zone_B,3.907497559952412,229.13784533067096,17.053043133549004,0.8798296797398765,59.92851691159929,normal,3,0,0,-0.4779274092574419,-0.10898086562031695,0,normal,0.07640395313501358,0.3820197582244873,0.0,0.0,0.0,0.0,0.0,0.0
2026-05-11 04:00:00,SM_0089,residentiel,zone_B,3.866931100261278,235.212403805243,16.440166580088672,0.9100012453310429,60.07642352449206,normal,4,0,0,-0.04056645969113415,-0.01038169802251343,0,normal,0.0727614313364029,0.36380714178085327,0.0,0.0,0.0,0.0,0.0,0.0
2026-05-11 04:15:00,SM_0089,residentiel,zone_B,4.241738449311012,235.81071246436989,17.9878954818557,0.8912756983101522,59.96670093699414,normal,4,0,0,0.3748073490497341,0.09692630650295508,0,normal,0.16866041719913483,0.8433020710945129,0.0,0.0,0.0,0.0,0.0,0.0
2026-05-11 04:30:00,SM_0089,residentiel,zone_B,3.8128758034851167,228.62606909176944,16.677344882987278,0.8633230134130088,59.99101711045859,normal,4,0,0,-0.4288626458258955,-0.10110539604240709,0,normal,0.09338225424289703,0.466911256313324,0.0,0.0,0.0,0.0,0.0,0.0
2026-05-11 04:45:00,SM_0089,residentiel,zone_B,3.9583069734169434,232.787722622955,17.003933578697325,0.903790872785002,60.033397528951056,normal,4,0,0,0.1454311699318267,0.03814212091537228,0,normal,0.10463301092386246,0.5231650471687317,0.0,0.0,0.0,0.0,0.0,0.0
2026-05-11 05:00:00,SM_0089,residentiel,zone_B,3.974663069367289,225.94295027857825,17.59144538241487,0.8971631941948857,59.779713322823255,normal,5,0,0,0.016356095950345484,0.004132093862398545,0,normal,0.08916126936674118,0.4458063542842865,0.0,0.0,0.0,0.0,0.0,0.0
2026-05-11 05:15:00,SM_0089,residentiel,zone_B,3.9811271592965856,229.33127168532155,17.359722161046207,0.8808520602746591,59.9649981889561,normal,5,0,0,0.006464089929296701,0.0016263239968981047,0,normal,0.10148736089468002,0.5074368119239807,0.0,0.0,0.0,0.0,0.0,0.0
2026-05-11 05:30:00,SM_0089,residentiel,zone_B,3.9939458219983353,241.33110787885914,16.54965187497989,0.9041329194298295,60.22829639663264,normal,5,0,0,0.012818662701749695,0.003219857640521795,0,normal,0.08826171606779099,0.4413085877895355,0.0,0.0,0.0,0.0,0.0,0.0
2026-05-11 05:45:00,SM_0089,residentiel,zone_B,4.03931416301214,238.03726911104124,16.969250983667827,0.9069412449241863,59.96350585157835,normal,5,0,0,0.0453683410138046,0.011359278026236375,0,normal,0.12764787673950195,0.6382393836975098,0.0,0.0,0.0,0.0,0.0,0.0
2026-05-11 06:00:00,SM_0089,residentiel,zone_B,4.2512825198859625,234.0994728909743,18.16015417457128,0.8821572530292536,60.36408193111953,normal,6,0,0,0.21196835687382265,0.05247632353403198,0,normal,0.10057568550109863,0.5028784275054932,0.0,0.0,0.0,0.0,0.0,0.0
2026-05-11 06:15:00,SM_0089,residentiel,zone_B,4.335131701646124,221.98712906227573,19.528752500015248,0.9387622340918443,59.87214973518277,normal,6,0,0,0.08384918176016143,0.0197232673594252,0,normal,0.14461539685726166,0.7230769395828247,0.0,0.0,0.0,0.0,0.0,0.0
2026-05-11 06:30:00,SM_0089,residentiel,zone_B,3.9091765653365336,231.68494041547683,16.87281252862733,0.8983672763213202,60.258385105342555,normal,6,0,0,-0.42595513630959037,-0.09825656188204102,0,normal,0.09705207496881485,0.48526036739349365,0.0,0.0,0.0,0.0,0.0,0.0
2026-05-11 06:45:00,SM_0089,residentiel,zone_B,4.172263366830491,235.78453828172906,17.695237343532803,0.9021073665612,60.49770449129096,normal,6,0,0,0.2630868014939578,0.06729980012333092,0,normal,0.09830325841903687,0.4915162920951843,0.0,0.0,0.0,0.0,0.0,0.0
2026-05-11 07:00:00,SM_0089,residentiel,zone_B,3.9581804771724496,221.39311736737665,17.878516388584476,0.9118459540863144,60.25304653728626,normal,7,0,0,-0.2140828896580418,-0.05131097220755565,0,normal,0.15555183589458466,0.7777591347694397,0.0,0.0,0.0,0.0,0.0,0.0
2026-05-11 07:15:00,SM_0089,residentiel,zone_B,4.027382011280196,225.23107978548862,17.881111324049495,0.9486597624887514,59.710959340495414,normal,7,0,0,0.0692015341077461,0.01748316796236149,0,normal,0.09438388049602509,0.47191938757896423,0.0,0.0,0.0,0.0,0.0,0.0
2026-05-11 07:30:00,SM_0089,residentiel,zone_B,4.276916493301561,232.1328934073278,18.424431068443102,0.9093518343545774,59.656172991999526,normal,7,0,0,0.24953448202136563,0.06195947673263946,0,normal,0.10599539428949356,0.5299769639968872,0.0,0.0,0.0,0.0,0.0,0.0
2026-05-11 07:45:00,SM_0089,residentiel,zone_B,3.7847424985750826,230.21231046215829,16.440226376152935,0.8911535849412916,59.727312515926975,normal,7,0,0,-0.4921739947264787,-0.11507683058514562,0,normal,0.11418601125478745,0.5709300637245178,0.0,0.0,0.0,0.0,0.0,0.0
2026-05-11 08:00:00,SM_0089,residentiel,zone_B,4.223394499217855,230.54297642127196,18.31933709184197,0.8794907386093765,59.98186976581384,normal,8,0,0,0.43865200064277277,0.1159000911707786,0,normal,0.09219328314065933,0.46096640825271606,0.0,0.0,0.0,0.0,0.0,0.0
2026-05-11 08:15:00,SM_0089,residentiel,zone_B,3.972102826867925,229.56513060488686,17.302727188583617,0.9498120382675207,59.878784729629466,normal,8,0,0,-0.25129167234993055,-0.05949992888338229,0,normal,0.07350853830575943,0.36754268407821655,0.0,0.0,0.0,0.0,0.0,0.0
2026-05-11 08:30:00,SM_0089,residentiel,zone_B,3.7751980420618527,225.91229424195913,16.71090125807185,0.9499642810436928,59.94725555958533,normal,8,0,0,-0.1969047848060721,-0.04957192534749533,0,normal,0.11722564697265625,0.5861282348632812,0.0,0.0,0.0,0.0,0.0,0.0
2026-05-11 08:45:00,SM_0089,residentiel,zone_B,4.316418721072065,229.94230150506667,18.7717470548887,0.9000583975761914,59.94375967893722,normal,8,0,0,0.5412206790102121,0.14336219530210936,0,normal,0.08808565139770508,0.4404282569885254,0.0,0.0,0.0,0.0,0.0,0.0
2026-05-11 09:00:00,SM_0089,residentiel,zone_B,4.053186802817014,225.6276110921244,17.96405494521717,0.8895081619658849,59.49103329849404,normal,9,0,0,-0.2632319182550509,-0.0609838700240074,0,normal,0.12844116985797882,0.6287557482719421,0.0,0.0,0.0,0.017933403011923588,0.0,0.0
2026-05-11 09:15:00,SM_0089,residentiel,zone_B,4.352380927888906,237.47561433423513,18.32769625669079,0.9020006400751197,60.08786010214199,normal,9,0,0,0.29919412507189236,0.07381700859776519,0,normal,0.08957511186599731,0.4478755593299866,0.0,0.0,0.0,0.0,0.0,0.0
2026-05-11 09:30:00,SM_0089,residentiel,zone_B,4.030444611072966,227.0482546375315,17.751489072256124,0.8931102551409592,60.133388743358864,normal,9,0,0,-0.3219363168159406,-0.07396786314200066,0,normal,0.0918542742729187,0.4592713713645935,0.0,0.0,0.0,0.0,0.0,0.0
2026-05-11 09:45:00,SM_0089,residentiel,zone_B,4.286330867990638,228.85277212014796,18.72964364067353,0.87577672236879,60.197623200148726,normal,9,0,0,0.2558862569176723,0.06348834473860965,0,normal,0.15138942003250122,0.7569471001625061,0.0,0.0,0.0,0.0,0.0,0.0
2026-05-11 10:00:00,SM_0089,residentiel,zone_B,4.5091197291238405,230.28365861932423,19.58071951852105,0.859022462051488,60.30105797807399,normal,10,0,0,0.2227888611332025,0.051976589767472214,0,normal,0.10641486942768097,0.5320743322372437,0.0,0.0,0.0,0.0,0.0,0.0
2026-05-11 10:15:00,SM_0089,residentiel,zone_B,4.310117754032301,234.674233663178,18.366386828042245,0.8665306669694782,59.76169041072052,normal,10,0,0,-0.19900197509153994,-0.04413322046123791,0,normal,0.11780788749456406,0.5890394449234009,0.0,0.0,0.0,0.0,0.0,0.0
2026-05-11 10:30:00,SM_0089,residentiel,zone_B,4.458360938156286,232.34015056650568,19.188938835090028,0.9403742599782491,59.57980377379864,normal,10,0,0,0.1482431841239853,0.034394230641447754,0,normal,0.08029992878437042,0.4014996290206909,0.0,0.0,0.0,0.0,0.0,0.0
2026-05-11 10:45:00,SM_0089,residentiel,zone_B,3.987372236334547,230.73558544492275,17.28113255112244,0.9191959113365893,59.74962235814643,normal,10,0,0,-0.4709887018217387,-0.1056416715369195,0,normal,0.06654569506645203,0.33272847533226013,0.0,0.0,0.0,0.0,0.0,0.0
2026-05-11 11:00:00,SM_0089,residentiel,zone_B,4.1307702800495,235.6214320560524,17.531386020380452,0.9035877045671789,60.038188792436706,normal,11,0,0,0.1433980437149529,0.03596304413424267,0,normal,0.09180242568254471,0.45901212096214294,0.0,0.0,0.0,0.0,0.0,0.0
2026-05-11 11:15:00,SM_0089,residentiel,zone_B,4.2336093165725135,226.6599497764745,18.67824166001791,0.947642286102344,60.0643935657484,normal,11,0,0,0.1028390365230134,0.024895849817574645,0,normal,0.09511982649564743,0.47559911012649536,0.0,0.0,0.0,0.0,0.0,0.0
2026-05-11 11:30:00,SM_0089,residentiel,zone_B,4.144278951475217,226.83858635511032,18.26972658429218,0.9391743336615044,60.04524396440019,normal,11,0,0,-0.08933036509729675,-0.021100285457992585,0,normal,0.10949156433343887,0.5474578142166138,0.0,0.0,0.0,0.0,0.0,0.0
2026-05-11 11:45:00,SM_0089,residentiel,zone_B,4.274104411378171,234.04890195252096,18.261587111590952,0.897588921690324,60.1086172259445,normal,11,0,0,0.12982545990295424,0.03132642889705606,0,normal,0.1679212749004364,0.8396063446998596,0.0,0.0,0.0,0.0,0.0,0.0
2026-05-11 12:00:00,SM_0089,residentiel,zone_B,4.323319783923264,233.4492539202122,18.519312918433567,0.8987392308991291,60.41436867079874,normal,12,0,0,0.049215372545092784,0.01151478012892615,0,normal,0.09395653009414673,0.46978265047073364,0.0,0.0,0.0,0.0,0.0,0.0
2026-05-11 12:15:00,SM_0089,residentiel,zone_B,3.983765173828981,226.6286775915824,17.578380707000818,0.8525613649970156,60.094631366783,normal,12,0,0,-0.3395546100942828,-0.07854024848149188,0,normal,0.10594568401575089,0.5297284126281738,0.0,0.0,0.0,0.0,0.0,0.0
2026-05-11 12:30:00,SM_0089,residentiel,zone_B,4.129656642961184,227.27863415974852,18.170016984784194,0.8694017960284941,59.79610204576639,normal,12,0,0,0.14589146913220263,0.03662150321776614,0,normal,0.1006353497505188,0.503176748752594,0.0,0.0,0.0,0.0,0.0,0.0
2026-05-11 12:45:00,SM_0089,residentiel,zone_B,4.1496275568398175,229.88283143251257,18.05105466546351,0.8993301174048867,59.996592064400375,normal,12,0,0,0.019970913878633922,0.004835974417551903,0,normal,0.12759609520435333,0.6379804611206055,0.0,0.0,0.0,0.0,0.0,0.0
2026-05-11 13:00:00,SM_0089,residentiel,zone_B,4.455646649593453,243.65021527543635,18.287062232046587,0.8508370770021898,60.42336617212507,normal,13,0,0,0.30601909275363504,0.07374615879664304,0,normal,0.11215606331825256,0.4420827627182007,0.11869752413422915,0.0,0.0,0.0,0.0,0.0
2026-05-11 13:15:00,SM_0089,residentiel,zone_B,3.8491410236747443,226.79477159995244,16.97191252038348,0.9248773696200651,60.15436641971414,normal,13,0,0,-0.6065056259187083,-0.13612067419530405,0,normal,0.14852260053157806,0.7426129579544067,0.0,0.0,0.0,0.0,0.0,0.0
2026-05-11 13:30:00,SM_0089,residentiel,zone_B,4.548041988140329,229.98577480385723,19.77531867794482,0.9243708800261027,60.03624070125638,normal,13,0,0,0.6989009644655848,0.181573228979371,0,normal,0.14663149416446686,0.7331574559211731,0.0,0.0,0.0,0.0,0.0,0.0
2026-05-11 13:45:00,SM_0089,residentiel,zone_B,3.9673626816659455,238.93709920464585,16.60421380719937,0.928156944042519,59.66734777894109,normal,13,0,0,-0.5806793064743836,-0.1276767690334848,0,normal,0.15285156667232513,0.7642578482627869,0.0,0.0,0.0,0.0,0.0,0.0
2026-05-11 14:00:00,SM_0089,residentiel,zone_B,4.249145376169611,227.54899133428594,18.673540810942594,0.9367412644342725,60.2162126074707,normal,14,0,0,0.2817826945036659,0.07102519157269027,0,normal,0.1379081904888153,0.6895409226417542,0.0,0.0,0.0,0.0,0.0,0.0
2026-05-11 14:15:00,SM_0089,residentiel,zone_B,4.154761155858756,227.14211582692553,18.29146101212045,0.8672478199792003,60.18639888838083,normal,14,0,0,-0.09438422031085558,-0.02221251850788364,0,normal,0.061811815947294235,0.3090590834617615,0.0,0.0,0.0,0.0,0.0,0.0
2026-05-11 14:30:00,SM_0089,residentiel,zone_B,3.5096123315465504,235.24545735672467,14.918937738400606,0.9164065032427519,60.15007108142439,normal,14,0,0,-0.6451488243122054,-0.15527940117627737,0,normal,0.11668805032968521,0.5834402441978455,0.0,0.0,0.0,0.0,0.0,0.0
2026-05-11 14:45:00,SM_0089,residentiel,zone_B,4.293401841759468,223.6037074296004,19.200942109205442,0.8521223232918399,60.229472795088995,normal,14,0,0,0.7837895102129173,0.22332652047285562,0,normal,0.08143504709005356,0.4071752429008484,0.0,0.0,0.0,0.0,0.0,0.0
2026-05-11 15:00:00,SM_0089,residentiel,zone_B,4.054836046004723,235.63550370215464,17.20808614278293,0.8961763217868056,59.84445164480483,normal,15,0,0,-0.23856579575474512,-0.05556568067641654,0,normal,0.2,1.0,0.0,0.0,0.0,0.0,0.0,0.0
2026-05-11 15:15:00,SM_0089,residentiel,zone_B,4.341655518916921,229.87866789279468,18.886726457548807,0.8623398848396477,60.08777932332069,normal,15,0,0,0.28681947291219867,0.07073515911816086,0,normal,0.06419698894023895,0.32098492980003357,0.0,0.0,0.0,0.0,0.0,0.0
2026-05-11 15:30:00,SM_0089,residentiel,zone_B,4.134564925659188,234.83617500158857,17.606167046585643,0.8937339919896252,60.160510247266494,normal,15,0,0,-0.2070905932577336,-0.047698531667338506,0,normal,0.09522026032209396,0.476101279258728,0.0,0.0,0.0,0.0,0.0,0.0
2026-05-11 15:45:00,SM_0089,residentiel,zone_B,3.916091417826072,236.78517130486603,16.538583882788927,0.8584453283996921,59.73410273892947,normal,15,0,0,-0.21847350783311548,-0.052840749090010575,0,normal,0.08326747268438339,0.41633734107017517,0.0,0.0,0.0,0.0,0.0,0.0
2026-05-11 16:00:00,SM_0089,residentiel,zone_B,4.061110242875882,213.71633752132868,19.002338754146894,0.8615693392853929,59.64798501385021,normal,16,0,0,0.14501882504981012,0.03703152188676784,0,normal,0.14056912064552307,0.5612485408782959,0.14159706503192449,0.0,0.0,0.0,0.0,0.0
2026-05-11 16:15:00,SM_0089,residentiel,zone_B,4.290130791547798,232.14955410456182,18.480030289506793,0.8845687467585045,59.93205064509437,normal,16,0,0,0.22902054867191612,0.056393580812948985,0,normal,0.07299692928791046,0.3649846315383911,0.0,0.0,0.0,0.0,0.0,0.0
2026-05-11 16:30:00,SM_0089,residentiel,zone_B,4.2957668786889185,224.3048650260743,19.151465476192666,0.942233786881782,60.07141567316197,normal,16,0,0,0.005636087141120072,0.0013137331738752867,0,normal,0.14932933449745178,0.7466466426849365,0.0,0.0,0.0,0.0,0.0,0.0
2026-05-11 16:45:00,SM_0089,residentiel,zone_B,3.9265440484880427,236.06050364640072,16.63363412275729,0.8784525508920472,60.093036843804704,normal,16,0,0,-0.36922283020087576,-0.08595038805121658,0,normal,0.09069202840328217,0.45346012711524963,0.0,0.0,0.0,0.0,0.0,0.0
2026-05-11 17:00:00,SM_0089,residentiel,zone_B,4.440569039069338,226.6337104365897,19.593594573883014,0.9200504086011245,60.095427041868085,normal,17,0,0,0.5140249905812952,0.1309102824860009,0,normal,0.08571353554725647,0.42856767773628235,0.0,0.0,0.0,0.0,0.0,0.0
2026-05-11 17:15:00,SM_0089,residentiel,zone_B,4.319027791623349,232.91242315582588,18.543569866746786,0.9418241858369499,59.76429074057618,normal,17,0,0,-0.12154124744598871,-0.027370646954621325,0,normal,0.08801313489675522,0.4400656521320343,0.0,0.0,0.0,0.0,0.0,0.0
2026-05-11 17:30:00,SM_0089,residentiel,zone_B,4.1144017887115085,234.95127951391962,17.51172326970772,0.8588588965759196,59.684416835762306,normal,17,0,0,-0.20462600291184074,-0.04737779259228381,0,normal,0.10401802510023117,0.5200901031494141,0.0,0.0,0.0,0.0,0.0,0.0
2026-05-11 17:45:00,SM_0089,residentiel,zone_B,4.119037751882027,233.9300833301078,17.60798651137782,0.9268436291454969,60.008828938651135,normal,17,0,0,0.004635963170518842,0.0011267648150548037,0,normal,0.11033665388822556,0.551683247089386,0.0,0.0,0.0,0.0,0.0,0.0
2026-05-11 18:00:00,SM_0089,residentiel,zone_B,4.48875052715028,227.99521520138325,19.687915481846687,0.8896580794992093,59.91632934340549,normal,18,0,0,0.36971277526825297,0.08975707374843256,0,normal,0.09098880738019943,0.45494401454925537,0.0,0.0,0.0,0.0,0.0,0.0
2026-05-11 18:15:00,SM_0089,residentiel,zone_B,4.205578017082341,225.95656532942672,18.612329369367703,0.8778420515598739,59.714239968120935,normal,18,0,0,-0.2831725100679394,-0.06308492939297161,0,normal,0.1735694855451584,0.8678474426269531,0.0,0.0,0.0,0.0,0.0,0.0
2026-05-11 18:30:00,SM_0089,residentiel,zone_B,4.395727912709982,231.07126746716935,19.023256162017322,0.9364028226124808,60.11838386753508,normal,18,0,0,0.19014989562764129,0.045213736341422006,0,normal,0.10765675455331802,0.5382837653160095,0.0,0.0,0.0,0.0,0.0,0.0
2026-05-11 18:45:00,SM_0089,residentiel,zone_B,3.6450691562946713,232.81646892602487,15.656405979822914,0.8562620590226653,59.91052645723288,normal,18,0,0,-0.7506587564153109,-0.17077006842139308,0,normal,0.1502179354429245,0.7510896921157837,0.0,0.0,0.0,0.0,0.0,0.0
2026-05-11 19:00:00,SM_0089,residentiel,zone_B,3.880823005668864,230.75746494940648,16.81775714826705,0.9116433222551062,59.85709289249577,normal,19,0,0,0.23575384937419264,0.0646774695528256,0,normal,0.14776171743869781,0.7388085722923279,0.0,0.0,0.0,0.0,0.0,0.0
2026-05-11 19:15:00,SM_0089,residentiel,zone_B,3.708367148116935,225.52515183767645,16.44325308241478,0.8708899868412512,60.015460110254054,normal,19,0,0,-0.17245585755192883,-0.04443796001518652,0,normal,0.1455312818288803,0.7276564240455627,0.0,0.0,0.0,0.0,0.0,0.0
2026-05-11 19:30:00,SM_0089,residentiel,zone_B,4.2055939416986865,226.89572312852297,18.535360136852237,0.8537958388692728,59.871882647940524,normal,19,0,0,0.49722679358175137,0.1340824070869675,0,normal,0.09367944300174713,0.46839720010757446,0.0,0.0,0.0,0.0,0.0,0.0
2026-05-11 19:45:00,SM_0089,residentiel,zone_B,4.093610660763881,228.41828217308935,17.921554359917,0.8817509047283534,59.35053519339285,normal,19,0,0,-0.11198328093480558,-0.026627221383521027,0,normal,0.15493328869342804,0.5504692196846008,0.0,0.0,0.0,0.29892961321429823,0.0,0.0
2026-05-11 20:00:00,SM_0089,residentiel,zone_B,4.039856769870196,235.8987639657245,17.125383371899215,0.8683933335458263,59.72147907800134,normal,20,0,0,-0.05375389089368454,-0.013131168386114611,0,normal,0.09292992949485779,0.46464964747428894,0.0,0.0,0.0,0.0,0.0,0.0
2026-05-11 20:15:00,SM_0089,residentiel,zone_B,4.275458869804741,229.3364129829933,18.642738910029923,0.940619406003663,59.53512039043461,normal,20,0,0,0.23560209993454428,0.058319419067452305,0,normal,0.1174730658531189,0.5873653292655945,0.0,0.0,0.0,0.0,0.0,0.0
2026-05-11 20:30:00,SM_0089,residentiel,zone_B,4.271100653676274,233.59025023004,18.28458443565212,0.9043872972740347,60.21269982666628,normal,20,0,0,-0.004358216128466985,-0.0010193563454081733,0,normal,0.07577928155660629,0.37889641523361206,0.0,0.0,0.0,0.0,0.0,0.0
2026-05-11 20:45:00,SM_0089,residentiel,zone_B,3.9937621660198896,222.07878234169098,17.983537751369138,0.9104891886932384,60.13049629952136,normal,20,0,0,-0.277338487656384,-0.06493372789462826,0,normal,0.08935768902301788,0.4467884302139282,0.0,0.0,0.0,0.0,0.0,0.0
2026-05-11 21:00:00,SM_0089,residentiel,zone_B,4.365114875944286,234.7906988682105,18.591515324013972,0.9266114118144991,59.47435504666216,normal,21,0,0,0.3713527099243965,0.09298318089243662,0,normal,0.11534441262483597,0.5382546186447144,0.0,0.0,0.0,0.051289906675677344,0.0,0.0
2026-05-11 21:15:00,SM_0089,residentiel,zone_B,3.8475981454422805,231.262564539043,16.637358290613903,0.8543543208671239,60.031440988092186,normal,21,0,0,-0.5175167305020056,-0.1185574137702512,0,normal,0.10823961347341537,0.5411980748176575,0.0,0.0,0.0,0.0,0.0,0.0
2026-05-11 21:30:00,SM_0089,residentiel,zone_B,3.9128606233395002,237.44961588748538,16.478698475526677,0.9284265977901426,60.24062830411145,normal,21,0,0,0.06526247789721973,0.016961874767126295,0,normal,0.078284353017807,0.39142176508903503,0.0,0.0,0.0,0.0,0.0,0.0
2026-05-11 21:45:00,SM_0089,residentiel,zone_B,4.3094139203539275,224.52836977314573,19.193182245557576,0.9053190756347065,60.163259735210254,normal,21,0,0,0.3965532970144272,0.10134613398930159,0,normal,0.2,1.0,0.0,0.0,0.0,0.0,0.0,0.0
2026-05-11 22:00:00,SM_0089,residentiel,zone_B,3.9787000376283483,231.76604414655972,17.166880732159257,0.8946939396851535,60.040848434625275,normal,22,0,0,-0.3307138827255791,-0.07674219484082834,0,normal,0.07686027139425278,0.3843013644218445,0.0,0.0,0.0,0.0,0.0,0.0
2026-05-11 22:15:00,SM_0089,residentiel,zone_B,4.102876442526794,229.34480896972184,17.88955442662082,0.8701996312535821,59.94459571145274,normal,22,0,0,0.12417640489844572,0.03121029575591372,0,normal,0.08382787555456161,0.4191393554210663,0.0,0.0,0.0,0.0,0.0,0.0
2026-05-11 22:30:00,SM_0089,residentiel,zone_B,3.9691807390980447,233.61298013361866,16.990411820558123,0.9498673730841423,60.1706996022753,normal,22,0,0,-0.13369570342874937,-0.03258584685684851,0,normal,0.18429018557071686,0.9214509129524231,0.0,0.0,0.0,0.0,0.0,0.0
2026-05-11 22:45:00,SM_0089,residentiel,zone_B,4.2188312942517925,235.8952112770801,17.884344796200192,0.8548279794693489,59.83828976584862,normal,22,0,0,0.2496505551537478,0.06289725048158878,0,normal,0.13938884437084198,0.6969441771507263,0.0,0.0,0.0,0.0,0.0,0.0
2026-05-11 23:00:00,SM_0089,residentiel,zone_B,4.284268339615614,231.0690298776793,18.541075547352975,0.8703525547118931,60.3808821022269,normal,23,0,0,0.06543704536382133,0.015510704458123303,0,normal,0.16700692474842072,0.8350346088409424,0.0,0.0,0.0,0.0,0.0,0.0
2026-05-11 23:15:00,SM_0089,residentiel,zone_B,4.4265326554054765,229.0845225957666,19.322705022793528,0.8964877552977022,60.03227048914533,normal,23,0,0,0.14226431578986265,0.03320621037538163,0,normal,0.0813775509595871,0.4068877398967743,0.0,0.0,0.0,0.0,0.0,0.0
2026-05-11 23:30:00,SM_0089,residentiel,zone_B,3.999343310121461,222.1590577677167,18.002161830840418,0.8760375266247793,59.86679462664609,normal,23,0,0,-0.4271893452840154,-0.09650653876061477,0,normal,0.11350619792938232,0.5675309896469116,0.0,0.0,0.0,0.0,0.0,0.0
2026-05-11 23:45:00,SM_0089,residentiel,zone_B,4.165451322111117,224.87651685540337,18.52328282365527,0.8589836739973258,60.172661023706,normal,23,0,0,0.1661080119896563,0.0415338217074972,0,normal,0.092164047062397,0.4608202278614044,0.0,0.0,0.0,0.0,0.0,0.0
2026-05-11 00:00:00,SM_0090,commercial,zone_D,6.108772483216768,226.24757630537164,27.000388613982828,0.8909473418823777,60.28852357235318,normal,0,0,0,0.0,0.0,0,normal,0.12594760954380035,0.6297380328178406,0.0,0.0,0.0,0.0,0.0,0.0
2026-05-11 00:15:00,SM_0090,commercial,zone_D,6.424545837987528,231.16187770605242,27.79241067662999,0.8637630814824537,59.94097295467142,normal,0,0,0,0.3157733547707604,0.05169178515623485,0,normal,0.10502254217863083,0.5251126885414124,0.0,0.0,0.0,0.0,0.0,0.0
2026-05-11 00:30:00,SM_0090,commercial,zone_D,5.9136935592467665,221.5621522792357,26.69090139453833,0.8711297684736369,59.96011145066971,normal,0,0,0,-0.5108522787407619,-0.07951570299649147,0,normal,0.08941743522882462,0.4470871686935425,0.0,0.0,0.0,0.0,0.0,0.0
2026-05-11 00:45:00,SM_0090,commercial,zone_D,6.128781692891589,230.21158299763272,26.62238629823683,0.862840672715453,59.67914460883597,normal,0,0,0,0.21508813364482204,0.036371200416448035,0,normal,0.10401444882154465,0.5200722217559814,0.0,0.0,0.0,0.0,0.0,0.0
2026-05-11 01:00:00,SM_0090,commercial,zone_D,6.158457503475983,231.63886618220116,26.58646023000259,0.8901111801581703,59.534166904390155,normal,1,0,0,0.02967581058439439,0.00484204073034844,0,normal,0.12595081329345703,0.6297540664672852,0.0,0.0,0.0,0.0,0.0,0.0
2026-05-11 01:15:00,SM_0090,commercial,zone_D,5.893979873238515,237.29983236998456,24.837690841892183,0.8605728639872885,59.900799135381064,normal,1,0,0,-0.26447763023746784,-0.04294543399677442,0,normal,0.08492598682641983,0.42462992668151855,0.0,0.0,0.0,0.0,0.0,0.0
2026-05-11 01:30:00,SM_0090,commercial,zone_D,5.2239111847358055,238.06893290394174,21.94285126167049,0.8972736970694789,59.98867424935146,normal,1,0,0,-0.6700686885027096,-0.11368696583867577,0,normal,0.09966946393251419,0.49834731221199036,0.0,0.0,0.0,0.0,0.0,0.0
2026-05-11 01:45:00,SM_0090,commercial,zone_D,5.465033369207177,228.2729143826774,23.940787648794718,0.948757137425514,60.29701961195841,normal,1,0,0,0.24112218447137135,0.046157405044696675,0,normal,0.07085015624761581,0.3542507588863373,0.0,0.0,0.0,0.0,0.0,0.0
2026-05-11 02:00:00,SM_0090,commercial,zone_D,5.598035120325454,230.1097921892981,24.327670139827305,0.8716174785973423,59.92288817824502,normal,2,0,0,0.13300175111827706,0.02433685983834577,0,normal,0.11845051497220993,0.5922525525093079,0.0,0.0,0.0,0.0,0.0,0.0
2026-05-11 02:15:00,SM_0090,commercial,zone_D,6.136138565740921,223.5496073033706,27.448666270362992,0.8906812146165498,60.112260279426565,normal,2,0,0,0.5381034454154667,0.09612362799613572,0,normal,0.15334413945674896,0.7667206525802612,0.0,0.0,0.0,0.0,0.0,0.0
2026-05-11 02:30:00,SM_0090,commercial,zone_D,6.012743070805656,234.76217800342047,25.612060349508475,0.8619169704137526,59.9121008602755,normal,2,0,0,-0.1233954949352647,-0.020109633055583553,0,normal,0.0922994464635849,0.4614972174167633,0.0,0.0,0.0,0.0,0.0,0.0
2026-05-11 02:45:00,SM_0090,commercial,zone_D,6.063647308116257,239.14155025013707,25.35589194673117,0.8641430397542276,60.07369464569831,normal,2,0,0,0.05090423731060145,0.0084660589536516,0,normal,0.0848359763622284,0.42417988181114197,0.0,0.0,0.0,0.0,0.0,0.0
2026-05-11 03:00:00,SM_0090,commercial,zone_D,5.979100631146881,233.9786330602522,25.554045482465884,0.9156662427401687,59.93113899288306,normal,3,0,0,-0.08454667696937612,-0.013943204918302143,0,normal,0.1318453550338745,0.6592267751693726,0.0,0.0,0.0,0.0,0.0,0.0
2026-05-11 03:15:00,SM_0090,commercial,zone_D,5.845967158152919,230.84874176174233,25.323799096927758,0.86441484638053,59.902530760230384,normal,3,0,0,-0.13313347299396217,-0.022266471365347318,0,normal,0.06886716932058334,0.3443358242511749,0.0,0.0,0.0,0.0,0.0,0.0
2026-05-11 03:30:00,SM_0090,commercial,zone_D,5.610844169865232,224.97334666554997,24.940039578139135,0.8670407542375177,59.89878289194175,normal,3,0,0,-0.23512298828768685,-0.040219690245741235,0,normal,0.11525757610797882,0.5762878656387329,0.0,0.0,0.0,0.0,0.0,0.0
2026-05-11 03:45:00,SM_0090,commercial,zone_D,5.820546960361244,228.77616612018548,25.44210377799352,0.8779547364608526,59.94782211509681,normal,3,0,0,0.20970279049601181,0.0373745525891247,0,normal,0.138916015625,0.694580078125,0.0,0.0,0.0,0.0,0.0,0.0
2026-05-11 04:00:00,SM_0090,commercial,zone_D,6.067159032295968,230.88576887391892,26.277752249031405,0.8504421610587839,59.89342598439206,normal,4,0,0,0.2466120719347238,0.042369226399887605,0,normal,0.12967467308044434,0.6483733654022217,0.0,0.0,0.0,0.0,0.0,0.0
2026-05-11 04:15:00,SM_0090,commercial,zone_D,5.7915926129860535,219.89553956267582,26.33792674696479,0.8736432687032621,59.8146923277693,normal,4,0,0,-0.2755664193099143,-0.045419349953256916,0,normal,0.11253710091114044,0.562685489654541,0.0,0.0,0.0,0.0,0.0,0.0
2026-05-11 04:30:00,SM_0090,commercial,zone_D,6.055631775847213,228.08453839799523,26.549944237256724,0.9379063132286555,60.207123449591975,normal,4,0,0,0.2640391628611596,0.04559007867181886,0,normal,0.09989742934703827,0.49948713183403015,0.0,0.0,0.0,0.0,0.0,0.0
2026-05-11 04:45:00,SM_0090,commercial,zone_D,6.00465439632212,217.34548479508436,27.627233213440675,0.8617609311028586,60.233240242610364,normal,4,0,0,-0.050977379525092736,-0.008418176899133045,0,normal,0.10868968069553375,0.4334091246128082,0.11003926265144034,0.0,0.0,0.0,0.0,0.0
2026-05-11 05:00:00,SM_0090,commercial,zone_D,5.987370612462488,227.12960925261905,26.361030744358782,0.93127485460188,59.94831522178248,normal,5,0,0,-0.01728378385963225,-0.0028783977759350154,0,normal,0.10570269823074341,0.528513491153717,0.0,0.0,0.0,0.0,0.0,0.0
2026-05-11 05:15:00,SM_0090,commercial,zone_D,5.628250400430936,225.80213146731327,24.92558579432928,0.9377467386106442,60.14329389771976,normal,5,0,0,-0.3591202120315522,-0.059979619648741433,0,normal,0.07001768052577972,0.3500883877277374,0.0,0.0,0.0,0.0,0.0,0.0
2026-05-11 05:30:00,SM_0090,commercial,zone_D,6.156493385312398,227.18317580551013,27.099248716299872,0.9366592445231328,60.124716776550876,normal,5,0,0,0.5282429848814623,0.09385562960045557,0,normal,0.07873018085956573,0.3936508893966675,0.0,0.0,0.0,0.0,0.0,0.0
2026-05-11 05:45:00,SM_0090,commercial,zone_D,5.782541751235069,230.46739772715483,25.09049786764586,0.9490752451093858,60.28093703794603,normal,5,0,0,-0.37395163407732923,-0.06074101126616471,0,normal,0.07417633384466171,0.3708816468715668,0.0,0.0,0.0,0.0,0.0,0.0
2026-05-11 06:00:00,SM_0090,commercial,zone_D,5.961685402588772,228.06260432669964,26.140565307448032,0.8991391381571278,60.11991662927363,normal,6,0,0,0.17914365135370325,0.030980087833423875,0,normal,0.12674252688884735,0.6337125897407532,0.0,0.0,0.0,0.0,0.0,0.0
2026-05-11 06:15:00,SM_0090,commercial,zone_D,6.005240227484438,228.56011292090815,26.274226726351483,0.9310092710740903,59.742841994232734,normal,6,0,0,0.04355482489566587,0.0073057905532474265,0,normal,0.09749796241521835,0.48748978972435,0.0,0.0,0.0,0.0,0.0,0.0
2026-05-11 06:30:00,SM_0090,commercial,zone_D,5.61834359497777,231.0178147147121,24.31995818987362,0.9133625988607765,60.1551712072913,normal,6,0,0,-0.3868966325066685,-0.06442650382843007,0,normal,0.0778021439909935,0.3890106976032257,0.0,0.0,0.0,0.0,0.0,0.0
2026-05-11 06:45:00,SM_0090,commercial,zone_D,6.026124031285671,225.32609495836746,26.744013082013833,0.9316965402757204,59.78700866777012,normal,6,0,0,0.4077804363079016,0.07258018834455338,0,normal,0.08094444870948792,0.4047222435474396,0.0,0.0,0.0,0.0,0.0,0.0
2026-05-11 07:00:00,SM_0090,commercial,zone_D,19.024338565008822,226.2593337027652,84.08200560689762,0.8953337624183153,59.666825553702786,normal,7,0,0,12.99821453372315,2.1569775972483574,0,normal,0.19316953420639038,0.7158476710319519,0.0,0.0,0.0,0.0,0.0,1.0
2026-05-11 07:15:00,SM_0090,commercial,zone_D,19.084255048524696,235.59565778210438,81.00427328832679,0.8919415987658809,59.867583449212084,normal,7,0,0,0.059916483515873864,0.003149464740186847,0,normal,0.12992820143699646,0.6496409773826599,0.0,0.0,0.0,0.0,0.0,0.0
2026-05-11 07:30:00,SM_0090,commercial,zone_D,18.735452021815053,240.44655227677072,77.91940389417289,0.9174604042290143,59.93046199040526,normal,7,0,0,-0.3488030267096427,-0.01827700509256225,0,normal,0.07140140235424042,0.3570069968700409,0.0,0.0,0.0,0.0,0.0,0.0
2026-05-11 07:45:00,SM_0090,commercial,zone_D,17.79299155745524,226.86511206645392,78.42982728980944,0.8924501581226312,59.57677007592449,normal,7,0,0,-0.9424604643598116,-0.05030358825943648,0,normal,0.08317599445581436,0.4158799648284912,0.0,0.0,0.0,0.0,0.0,0.0
2026-05-11 08:00:00,SM_0090,commercial,zone_D,17.979787657369425,226.48768199128588,79.38527826012717,0.8920634324992301,59.92113523010103,normal,8,0,0,0.1867960999141829,0.010498296439415578,0,normal,0.1105218157172203,0.5526090860366821,0.0,0.0,0.0,0.0,0.0,0.0
2026-05-11 08:15:00,SM_0090,commercial,zone_D,19.0208732704986,219.8172916183919,86.53037770804352,0.9257723279107567,59.90202473104157,normal,8,0,0,1.0410856131291766,0.057903109478741,0,normal,0.16899408400058746,0.8449704051017761,0.0,0.0,0.0,0.0,0.0,0.0
2026-05-11 08:30:00,SM_0090,commercial,zone_D,16.720524413138087,231.58162578116568,72.20142943869924,0.9292470970368463,59.76714529173856,normal,8,0,0,-2.3003488573605146,-0.1209381306865841,0,normal,0.11082369089126587,0.5541184544563293,0.0,0.0,0.0,0.0,0.0,0.0
2026-05-11 08:45:00,SM_0090,commercial,zone_D,18.130532521179198,234.82025754489962,77.21025737190705,0.9194713406444747,60.25569186198381,normal,8,0,0,1.4100081080411115,0.08432798357288385,0,normal,0.14758270978927612,0.7379135489463806,0.0,0.0,0.0,0.0,0.0,0.0
2026-05-11 09:00:00,SM_0090,commercial,zone_D,18.10922326872259,220.84825405923468,81.99848962294915,0.9091944031499639,60.05214884739538,normal,9,0,0,-0.021309252456607197,-0.0011753241352241428,0,normal,0.07559724152088165,0.37798619270324707,0.0,0.0,0.0,0.0,0.0,0.0
2026-05-11 09:15:00,SM_0090,commercial,zone_D,17.717277318206555,224.76196475297454,78.82684838459565,0.910259745873415,60.13022808709046,normal,9,0,0,-0.3919459505160354,-0.021643443492851855,0,normal,0.06864143908023834,0.3432071805000305,0.0,0.0,0.0,0.0,0.0,0.0
2026-05-11 09:30:00,SM_0090,commercial,zone_D,16.869815490637855,231.33352428815854,72.9242142596856,0.8853911914449872,60.00129945712794,normal,9,0,0,-0.8474618275687007,-0.04783250904459435,0,normal,0.2,1.0,0.0,0.0,0.0,0.0,0.0,0.0
2026-05-11 09:45:00,SM_0090,commercial,zone_D,17.393250193367003,227.16256295309034,76.56741483832771,0.9057702221180225,59.77376686290133,normal,9,0,0,0.5234347027291477,0.031027885457291182,0,normal,0.0775514468550682,0.38775721192359924,0.0,0.0,0.0,0.0,0.0,0.0
2026-05-11 10:00:00,SM_0090,commercial,zone_D,31.563506148366898,233.14765204507808,135.37990141227857,0.9367316976385698,59.69431835179744,normal,10,0,0,14.170255954999895,0.8146985639523423,0,normal,0.11855247616767883,0.34276238083839417,0.0,0.0,0.0,0.0,0.0,1.0
2026-05-11 10:15:00,SM_0090,commercial,zone_D,36.687144179642324,221.91813202841766,165.3183714386365,0.9008253290657242,59.79939976149686,normal,10,0,0,5.123638031275426,0.16232791145544279,0,normal,0.17776821553707123,0.7607500553131104,0.0,0.0,0.0,0.0,0.0,0.5123638031275426
2026-05-11 10:30:00,SM_0090,commercial,zone_D,35.80352801682115,240.31426505852954,148.98627848039337,0.8705499435674355,59.82588730793433,normal,10,0,0,-0.8836161628211769,-0.024085171592928,0,normal,0.0837809294462204,0.4189046323299408,0.0,0.0,0.0,0.0,0.0,0.0
2026-05-11 10:45:00,SM_0090,commercial,zone_D,36.11075679187904,231.55412320203666,155.94953047055662,0.8901669210203992,60.0235029284365,normal,10,0,0,0.3072287750578937,0.008580963722724544,0,normal,0.09149973094463348,0.4574986398220062,0.0,0.0,0.0,0.0,0.0,0.0
2026-05-11 11:00:00,SM_0090,commercial,zone_D,34.8433160732639,227.85012765991917,152.92208273532228,0.9151820374497387,59.754864250166925,normal,11,0,0,-1.2674407186151413,-0.03509870274721505,0,normal,0.10784635692834854,0.5392317771911621,0.0,0.0,0.0,0.0,0.0,0.0
2026-05-11 11:15:00,SM_0090,commercial,zone_D,35.97156487828056,225.4501694424593,159.5543927389304,0.8876637037305822,60.14661586429726,normal,11,0,0,1.1282488050166606,0.03238063801517432,0,normal,0.1721828430891037,0.8609142303466797,0.0,0.0,0.0,0.0,0.0,0.0
2026-05-11 11:30:00,SM_0090,commercial,zone_D,34.9709115095507,228.75970738901088,152.87181430985964,0.9457062009406593,59.85517700451957,normal,11,0,0,-1.000653368729857,-0.02781789928005174,0,normal,0.08559800684452057,0.42799001932144165,0.0,0.0,0.0,0.0,0.0,0.0
2026-05-11 11:45:00,SM_0090,commercial,zone_D,35.3295392362916,230.3998709524494,153.34009993253432,0.8586257920451069,59.99299740967834,normal,11,0,0,0.3586277267408988,0.010255029430472629,0,normal,0.2,1.0,0.0,0.0,0.0,0.0,0.0,0.0
2026-05-11 12:00:00,SM_0090,commercial,zone_D,35.61469347729949,227.7233132963569,156.39458675428136,0.8523299928829113,59.87345038212391,normal,12,0,0,0.2851542410078878,0.008071269741184883,0,normal,0.16303661465644836,0.8151830434799194,0.0,0.0,0.0,0.0,0.0,0.0
2026-05-11 12:15:00,SM_0090,commercial,zone_D,34.66971389620352,233.94320302742486,148.19714121867105,0.9139905829243239,60.19419356687867,normal,12,0,0,-0.9449795810959714,-0.02653341890190053,0,normal,0.2,1.0,0.0,0.0,0.0,0.0,0.0,0.0
2026-05-11 12:30:00,SM_0090,commercial,zone_D,35.728596445476306,232.74205195070323,153.51156418026224,0.9223194793502751,59.99477427846059,normal,12,0,0,1.0588825492727878,0.030542004253134136,0,normal,0.0905914232134819,0.4529570937156677,0.0,0.0,0.0,0.0,0.0,0.0
2026-05-11 12:45:00,SM_0090,commercial,zone_D,34.206262108632586,227.78348621372265,150.17007017153932,0.9305821662627923,60.256642879255025,normal,12,0,0,-1.5223343368437199,-0.04260828827034613,0,normal,0.08747556060552597,0.43737778067588806,0.0,0.0,0.0,0.0,0.0,0.0
2026-05-11 13:00:00,SM_0090,commercial,zone_D,35.71621049563973,226.6898388145124,157.55540999287712,0.9139982745981705,59.774755756162804,normal,13,0,0,1.5099483870071424,0.0441424550338716,0,normal,0.08073869347572327,0.40369346737861633,0.0,0.0,0.0,0.0,0.0,0.0
2026-05-11 13:15:00,SM_0090,commercial,zone_D,36.37203420607779,224.73874813919505,161.84140254955176,0.8613308264851728,60.35740895521161,normal,13,0,0,0.6558237104380638,0.01836207428887593,0,normal,0.08447196334600449,0.42235979437828064,0.0,0.0,0.0,0.0,0.0,0.0
2026-05-11 13:30:00,SM_0090,commercial,zone_D,38.00905660831066,243.85149539010064,155.86968842452984,0.9280299794963726,60.15927580348346,normal,13,0,0,1.6370224022328657,0.04500772194807068,0,normal,0.1420804262161255,0.5899543762207031,0.1204477860008751,0.0,0.0,0.0,0.0,0.0
2026-05-11 13:45:00,SM_0090,commercial,zone_D,36.20057985922123,229.8007748150143,157.5302776431545,0.8600884909765523,59.78829980837921,normal,13,0,0,-1.8084767490894293,-0.04758015353356615,0,normal,0.06429877132177353,0.32149386405944824,0.0,0.0,0.0,0.0,0.0,0.0
2026-05-11 14:00:00,SM_0090,commercial,zone_D,32.56028356272569,232.39375829430128,140.1082533442729,0.8605747139549236,60.23743444490857,normal,14,0,0,-3.640296296495542,-0.10055906039770979,0,normal,0.12336718291044235,0.61683589220047,0.0,0.0,0.0,0.0,0.0,0.0
2026-05-11 14:15:00,SM_0090,commercial,zone_D,33.30426897246293,228.66516219644484,145.64644938721113,0.895098672147156,60.15478387929782,normal,14,0,0,0.7439854097372418,0.022849475751769655,0,normal,0.10372970253229141,0.5186485052108765,0.0,0.0,0.0,0.0,0.0,0.0
2026-05-11 14:30:00,SM_0090,commercial,zone_D,39.780122698800085,234.91180433550815,169.3406715397959,0.9164220087046104,59.836565352577274,normal,14,0,0,6.4758537263371565,0.19444515451432398,0,normal,0.18160657584667206,0.7461365461349487,0.0,0.0,0.0,0.0,0.0,0.6475853726337156
2026-05-11 14:45:00,SM_0090,commercial,zone_D,37.972988364875675,235.60790573205568,161.1702639896147,0.9409019925486866,59.96773891588387,normal,14,0,0,-1.8071343339244095,-0.045428073402571933,0,normal,0.07983758300542831,0.3991878926753998,0.0,0.0,0.0,0.0,0.0,0.0
2026-05-11 15:00:00,SM_0090,commercial,zone_D,38.683473531767476,240.3731578429859,160.93092040266785,0.903904072843625,60.12235170781143,normal,15,0,0,0.7104851668918002,0.01871027794981206,0,normal,0.08833860605955124,0.4416930079460144,0.0,0.0,0.0,0.0,0.0,0.0
2026-05-11 15:15:00,SM_0090,commercial,zone_D,34.81008740450087,220.7424597577537,157.69547663237066,0.9263202949604857,59.89159084677385,normal,15,0,0,-3.873386127266606,-0.10013025650568119,0,normal,0.07696480304002762,0.3848240077495575,0.0,0.0,0.0,0.0,0.0,0.0
2026-05-11 15:30:00,SM_0090,commercial,zone_D,35.12861352547768,234.5957358566025,149.74105730101667,0.9466357184567624,60.06822400450903,normal,15,0,0,0.3185261209768129,0.009150397046564951,0,normal,0.10012871026992798,0.5006435513496399,0.0,0.0,0.0,0.0,0.0,0.0
2026-05-11 15:45:00,SM_0090,commercial,zone_D,35.07934889079845,233.94402530296458,149.94761608196507,0.9382891517971967,60.26556843431675,normal,15,0,0,-0.0492646346792327,-0.001402407602665634,0,normal,0.07327328622341156,0.3663664162158966,0.0,0.0,0.0,0.0,0.0,0.0
2026-05-11 16:00:00,SM_0090,commercial,zone_D,34.79785493329991,231.99445405376056,149.99433962863668,0.9101455788240311,59.76940112189067,normal,16,0,0,-0.2814939574985402,-0.008024492084355073,0,normal,0.10104971379041672,0.5052485466003418,0.0,0.0,0.0,0.0,0.0,0.0
2026-05-11 16:15:00,SM_0090,commercial,zone_D,32.745317546574306,230.5818261646468,142.01170183808213,0.8980671869467703,59.783600718657304,normal,16,0,0,-2.0525373867256036,-0.058984595190131106,0,normal,0.08230595290660858,0.4115297496318817,0.0,0.0,0.0,0.0,0.0,0.0
2026-05-11 16:30:00,SM_0090,commercial,zone_D,34.25705828337872,237.2364807909881,144.40046559938702,0.8685065377706971,59.96609654824088,normal,16,0,0,1.5117407368044127,0.046166623202057444,0,normal,0.17493906617164612,0.8746953010559082,0.0,0.0,0.0,0.0,0.0,0.0
2026-05-11 16:45:00,SM_0090,commercial,zone_D,36.14634690588257,226.46376602618162,159.6120542378672,0.926421136932088,59.76548954288462,normal,16,0,0,1.889288622503848,0.05515034615276693,0,normal,0.18218135833740234,0.9109067916870117,0.0,0.0,0.0,0.0,0.0,0.0
2026-05-11 17:00:00,SM_0090,commercial,zone_D,18.30217214666041,232.123692984048,78.8466352201202,0.8558569699657574,60.22631509872201,normal,17,0,0,-17.844174759222156,-0.4936646794677373,0,normal,0.15816202759742737,0.5408101081848145,0.0,0.0,0.0,0.0,0.0,1.0
2026-05-11 17:15:00,SM_0090,commercial,zone_D,15.681239792486526,233.91070367596842,67.03942806400778,0.9108829871143327,60.07175482126684,normal,17,0,0,-2.6209323541738847,-0.1432033494806858,0,normal,0.11934087425470352,0.596704363822937,0.0,0.0,0.0,0.0,0.0,0.0
2026-05-11 17:30:00,SM_0090,commercial,zone_D,17.9371718228686,232.34071228379563,77.20201787519272,0.9091558236220441,60.095681788737245,normal,17,0,0,2.2559320303820733,0.14386184129796775,0,normal,0.08240454643964767,0.41202273964881897,0.0,0.0,0.0,0.0,0.0,0.0
2026-05-11 17:45:00,SM_0090,commercial,zone_D,18.784497673681663,225.967387597181,83.12924211509541,0.9251667525410927,59.81192725270581,normal,17,0,0,0.8473258508130641,0.04723854235107372,0,normal,0.09790051728487015,0.48950257897377014,0.0,0.0,0.0,0.0,0.0,0.0
2026-05-11 18:00:00,SM_0090,commercial,zone_D,18.01789281394689,225.77206998847595,79.80567664931529,0.8853679562396738,60.15525652076649,normal,18,0,0,-0.7666048597347732,-0.0408105062510582,0,normal,0.19821448624134064,0.991072416305542,0.0,0.0,0.0,0.0,0.0,0.0
2026-05-11 18:15:00,SM_0090,commercial,zone_D,18.089884428179793,233.2420940894067,77.55840342114898,0.8569649851461648,60.209832737294704,normal,18,0,0,0.07199161423290334,0.003995562354393467,0,normal,0.08829443156719208,0.4414721429347992,0.0,0.0,0.0,0.0,0.0,0.0
2026-05-11 18:30:00,SM_0090,commercial,zone_D,18.33329267478518,228.50010069530848,80.23319297890181,0.9278135733066117,59.75880523991225,normal,18,0,0,0.2434082466053873,0.013455489313475955,0,normal,0.0780542716383934,0.3902713358402252,0.0,0.0,0.0,0.0,0.0,0.0
2026-05-11 18:45:00,SM_0090,commercial,zone_D,17.033727364199347,226.55442997994157,75.18602644718736,0.9063574383986992,59.54372277230501,normal,18,0,0,-1.2995653105858338,-0.07088553778303008,0,normal,0.18158148229122162,0.9079073667526245,0.0,0.0,0.0,0.0,0.0,0.0
2026-05-11 19:00:00,SM_0090,commercial,zone_D,17.415497066397215,240.95687491579008,72.2764066079609,0.869860613211006,60.212968850666265,normal,19,0,0,0.3817697021978681,0.022412575594009665,0,normal,0.08608247339725494,0.4304123520851135,0.0,0.0,0.0,0.0,0.0,0.0
2026-05-11 19:15:00,SM_0090,commercial,zone_D,18.90483658016301,235.64425386931498,80.22617258746045,0.9066294280757295,60.250202653426804,normal,19,0,0,1.4893395137657954,0.08551805946667113,0,normal,0.12683506309986115,0.6341753005981445,0.0,0.0,0.0,0.0,0.0,0.0
2026-05-11 19:30:00,SM_0090,commercial,zone_D,18.204076805929745,226.43310336172027,80.39494462454662,0.900020371994016,60.39034216692837,normal,19,0,0,-0.7007597742332656,-0.03706775095684134,0,normal,0.1095254048705101,0.5476270318031311,0.0,0.0,0.0,0.0,0.0,0.0
2026-05-11 19:45:00,SM_0090,commercial,zone_D,17.44184428540312,224.1002550179777,77.83054188851283,0.876836140225689,59.66197843561452,normal,19,0,0,-0.7622325205266236,-0.041871528485220244,0,normal,0.07436686009168625,0.37183427810668945,0.0,0.0,0.0,0.0,0.0,0.0
2026-05-11 20:00:00,SM_0090,commercial,zone_D,18.30230571322107,220.3999929167607,83.0413171570898,0.9414849750797533,59.97495053073282,normal,20,0,0,0.860461427817949,0.04933316762482853,0,normal,0.14169789850711823,0.7084894776344299,0.0,0.0,0.0,0.0,0.0,0.0
2026-05-11 20:15:00,SM_0090,commercial,zone_D,18.459440530298167,233.52750330107503,79.04610921352317,0.9185291733762084,60.30024318613537,normal,20,0,0,0.15713481707709676,0.008585520291226834,0,normal,0.06855236738920212,0.3427618145942688,0.0,0.0,0.0,0.0,0.0,0.0
2026-05-11 20:30:00,SM_0090,commercial,zone_D,17.364613987712644,230.71462347490933,75.26447056617145,0.8854086653981311,59.65087853634722,normal,20,0,0,-1.0948265425855226,-0.05930984423869956,0,normal,0.10146681219339371,0.5073340535163879,0.0,0.0,0.0,0.0,0.0,0.0
2026-05-11 20:45:00,SM_0090,commercial,zone_D,18.02140009029305,226.14750311303487,79.68869804980976,0.8514600936432359,60.242407967117444,normal,20,0,0,0.6567861025804049,0.03782324807480042,0,normal,0.10196828097105026,0.5098413825035095,0.0,0.0,0.0,0.0,0.0,0.0
2026-05-11 21:00:00,SM_0090,commercial,zone_D,17.300900571460378,238.09477848769058,72.6639226670602,0.8928074072469325,60.30127804041704,normal,21,0,0,-0.7204995188326713,-0.03998021880779157,0,normal,0.17935413122177124,0.8967706561088562,0.0,0.0,0.0,0.0,0.0,0.0
2026-05-11 21:15:00,SM_0090,commercial,zone_D,18.332477989203284,231.02582085704273,79.35250666438407,0.9167821412121071,60.17814836788501,normal,21,0,0,1.0315774177429056,0.059625648588756075,0,normal,0.18300466239452362,0.9150232672691345,0.0,0.0,0.0,0.0,0.0,0.0
2026-05-11 21:30:00,SM_0090,commercial,zone_D,18.191571337565748,223.22091645214488,81.49581870149584,0.9242034095237925,60.01771284999475,normal,21,0,0,-0.14090665163753613,-0.00768617596161969,0,normal,0.08027013391256332,0.40135064721107483,0.0,0.0,0.0,0.0,0.0,0.0
2026-05-11 21:45:00,SM_0090,commercial,zone_D,17.207740918495936,228.2970254434149,75.37435446245445,0.893546435912321,60.01733303503049,normal,21,0,0,-0.9838304190698111,-0.054081662370649264,0,normal,0.10764782875776291,0.5382391214370728,0.0,0.0,0.0,0.0,0.0,0.0
2026-05-11 22:00:00,SM_0090,commercial,zone_D,17.973596328800987,228.72668470555197,78.58110806764432,0.8935514285201711,60.07986805238125,normal,22,0,0,0.7658554103050506,0.044506447065451926,0,normal,0.11559078842401505,0.5779539346694946,0.0,0.0,0.0,0.0,0.0,0.0
2026-05-11 22:15:00,SM_0090,commercial,zone_D,17.096335049392007,231.2111892978023,73.94250728658187,0.8779812534638237,60.399827001861325,normal,22,0,0,-0.8772612794089802,-0.048808333255112246,0,normal,0.09652247279882431,0.48261237144470215,0.0,0.0,0.0,0.0,0.0,0.0
2026-05-11 22:30:00,SM_0090,commercial,zone_D,17.675632449742025,230.04350751537453,76.83604132388177,0.872643490262364,60.031499688618894,normal,22,0,0,0.5792974003500184,0.033884303195767185,0,normal,0.16844159364700317,0.8422079682350159,0.0,0.0,0.0,0.0,0.0,0.0
2026-05-11 22:45:00,SM_0090,commercial,zone_D,16.64004556491044,233.28461987224617,71.32937256653715,0.8585038898593249,59.896032009193654,normal,22,0,0,-1.0355868848315843,-0.058588392114178545,0,normal,0.09659203141927719,0.48296013474464417,0.0,0.0,0.0,0.0,0.0,0.0
2026-05-11 23:00:00,SM_0090,commercial,zone_D,18.475471200650365,232.69630496424355,79.39735529315487,0.9401294103069993,60.272144644189105,normal,23,0,0,1.8354256357399237,0.11030171934206501,0,normal,0.0828063115477562,0.4140315651893616,0.0,0.0,0.0,0.0,0.0,0.0
2026-05-11 23:15:00,SM_0090,commercial,zone_D,18.360036755109117,218.99391617260753,83.838113295522,0.9424921801055652,60.108742525058275,normal,23,0,0,-0.11543444554124704,-0.006247983842338156,0,normal,0.10960816591978073,0.5480408072471619,0.0,0.0,0.0,0.0,0.0,0.0
2026-05-11 23:30:00,SM_0090,commercial,zone_D,17.19911606939914,235.62847273026742,72.99252025916071,0.9471772754996175,60.03815795940904,normal,23,0,0,-1.1609206857099785,-0.06323084758460107,0,normal,0.146327942609787,0.7316396832466125,0.0,0.0,0.0,0.0,0.0,0.0
2026-05-11 23:45:00,SM_0090,commercial,zone_D,17.37135494154088,226.5405791488893,76.68098583840867,0.882533430831148,59.66526824258957,normal,23,0,0,0.17223887214174027,0.010014402568524483,0,normal,0.0846041887998581,0.4230209290981293,0.0,0.0,0.0,0.0,0.0,0.0
2026-05-11 00:00:00,SM_0091,residentiel,zone_A,5.184305122140301,232.90012898932818,22.259777805352154,0.854749536092909,60.11322740792375,normal,0,0,0,0.0,0.0,0,normal,0.10725688934326172,0.5362844467163086,0.0,0.0,0.0,0.0,0.0,0.0
2026-05-11 00:15:00,SM_0091,residentiel,zone_A,4.890220938035342,231.79139842602518,21.097508239055845,0.8977907978771316,59.620377551828234,normal,0,0,0,-0.2940841841049586,-0.05672586338505248,0,normal,0.08793261647224426,0.4396630823612213,0.0,0.0,0.0,0.0,0.0,0.0
2026-05-11 00:30:00,SM_0091,residentiel,zone_A,5.250052830396782,236.73532659429276,22.176888029027058,0.9189617432853211,59.5919321627717,normal,0,0,0,0.35983189236143964,0.07358192951216691,0,normal,0.16281364858150482,0.8140682578086853,0.0,0.0,0.0,0.0,0.0,0.0
2026-05-11 00:45:00,SM_0091,residentiel,zone_A,5.6002967475791685,233.320576735572,24.002584023809113,0.8572621597576722,60.115032781886825,normal,0,0,0,0.3502439171823868,0.06671245575940543,0,normal,0.15377819538116455,0.7688909769058228,0.0,0.0,0.0,0.0,0.0,0.0
2026-05-11 01:00:00,SM_0091,residentiel,zone_A,5.187972637582091,228.68926744092758,22.68568479682672,0.8870163752659095,60.03881876554694,normal,1,0,0,-0.41232410999707714,-0.07362540389941152,0,normal,0.10201936960220337,0.5100968480110168,0.0,0.0,0.0,0.0,0.0,0.0
2026-05-11 01:15:00,SM_0091,residentiel,zone_A,5.330108955656723,227.4868677749215,23.430402852662258,0.8691947190596371,60.24531896361177,normal,1,0,0,0.14213631807463134,0.027397275969611723,0,normal,0.08640818297863007,0.43204089999198914,0.0,0.0,0.0,0.0,0.0,0.0
2026-05-11 01:30:00,SM_0091,residentiel,zone_A,5.797934121885552,224.30882584090463,25.847998179072313,0.9352009200671624,60.02444856439834,normal,1,0,0,0.4678251662288293,0.08777028201878267,0,normal,0.08645638078451157,0.43228188157081604,0.0,0.0,0.0,0.0,0.0,0.0
2026-05-11 01:45:00,SM_0091,residentiel,zone_A,5.560918020010027,224.81427508985777,24.735609061245512,0.9037433576905906,60.326073400374575,normal,1,0,0,-0.23701610187552458,-0.04087940581816141,0,normal,0.11332722008228302,0.5666360855102539,0.0,0.0,0.0,0.0,0.0,0.0
2026-05-11 02:00:00,SM_0091,residentiel,zone_A,5.251377805320022,222.3081185902211,23.6220693990931,0.9294807316835734,59.95839800561943,normal,2,0,0,-0.3095402146900055,-0.05566350979751489,0,normal,0.10158486664295197,0.5079243183135986,0.0,0.0,0.0,0.0,0.0,0.0
2026-05-11 02:15:00,SM_0091,residentiel,zone_A,5.3482978609524015,227.11550966914643,23.548800646611966,0.9192691025393898,60.070184152091905,normal,2,0,0,0.09692005563237949,0.018456119370080737,0,normal,0.1009230986237526,0.5046154856681824,0.0,0.0,0.0,0.0,0.0,0.0
2026-05-11 02:30:00,SM_0091,residentiel,zone_A,5.738546568236592,225.33682205908568,25.466528354304582,0.8607202527338315,60.03305145901681,normal,2,0,0,0.3902487072841909,0.07296689852174709,0,normal,0.08863174915313721,0.44315874576568604,0.0,0.0,0.0,0.0,0.0,0.0
2026-05-11 02:45:00,SM_0091,residentiel,zone_A,5.288164349933224,233.40572515361202,22.656532295653452,0.9214080831981105,60.03170047181265,normal,2,0,0,-0.45038221830336855,-0.07848367403625811,0,normal,0.05960928276181221,0.29804641008377075,0.0,0.0,0.0,0.0,0.0,0.0
2026-05-11 03:00:00,SM_0091,residentiel,zone_A,5.590137988561505,228.59040965663104,24.454822916493008,0.8572733372613569,60.19156384893593,normal,3,0,0,0.3019736386282812,0.057103678828002824,0,normal,0.09682780504226685,0.48413902521133423,0.0,0.0,0.0,0.0,0.0,0.0
2026-05-11 03:15:00,SM_0091,residentiel,zone_A,4.919956627756024,230.6333655340547,21.332371473500253,0.8980004165373272,59.975532864881686,normal,3,0,0,-0.670181360805481,-0.11988637170975036,0,normal,0.0732385441660881,0.3661927282810211,0.0,0.0,0.0,0.0,0.0,0.0
2026-05-11 03:30:00,SM_0091,residentiel,zone_A,4.918321736169485,234.61283320215063,20.96356652379577,0.8999974378037963,60.12005914786427,normal,3,0,0,-0.0016348915865389557,-0.000332297967286066,0,normal,0.09490711241960526,0.4745355546474457,0.0,0.0,0.0,0.0,0.0,0.0
2026-05-11 03:45:00,SM_0091,residentiel,zone_A,5.375379673005279,225.24737674723832,23.86433862462811,0.8986287194713513,59.97032432123492,normal,3,0,0,0.45705793683579365,0.09292965392535746,0,normal,0.1425950676202774,0.7129753232002258,0.0,0.0,0.0,0.0,0.0,0.0
2026-05-11 04:00:00,SM_0091,residentiel,zone_A,5.398661241538937,230.47241536416837,23.424327084907485,0.8852849404377444,59.913105931444925,normal,4,0,0,0.02328156853365826,0.00433114867226525,0,normal,0.07260534912347794,0.3630267381668091,0.0,0.0,0.0,0.0,0.0,0.0
2026-05-11 04:15:00,SM_0091,residentiel,zone_A,4.766042863157619,233.6381005368857,20.399253598644876,0.9343763489443144,59.923922860652816,normal,4,0,0,-0.6326183783813182,-0.11718060276013631,0,normal,0.11846233904361725,0.592311680316925,0.0,0.0,0.0,0.0,0.0,0.0
2026-05-11 04:30:00,SM_0091,residentiel,zone_A,5.463388055752759,237.67454494605073,22.986845549627045,0.9002532579491261,59.549212051745656,normal,4,0,0,0.6973451925951402,0.14631534222777254,0,normal,0.0727243646979332,0.3636218011379242,0.0,0.0,0.0,0.0,0.0,0.0
2026-05-11 04:45:00,SM_0091,residentiel,zone_A,5.3306081179221305,238.38347943718054,22.361482979053783,0.8581128744848545,60.07189287207598,normal,4,0,0,-0.13277993783062847,-0.024303588995626235,0,normal,0.07489810138940811,0.37449049949645996,0.0,0.0,0.0,0.0,0.0,0.0
2026-05-11 05:00:00,SM_0091,residentiel,zone_A,5.385656769906503,228.99089833008608,23.519086606416906,0.9209401879494317,59.700132161889805,normal,5,0,0,0.055048651984372476,0.010326899064159845,0,normal,0.062117088586091995,0.3105854392051697,0.0,0.0,0.0,0.0,0.0,0.0
2026-05-11 05:15:00,SM_0091,residentiel,zone_A,5.302856192949699,223.56302069699413,23.71973762215764,0.9479239595170931,60.20457471952194,normal,5,0,0,-0.08280057695680387,-0.015374276619236071,0,normal,0.2,1.0,0.0,0.0,0.0,0.0,0.0,0.0
2026-05-11 05:30:00,SM_0091,residentiel,zone_A,4.940839431681034,232.2925910999047,21.269896763758904,0.9227372792888416,60.0579770194881,normal,5,0,0,-0.36201676126866555,-0.06826825923546209,0,normal,0.06075898930430412,0.3037949502468109,0.0,0.0,0.0,0.0,0.0,0.0
2026-05-11 05:45:00,SM_0091,residentiel,zone_A,5.008455436760677,222.6568272228818,22.494057331317137,0.8740231089546902,60.184362924092824,normal,5,0,0,0.06761600507964349,0.013685124970077789,0,normal,0.11286123842000961,0.5643061995506287,0.0,0.0,0.0,0.0,0.0,0.0
2026-05-11 06:00:00,SM_0091,residentiel,zone_A,5.172647339468206,230.7064937511664,22.420900492932287,0.9196895986724294,60.154300944930675,normal,6,0,0,0.16419190270752893,0.03278294172339158,0,normal,0.07694287598133087,0.38471436500549316,0.0,0.0,0.0,0.0,0.0,0.0
2026-05-11 06:15:00,SM_0091,residentiel,zone_A,5.938852772633733,240.5317403344228,24.69051595592607,0.9487112201589476,60.26526062728393,normal,6,0,0,0.7662054331655268,0.14812636216647612,0,normal,0.11359085142612457,0.5679542422294617,0.0,0.0,0.0,0.0,0.0,0.0
2026-05-11 06:30:00,SM_0091,residentiel,zone_A,5.134338998214815,223.72982730775084,22.94883547714133,0.9193710988605275,59.901594426617386,normal,6,0,0,-0.8045137744189175,-0.1354661927512535,0,normal,0.0872907042503357,0.43645352125167847,0.0,0.0,0.0,0.0,0.0,0.0
2026-05-11 06:45:00,SM_0091,residentiel,zone_A,5.369286477753257,226.39892011659316,23.716042792907885,0.909769996764102,59.78444549888494,normal,6,0,0,0.23494747953844186,0.04576002473154417,0,normal,0.2,1.0,0.0,0.0,0.0,0.0,0.0,0.0
2026-05-11 07:00:00,SM_0091,residentiel,zone_A,5.002188393434545,234.94689896313074,21.29071894760151,0.9385895179134479,60.24331230043154,normal,7,0,0,-0.3670980843187124,-0.06836999400939436,0,normal,0.09512732923030853,0.47563663125038147,0.0,0.0,0.0,0.0,0.0,0.0
2026-05-11 07:15:00,SM_0091,residentiel,zone_A,5.222666091172701,226.77501354945912,23.030165490580597,0.9314550331492204,60.158267413209295,normal,7,0,0,0.22047769773815595,0.044076248313145605,0,normal,0.08981699496507645,0.44908496737480164,0.0,0.0,0.0,0.0,0.0,0.0
2026-05-11 07:30:00,SM_0091,residentiel,zone_A,4.944533397114658,232.89223895431635,21.23099257972511,0.9174813222208451,60.04636866938044,normal,7,0,0,-0.2781326940580424,-0.05325492558831968,0,normal,0.08312015980482101,0.4156007766723633,0.0,0.0,0.0,0.0,0.0,0.0
2026-05-11 07:45:00,SM_0091,residentiel,zone_A,5.735563109802038,241.55231312289243,23.744600230278092,0.8710903417071888,59.88804879119644,normal,7,0,0,0.7910297126873793,0.15998065927696592,0,normal,0.09421703219413757,0.3706302344799042,0.10045489672080372,0.0,0.0,0.0,0.0,0.0
2026-05-11 08:00:00,SM_0091,residentiel,zone_A,5.502437265521099,228.20464988504418,24.111854286461284,0.8620520445653309,60.22961717532694,normal,8,0,0,-0.23312584428093874,-0.040645676774531236,0,normal,0.10255853086709976,0.5127926468849182,0.0,0.0,0.0,0.0,0.0,0.0
2026-05-11 08:15:00,SM_0091,residentiel,zone_A,5.07753807388173,234.20417787307355,21.679963696606173,0.8530901316605944,59.87295080246149,normal,8,0,0,-0.4248991916393692,-0.07722017919256186,0,normal,0.2,1.0,0.0,0.0,0.0,0.0,0.0,0.0
2026-05-11 08:30:00,SM_0091,residentiel,zone_A,5.265755718586001,233.07594281245161,22.59244628615823,0.8547361789290724,60.29366583157778,normal,8,0,0,0.18821764470427116,0.03706868209860237,0,normal,0.09005863219499588,0.4502931535243988,0.0,0.0,0.0,0.0,0.0,0.0
2026-05-11 08:45:00,SM_0091,residentiel,zone_A,5.266827842715271,230.47659150369603,22.851899224788777,0.9486216889588426,59.841362560523635,normal,8,0,0,0.0010721241292701578,0.00020360308881905986,0,normal,0.08966074138879776,0.4483036994934082,0.0,0.0,0.0,0.0,0.0,0.0
2026-05-11 09:00:00,SM_0091,residentiel,zone_A,5.519549300366463,241.93893866857215,22.813811330831683,0.8837262239138919,59.73077254637713,normal,9,0,0,0.2527214576511918,0.047983618450855525,0,normal,0.19900591671466827,0.8912127614021301,0.1038168579875839,0.0,0.0,0.0,0.0,0.0
2026-05-11 09:15:00,SM_0091,residentiel,zone_A,6.018528530509417,238.0656629349144,25.280960119623984,0.9104897209511008,60.00790999135013,normal,9,0,0,0.49897923014295387,0.0904021692694772,0,normal,0.1021965891122818,0.5109829306602478,0.0,0.0,0.0,0.0,0.0,0.0
2026-05-11 09:30:00,SM_0091,residentiel,zone_A,5.1842210372782285,221.24502076774138,23.432034851173082,0.8521356433087908,60.41458514432415,normal,9,0,0,-0.8343074932311882,-0.1386231682714265,0,normal,0.12797757983207703,0.6398878693580627,0.0,0.0,0.0,0.0,0.0,0.0
2026-05-11 09:45:00,SM_0091,residentiel,zone_A,4.745362765893593,232.37801294699895,20.420876767613642,0.87806027647485,59.896495366441094,normal,9,0,0,-0.4388582713846354,-0.08465269289811006,0,normal,0.06415101885795593,0.32075509428977966,0.0,0.0,0.0,0.0,0.0,0.0
2026-05-11 10:00:00,SM_0091,residentiel,zone_A,5.8504145529287985,226.90498973853042,25.78354296955043,0.8625292601126459,59.749273362455476,normal,10,0,0,1.1050517870352055,0.23286982293062164,0,normal,0.12021902948617935,0.6010951399803162,0.0,0.0,0.0,0.0,0.0,0.0
2026-05-11 10:15:00,SM_0091,residentiel,zone_A,5.8000424671943165,231.6644499225921,25.036394099881665,0.8577886255466953,60.09775797658448,normal,10,0,0,-0.05037208573448204,-0.008610002808991601,0,normal,0.11753316968679428,0.587665855884552,0.0,0.0,0.0,0.0,0.0,0.0
2026-05-11 10:30:00,SM_0091,residentiel,zone_A,5.050443074816063,234.4854513022626,21.5384069534694,0.8932335392822667,60.005777224376295,normal,10,0,0,-0.7495993923782533,-0.12924032825933096,0,normal,0.09920252859592438,0.4960126280784607,0.0,0.0,0.0,0.0,0.0,0.0
2026-05-11 10:45:00,SM_0091,residentiel,zone_A,5.288420996419128,237.5459171647637,22.262731599596545,0.8597157472277622,60.035700758027254,normal,10,0,0,0.23797792160306486,0.04712020669824746,0,normal,0.1212153434753418,0.606076717376709,0.0,0.0,0.0,0.0,0.0,0.0
2026-05-11 11:00:00,SM_0091,residentiel,zone_A,5.471069477039946,226.46120215142793,24.158970389027623,0.9354369615222258,60.27297375450312,normal,11,0,0,0.18264848062081818,0.034537432013164615,0,normal,0.15887486934661865,0.7943743467330933,0.0,0.0,0.0,0.0,0.0,0.0
2026-05-11 11:15:00,SM_0091,residentiel,zone_A,5.385314641734722,235.15850965181517,22.900785728351607,0.9151475784069972,60.12613006933388,normal,11,0,0,-0.08575483530522376,-0.0156742362101423,0,normal,0.1067432388663292,0.5337162017822266,0.0,0.0,0.0,0.0,0.0,0.0
2026-05-11 11:30:00,SM_0091,residentiel,zone_A,5.196730193368911,232.08216353220843,22.391768993689627,0.925919446444323,60.02929972487885,normal,11,0,0,-0.18858444836581167,-0.035018278580109974,0,normal,0.10217976570129395,0.5108988285064697,0.0,0.0,0.0,0.0,0.0,0.0
2026-05-11 11:45:00,SM_0091,residentiel,zone_A,4.824134896689407,229.85914946875022,20.987352071209408,0.8845997850403333,60.36066245124101,normal,11,0,0,-0.37259529667950364,-0.07169802603085684,0,normal,0.1466200053691864,0.7330999970436096,0.0,0.0,0.0,0.0,0.0,0.0
2026-05-11 12:00:00,SM_0091,residentiel,zone_A,5.419093036784844,230.42949426751943,23.517358548265936,0.9152324066184088,60.187855197468416,normal,12,0,0,0.5949581400954367,0.12332949903696311,0,normal,0.08907973766326904,0.4453986883163452,0.0,0.0,0.0,0.0,0.0,0.0
2026-05-11 12:15:00,SM_0091,residentiel,zone_A,5.566020501590274,232.55707103566053,23.933998122709305,0.933786662389982,59.83568668126231,normal,12,0,0,0.1469274648054304,0.02711292531943732,0,normal,0.12776987254619598,0.6388493776321411,0.0,0.0,0.0,0.0,0.0,0.0
2026-05-11 12:30:00,SM_0091,residentiel,zone_A,5.119783097016034,225.34116588398348,22.720141155442256,0.8552569485454206,60.26303735064665,normal,12,0,0,-0.4462374045742399,-0.08017171414419777,0,normal,0.1203053742647171,0.6015268564224243,0.0,0.0,0.0,0.0,0.0,0.0
2026-05-11 12:45:00,SM_0091,residentiel,zone_A,5.441142088051582,235.29344694540572,23.124919791387438,0.9359064016708908,60.05187727472114,normal,12,0,0,0.3213589910355479,0.06276808703533665,0,normal,0.08087556064128876,0.4043777883052826,0.0,0.0,0.0,0.0,0.0,0.0
2026-05-11 13:00:00,SM_0091,residentiel,zone_A,5.244509757965509,234.3101829309594,22.38276498427227,0.8825669808490769,60.08936471929409,normal,13,0,0,-0.19663233008607328,-0.0361380619921442,0,normal,0.08996670693159103,0.44983354210853577,0.0,0.0,0.0,0.0,0.0,0.0
2026-05-11 13:15:00,SM_0091,residentiel,zone_A,5.38202625616267,220.9307961727172,24.360688276138564,0.8674255003282424,60.04522621946206,normal,13,0,0,0.1375164981971615,0.026221039628784748,0,normal,0.08099521696567535,0.4049760699272156,0.0,0.0,0.0,0.0,0.0,0.0
2026-05-11 13:30:00,SM_0091,residentiel,zone_A,5.004381688372346,231.866545444314,21.583026041047475,0.9499414587822461,60.03395948453204,normal,13,0,0,-0.3776445677903242,-0.07016773048215874,0,normal,0.12323347479104996,0.6161673665046692,0.0,0.0,0.0,0.0,0.0,0.0
2026-05-11 13:45:00,SM_0091,residentiel,zone_A,5.051197266206208,237.16052458644126,21.29864265992179,0.933263539375914,59.79709983836456,normal,13,0,0,0.04681557783386214,0.009354917500125515,0,normal,0.1651741862297058,0.825870931148529,0.0,0.0,0.0,0.0,0.0,0.0
2026-05-11 14:00:00,SM_0091,residentiel,zone_A,5.059164375653691,235.1658869915021,21.51317285162413,0.8918432057017335,59.57728359121957,normal,14,0,0,0.007967109447482912,0.0015772714918074193,0,normal,0.07917586714029312,0.395879328250885,0.0,0.0,0.0,0.0,0.0,0.0
2026-05-11 14:15:00,SM_0091,residentiel,zone_A,5.44140133625938,236.95289363709298,22.96406366994277,0.9422663310734007,60.003491341620474,normal,14,0,0,0.382236960605689,0.07555337842848808,0,normal,0.10480242222547531,0.5240120887756348,0.0,0.0,0.0,0.0,0.0,0.0
2026-05-11 14:30:00,SM_0091,residentiel,zone_A,5.227429372128135,235.26529613626056,22.219296504744676,0.8822907112073387,60.004495388673924,normal,14,0,0,-0.21397196413124497,-0.0393229521052636,0,normal,0.06786585599184036,0.3393292725086212,0.0,0.0,0.0,0.0,0.0,0.0
2026-05-11 14:45:00,SM_0091,residentiel,zone_A,5.230641516528452,230.06427534048726,22.73556600122849,0.9472160629995737,59.77556783091582,normal,14,0,0,0.0032121444003170296,0.0006144787756374726,0,normal,0.13547351956367493,0.6773675680160522,0.0,0.0,0.0,0.0,0.0,0.0
2026-05-11 15:00:00,SM_0091,residentiel,zone_A,4.992376327553073,231.63906794477248,21.552393436254707,0.9054495142881664,59.85908992145692,normal,15,0,0,-0.23826518897537952,-0.04555181008342446,0,normal,0.08904996514320374,0.4452498257160187,0.0,0.0,0.0,0.0,0.0,0.0
2026-05-11 15:15:00,SM_0091,residentiel,zone_A,5.175049207644766,227.21083810283184,22.776418813712684,0.8796130990304266,59.90718843341456,normal,15,0,0,0.18267288009169302,0.036590366612291536,0,normal,0.15732254087924957,0.7866126894950867,0.0,0.0,0.0,0.0,0.0,0.0
2026-05-11 15:30:00,SM_0091,residentiel,zone_A,5.518322077887099,234.69181865469798,23.513056865464087,0.8536116951486885,60.2369385602628,normal,15,0,0,0.3432728702423331,0.06633229105053506,0,normal,0.10986097157001495,0.5493048429489136,0.0,0.0,0.0,0.0,0.0,0.0
2026-05-11 15:45:00,SM_0091,residentiel,zone_A,5.369003418449837,227.66023930179168,23.583404088987894,0.9113684757290192,59.71528964117984,normal,15,0,0,-0.1493186594372622,-0.027058706855043635,0,normal,0.14916545152664185,0.7458272576332092,0.0,0.0,0.0,0.0,0.0,0.0
2026-05-11 16:00:00,SM_0091,residentiel,zone_A,5.0070597637323235,228.54883571096036,21.90805194065665,0.8694459905435981,59.77469004663805,normal,16,0,0,-0.3619436547175132,-0.06741356384198671,0,normal,0.1133245974779129,0.5666229724884033,0.0,0.0,0.0,0.0,0.0,0.0
2026-05-11 16:15:00,SM_0091,residentiel,zone_A,5.372720536874519,227.02129130277078,23.666152659263574,0.8974436156862347,60.2607974457341,normal,16,0,0,0.3656607731421957,0.07302904107332409,0,normal,0.06501661241054535,0.32508304715156555,0.0,0.0,0.0,0.0,0.0,0.0
2026-05-11 16:30:00,SM_0091,residentiel,zone_A,4.818232431039874,239.73617036719256,20.098062064059903,0.9163429363756264,59.81232813980405,normal,16,0,0,-0.5544881058346451,-0.10320434536451961,0,normal,0.08725639432668686,0.4362819492816925,0.0,0.0,0.0,0.0,0.0,0.0
2026-05-11 16:45:00,SM_0091,residentiel,zone_A,5.103930368049189,237.2562885730633,21.512308056177947,0.9225005374685814,59.556481320540165,normal,16,0,0,0.28569793700931534,0.05929517537775908,0,normal,0.15418194234371185,0.7709097266197205,0.0,0.0,0.0,0.0,0.0,0.0
2026-05-11 17:00:00,SM_0091,residentiel,zone_A,5.0565757505010955,232.59067914935687,21.74023382619749,0.927577275953307,59.8485689690487,normal,17,0,0,-0.04735461754809389,-0.009278068886780955,0,normal,0.09312977641820908,0.465648889541626,0.0,0.0,0.0,0.0,0.0,0.0
2026-05-11 17:15:00,SM_0091,residentiel,zone_A,5.052063451746792,231.09902857369616,21.861032834829587,0.8763276210139358,59.89650773439679,normal,17,0,0,-0.004512298754303146,-0.000892362534835156,0,normal,0.16126637160778046,0.8063318133354187,0.0,0.0,0.0,0.0,0.0,0.0
2026-05-11 17:30:00,SM_0091,residentiel,zone_A,5.336431133655906,231.13572092567898,23.087868514152426,0.8831572655799277,60.22526807990545,normal,17,0,0,0.28436768190911366,0.056287432773789,0,normal,0.08967815339565277,0.44839075207710266,0.0,0.0,0.0,0.0,0.0,0.0
2026-05-11 17:45:00,SM_0091,residentiel,zone_A,5.071225190968119,225.2493349028917,22.51382981066026,0.8937191818903771,59.94123833602322,normal,17,0,0,-0.2652059426877873,-0.049697248225538115,0,normal,0.07873894274234772,0.3936946988105774,0.0,0.0,0.0,0.0,0.0,0.0
2026-05-11 18:00:00,SM_0091,residentiel,zone_A,5.116698689615563,232.96529311570384,21.963351798820604,0.9315862292100375,59.99458494113046,normal,18,0,0,0.045473498647444544,0.00896696497099625,0,normal,0.11126168072223663,0.556308388710022,0.0,0.0,0.0,0.0,0.0,0.0
2026-05-11 18:15:00,SM_0091,residentiel,zone_A,5.4460732631850775,233.11154853474548,23.362520207244625,0.9244597181290433,60.01555175103737,normal,18,0,0,0.32937457356951416,0.06437247794910927,0,normal,0.1266709268093109,0.6333546042442322,0.0,0.0,0.0,0.0,0.0,0.0
2026-05-11 18:30:00,SM_0091,residentiel,zone_A,5.278219779211638,230.52736781200076,22.89628268135227,0.8714187368480519,60.04462700781173,normal,18,0,0,-0.16785348397343913,-0.030821011004040666,0,normal,0.09908321499824524,0.4954160749912262,0.0,0.0,0.0,0.0,0.0,0.0
2026-05-11 18:45:00,SM_0091,residentiel,zone_A,5.30551896299524,224.09943783391267,23.674842803163706,0.9007425746083456,60.22623183024233,normal,18,0,0,0.027299183783601855,0.0051720437809581465,0,normal,0.2,1.0,0.0,0.0,0.0,0.0,0.0,0.0
2026-05-11 19:00:00,SM_0091,residentiel,zone_A,5.257072844412824,227.4102757032256,23.11712972580622,0.8983137104817254,59.93679716144786,normal,19,0,0,-0.0484461185824161,-0.00913126857529234,0,normal,0.09777596592903137,0.48887982964515686,0.0,0.0,0.0,0.0,0.0,0.0
2026-05-11 19:15:00,SM_0091,residentiel,zone_A,5.2361762570806905,229.51340278910644,22.814250468379264,0.8707754607210693,60.1039348191347,normal,19,0,0,-0.02089658733213362,-0.003974947266394135,0,normal,0.1064433604478836,0.5322167873382568,0.0,0.0,0.0,0.0,0.0,0.0
2026-05-11 19:30:00,SM_0091,residentiel,zone_A,5.572174931126745,232.86471580602387,23.928807384319928,0.8633287541078017,59.87137710609101,normal,19,0,0,0.33599867404605455,0.06416870967467836,0,normal,0.09182477742433548,0.4591238796710968,0.0,0.0,0.0,0.0,0.0,0.0
2026-05-11 19:45:00,SM_0091,residentiel,zone_A,5.0759603556301185,230.95346227809725,21.978282142044783,0.8637753310463895,59.71015586057241,normal,19,0,0,-0.4962145754966265,-0.08905222496241472,0,normal,0.07781041413545609,0.38905206322669983,0.0,0.0,0.0,0.0,0.0,0.0
2026-05-11 20:00:00,SM_0091,residentiel,zone_A,5.249534474529282,230.6202519432996,22.76267773664533,0.8554165313423114,59.821820220791075,normal,20,0,0,0.17357411889916374,0.03419532595573571,0,normal,0.17182865738868713,0.8591432571411133,0.0,0.0,0.0,0.0,0.0,0.0
2026-05-11 20:15:00,SM_0091,residentiel,zone_A,4.965634336297879,223.74606950262236,22.193169012247967,0.8885625987250947,59.619497808992676,normal,20,0,0,-0.28390013823140325,-0.05408101225144546,0,normal,0.08266398310661316,0.4133199155330658,0.0,0.0,0.0,0.0,0.0,0.0
2026-05-11 20:30:00,SM_0091,residentiel,zone_A,5.704908368837058,225.3281169193128,25.31822680114047,0.9204074136975603,59.905890105749336,normal,20,0,0,0.7392740325391793,0.1488780652121766,0,normal,0.07116174697875977,0.35580873489379883,0.0,0.0,0.0,0.0,0.0,0.0
2026-05-11 20:45:00,SM_0091,residentiel,zone_A,5.607324909207993,234.97803441757847,23.863187566048147,0.88898230422284,60.082075154215,normal,20,0,0,-0.09758345962906567,-0.017105175634741676,0,normal,0.1144263744354248,0.572131872177124,0.0,0.0,0.0,0.0,0.0,0.0
2026-05-11 21:00:00,SM_0091,residentiel,zone_A,5.288418174079882,218.76580735796628,24.173879080776313,0.8869041320217377,59.93899708750083,normal,21,0,0,-0.3189067351281105,-0.05687323996589211,0,normal,0.07876564562320709,0.39382821321487427,0.0,0.0,0.0,0.0,0.0,0.0
2026-05-11 21:15:00,SM_0091,residentiel,zone_A,4.911972222465221,224.63502339938117,21.866457634846054,0.883204619359547,60.08439820350797,normal,21,0,0,-0.3764459516146612,-0.07118309090225416,0,normal,0.1105121523141861,0.5525607466697693,0.0,0.0,0.0,0.0,0.0,0.0
2026-05-11 21:30:00,SM_0091,residentiel,zone_A,5.3914173515495145,225.70358032687176,23.88715918348073,0.9132835303021851,59.98360736175279,normal,21,0,0,0.4794451290842936,0.0976074593605234,0,normal,0.07472895085811615,0.37364473938941956,0.0,0.0,0.0,0.0,0.0,0.0
2026-05-11 21:45:00,SM_0091,residentiel,zone_A,5.010802687792643,223.53119152099384,22.41657038419192,0.8820306093831002,60.03736565254178,normal,21,0,0,-0.38061466375687125,-0.07059640145415214,0,normal,0.14708726108074188,0.7354362607002258,0.0,0.0,0.0,0.0,0.0,0.0
2026-05-11 22:00:00,SM_0091,residentiel,zone_A,5.15803207164091,221.5508409725257,23.281482701663734,0.8912977600758648,59.80137878350987,normal,22,0,0,0.14722938384826634,0.029382395001692485,0,normal,0.08009286969900131,0.40046435594558716,0.0,0.0,0.0,0.0,0.0,0.0
2026-05-11 22:15:00,SM_0091,residentiel,zone_A,5.279217136580737,223.4568642927502,23.625218018205295,0.8815201824445714,59.78386039806512,normal,22,0,0,0.12118506493982739,0.023494438044716404,0,normal,0.07425263524055481,0.37126317620277405,0.0,0.0,0.0,0.0,0.0,0.0
2026-05-11 22:30:00,SM_0091,residentiel,zone_A,5.175322239570084,228.98666996704588,22.600976031988584,0.8936999010028759,59.87201973353202,normal,22,0,0,-0.1038948970106528,-0.019679981770544086,0,normal,0.06702276319265366,0.3351137936115265,0.0,0.0,0.0,0.0,0.0,0.0
2026-05-11 22:45:00,SM_0091,residentiel,zone_A,5.665294944266503,238.89972869004268,23.714112089331273,0.9168128822845609,60.302982675613606,normal,22,0,0,0.4899727046964184,0.09467482062278698,0,normal,0.10123629868030548,0.5061814785003662,0.0,0.0,0.0,0.0,0.0,0.0
2026-05-11 23:00:00,SM_0091,residentiel,zone_A,5.554918636052558,231.27386756404766,24.01879077200199,0.9172907425704007,59.92172768774583,normal,23,0,0,-0.11037630821394462,-0.01948288823438038,0,normal,0.0817098543047905,0.4085492789745331,0.0,0.0,0.0,0.0,0.0,0.0
2026-05-11 23:15:00,SM_0091,residentiel,zone_A,5.21718361324327,235.0010632138788,22.200680890090336,0.8910408169737145,59.958413399742966,normal,23,0,0,-0.33773502280928813,-0.060799274469533815,0,normal,0.10105250030755997,0.5052624940872192,0.0,0.0,0.0,0.0,0.0,0.0
2026-05-11 23:30:00,SM_0091,residentiel,zone_A,5.385795500842847,236.5089641192374,22.772056530286804,0.9128294272526002,59.972443914391164,normal,23,0,0,0.16861188759957724,0.03231856497662333,0,normal,0.06807883083820343,0.34039413928985596,0.0,0.0,0.0,0.0,0.0,0.0
2026-05-11 23:45:00,SM_0091,residentiel,zone_A,5.155937587028173,227.6062032569736,22.65288693035743,0.9395329382624088,60.1603894456098,normal,23,0,0,-0.2298579138146737,-0.04267854466043175,0,normal,0.09314829856157303,0.46574148535728455,0.0,0.0,0.0,0.0,0.0,0.0
2026-05-11 00:00:00,SM_0092,residentiel,zone_C,2.4535080822950643,230.71741718078474,10.634256018792692,0.9358981254031512,59.87920138993355,normal,0,0,0,0.0,0.0,0,normal,0.18921558558940887,0.9460778832435608,0.0,0.0,0.0,0.0,0.0,0.0
2026-05-11 00:15:00,SM_0092,residentiel,zone_C,2.1148725124249372,220.47605996631856,9.592300010930982,0.8997099949448241,59.955147043384635,normal,0,0,0,-0.3386355698701271,-0.13802097181329032,0,normal,0.18892528116703033,0.9446263909339905,0.0,0.0,0.0,0.0,0.0,0.0
2026-05-11 00:30:00,SM_0092,residentiel,zone_C,2.1354860097423805,227.12481498654637,9.402257564277486,0.8724274072676026,59.994080149602446,normal,0,0,0,0.02061349731744322,0.009746921952192622,0,normal,0.08945686370134354,0.4472843110561371,0.0,0.0,0.0,0.0,0.0,0.0
2026-05-11 00:45:00,SM_0092,residentiel,zone_C,2.257208908079565,236.30242525117868,9.552203730792248,0.8741612384875056,59.78897111110872,normal,0,0,0,0.12172289833718475,0.05700009168023956,0,normal,0.10537015646696091,0.5268507599830627,0.0,0.0,0.0,0.0,0.0,0.0
2026-05-11 01:00:00,SM_0092,residentiel,zone_C,2.245998098274391,235.1910797885938,9.549673823910545,0.8831787615432422,59.801881662788944,normal,1,0,0,-0.011210809805174193,-0.004966669130644363,0,normal,0.08877862244844437,0.44389310479164124,0.0,0.0,0.0,0.0,0.0,0.0
2026-05-11 01:15:00,SM_0092,residentiel,zone_C,2.267052331243489,226.66778724805792,10.001652015786876,0.8745014627471464,60.03428976749959,normal,1,0,0,0.02105423296909814,0.009374109882494652,0,normal,0.09062258154153824,0.4531129002571106,0.0,0.0,0.0,0.0,0.0,0.0
2026-05-11 01:30:00,SM_0092,residentiel,zone_C,2.2234056892693945,230.99283135624194,9.625431560862648,0.925153659152891,59.84488840226412,normal,1,0,0,-0.043646641974094624,-0.01925259570437632,0,normal,0.0946580097079277,0.47329002618789673,0.0,0.0,0.0,0.0,0.0,0.0
2026-05-11 01:45:00,SM_0092,residentiel,zone_C,2.197512595879002,226.55302954258357,9.699771397080129,0.8546061847756193,60.20185954468914,normal,1,0,0,-0.025893093390392696,-0.011645689995018915,0,normal,0.08708848804235458,0.4354424476623535,0.0,0.0,0.0,0.0,0.0,0.0
2026-05-11 02:00:00,SM_0092,residentiel,zone_C,2.3204452956946566,233.9130747928654,9.920117965827504,0.9010693196400174,60.07897054966374,normal,2,0,0,0.1229326998156548,0.05594174979756228,0,normal,0.13176226615905762,0.6588113307952881,0.0,0.0,0.0,0.0,0.0,0.0
2026-05-11 02:15:00,SM_0092,residentiel,zone_C,2.341687994078592,232.76079333077874,10.06049154829437,0.893791336715066,59.89012311992721,normal,2,0,0,0.021242698383935554,0.009154578400684121,0,normal,0.0776231437921524,0.38811570405960083,0.0,0.0,0.0,0.0,0.0,0.0
2026-05-11 02:30:00,SM_0092,residentiel,zone_C,2.3017269624419563,232.0823394073869,9.917716997852251,0.9462143464771803,60.10021753438855,normal,2,0,0,-0.03996103163663589,-0.017065053814891207,0,normal,0.2,1.0,0.0,0.0,0.0,0.0,0.0,0.0
2026-05-11 02:45:00,SM_0092,residentiel,zone_C,2.1755880115539403,234.8044428628705,9.26553171238126,0.9164840700518289,59.83655123105654,normal,2,0,0,-0.12613895088801597,-0.05480187396084213,0,normal,0.10371533781290054,0.5185766816139221,0.0,0.0,0.0,0.0,0.0,0.0
2026-05-11 03:00:00,SM_0092,residentiel,zone_C,2.0138170279711285,229.7071882502981,8.766887285115315,0.947637409032174,60.298955927990654,normal,3,0,0,-0.16177098358281183,-0.07435736119324587,0,normal,0.07890816777944565,0.39454081654548645,0.0,0.0,0.0,0.0,0.0,0.0
2026-05-11 03:15:00,SM_0092,residentiel,zone_C,2.102111447842646,222.52614499067244,9.446581874371478,0.9136847990223446,60.21970339844958,normal,3,0,0,0.08829441987151743,0.04384431090071361,0,normal,0.08466944843530655,0.42334723472595215,0.0,0.0,0.0,0.0,0.0,0.0
2026-05-11 03:30:00,SM_0092,residentiel,zone_C,2.221395195869931,229.46736327694666,9.680658565762597,0.887573903542433,60.046993311646766,normal,3,0,0,0.11928374802728525,0.05674473070859487,0,normal,0.08635743707418442,0.4317871928215027,0.0,0.0,0.0,0.0,0.0,0.0
2026-05-11 03:45:00,SM_0092,residentiel,zone_C,2.1516651442354497,223.31472518161928,9.635124340705815,0.9351502168706791,59.91841876392239,normal,3,0,0,-0.06973005163448143,-0.031390205472725086,0,normal,0.091527558863163,0.4576377868652344,0.0,0.0,0.0,0.0,0.0,0.0
2026-05-11 04:00:00,SM_0092,residentiel,zone_C,2.2801281922727883,222.98636775385597,10.225415191253814,0.8947369410751844,59.65011987393806,normal,4,0,0,0.12846304803733855,0.059704014995783705,0,normal,0.07235018908977509,0.36175093054771423,0.0,0.0,0.0,0.0,0.0,0.0
2026-05-11 04:15:00,SM_0092,residentiel,zone_C,2.352452224541123,226.6522679225224,10.379125018706068,0.9198896220502601,60.12324411127032,normal,4,0,0,0.07232403226833473,0.031719283377766416,0,normal,0.07655613124370575,0.38278064131736755,0.0,0.0,0.0,0.0,0.0,0.0
2026-05-11 04:30:00,SM_0092,residentiel,zone_C,2.2847462803245118,233.83807764274653,9.770634035980677,0.9433968059898021,59.95396019231335,normal,4,0,0,-0.06770594421661125,-0.028781007116868484,0,normal,0.11295083910226822,0.5647541880607605,0.0,0.0,0.0,0.0,0.0,0.0
2026-05-11 04:45:00,SM_0092,residentiel,zone_C,2.343048743761205,219.78287752343766,10.6607428666109,0.9360729848321863,59.975882468809075,normal,4,0,0,0.05830246343669332,0.025518134743789833,0,normal,0.09484662860631943,0.47423315048217773,0.0,0.0,0.0,0.0,0.0,0.0
2026-05-11 05:00:00,SM_0092,residentiel,zone_C,2.0789220364487564,220.54766551525844,9.426180193709317,0.948724607918718,60.14833524211871,normal,5,0,0,-0.2641267073124487,-0.11272779024155355,0,normal,0.2,1.0,0.0,0.0,0.0,0.0,0.0,0.0
2026-05-11 05:15:00,SM_0092,residentiel,zone_C,2.210382614467702,228.63954795353447,9.66754279498886,0.8794616284053559,59.75439751375108,normal,5,0,0,0.13146057801894573,0.06323497260316135,0,normal,0.11050200462341309,0.5525100231170654,0.0,0.0,0.0,0.0,0.0,0.0
2026-05-11 05:30:00,SM_0092,residentiel,zone_C,2.3608833360159536,232.25239408462548,10.165162539317988,0.8714221554857258,59.65652922495022,normal,5,0,0,0.15050072154825145,0.06808808600066496,0,normal,0.1571931391954422,0.7859656810760498,0.0,0.0,0.0,0.0,0.0,0.0
2026-05-11 05:45:00,SM_0092,residentiel,zone_C,2.1430276989063017,235.67354272279835,9.09320441381472,0.9179464883488229,59.96932197710923,normal,5,0,0,-0.21785563710965183,-0.09227717176287431,0,normal,0.18719342350959778,0.9359670877456665,0.0,0.0,0.0,0.0,0.0,0.0
2026-05-11 06:00:00,SM_0092,residentiel,zone_C,2.3044063926537146,224.71064789247484,10.254994208180044,0.8852600510795369,59.901547724221324,normal,6,0,0,0.16137869374741287,0.07530406341913953,0,normal,0.2,1.0,0.0,0.0,0.0,0.0,0.0,0.0
2026-05-11 06:15:00,SM_0092,residentiel,zone_C,2.3423429760933496,239.12958970287937,9.795287061729715,0.8879267797033036,59.9749467379575,normal,6,0,0,0.03793658343963502,0.016462627234750782,0,normal,0.07317847013473511,0.36589235067367554,0.0,0.0,0.0,0.0,0.0,0.0
2026-05-11 06:30:00,SM_0092,residentiel,zone_C,2.2471473037604195,242.31069013598201,9.273826517927649,0.8918874788516623,60.52818227578324,normal,6,0,0,-0.09519567233293014,-0.04064121834612844,0,normal,0.18907149136066437,0.7960345149040222,0.10704947944332187,0.0,0.0,0.056364551566474574,0.0,0.0
2026-05-11 06:45:00,SM_0092,residentiel,zone_C,2.2252386241567343,229.55183999409084,9.6938391964709,0.8547470737153394,59.80318864059741,normal,6,0,0,-0.021908679603685144,-0.009749552050736798,0,normal,0.07758411765098572,0.3879205882549286,0.0,0.0,0.0,0.0,0.0,0.0
2026-05-11 07:00:00,SM_0092,residentiel,zone_C,2.1649454697826527,225.23122881865095,9.612101666087336,0.8678412836625585,59.93741729003785,normal,7,0,0,-0.06029315437408167,-0.027095141042201787,0,normal,0.09401781857013702,0.4700890779495239,0.0,0.0,0.0,0.0,0.0,0.0
2026-05-11 07:15:00,SM_0092,residentiel,zone_C,2.252719494164872,227.60984782566325,9.897284830533048,0.9136398194499538,59.956389843972474,normal,7,0,0,0.08777402438221937,0.0405432957122156,0,normal,0.10186818987131119,0.5093409419059753,0.0,0.0,0.0,0.0,0.0,0.0
2026-05-11 07:30:00,SM_0092,residentiel,zone_C,2.1415718371110466,229.00812197739802,9.351510412029882,0.8739768834654922,60.141091682546104,normal,7,0,0,-0.11114765705382545,-0.049339324022243614,0,normal,0.2,1.0,0.0,0.0,0.0,0.0,0.0,0.0
2026-05-11 07:45:00,SM_0092,residentiel,zone_C,2.1059187222350046,233.00150892421334,9.038219245695878,0.9179488761421625,59.838001082129274,normal,7,0,0,-0.03565311487604195,-0.0166481059650736,0,normal,0.2,1.0,0.0,0.0,0.0,0.0,0.0,0.0
2026-05-11 08:00:00,SM_0092,residentiel,zone_C,2.4386295144418773,229.65596069747215,10.618620596807874,0.8815996471764047,59.62120794676999,normal,8,0,0,0.3327107922068726,0.15798842979740813,0,normal,0.2,1.0,0.0,0.0,0.0,0.0,0.0,0.0
2026-05-11 08:15:00,SM_0092,residentiel,zone_C,2.4256186560916166,219.5158634523573,11.049855887148956,0.8778555434329433,60.15815670884437,normal,8,0,0,-0.013010858350260612,-0.005335315706304966,0,normal,0.15546643733978271,0.7773321866989136,0.0,0.0,0.0,0.0,0.0,0.0
2026-05-11 08:30:00,SM_0092,residentiel,zone_C,1.9534007203126096,236.89962429855396,8.245689397340819,0.9440520504475773,59.72400195910341,normal,8,0,0,-0.47221793577900706,-0.19467937987411787,0,normal,0.08292024582624435,0.41460120677948,0.0,0.0,0.0,0.0,0.0,0.0
2026-05-11 08:45:00,SM_0092,residentiel,zone_C,2.3004086292806867,227.74541506250588,10.100790080227641,0.9182836744994829,59.799825602094685,normal,8,0,0,0.3470079089680771,0.17764297174649557,0,normal,0.08378510922193527,0.41892555356025696,0.0,0.0,0.0,0.0,0.0,0.0
2026-05-11 09:00:00,SM_0092,residentiel,zone_C,2.0577141241207286,231.98533237130644,8.870018216613945,0.927654106210524,60.10946441575491,normal,9,0,0,-0.24269450515995805,-0.10550060631438596,0,normal,0.08529997617006302,0.4264998733997345,0.0,0.0,0.0,0.0,0.0,0.0
2026-05-11 09:15:00,SM_0092,residentiel,zone_C,2.32977490100798,221.71554266542913,10.507945780434673,0.8807460811320643,60.03515533408087,normal,9,0,0,0.27206077688725117,0.1322150505253028,0,normal,0.08308965712785721,0.41544827818870544,0.0,0.0,0.0,0.0,0.0,0.0
2026-05-11 09:30:00,SM_0092,residentiel,zone_C,2.2349422732016535,225.25046083565795,9.922031967926854,0.9334724564710368,60.477950471609006,normal,9,0,0,-0.09483262780632629,-0.04070463106341171,0,normal,0.07492828369140625,0.37464141845703125,0.0,0.0,0.0,0.0,0.0,0.0
2026-05-11 09:45:00,SM_0092,residentiel,zone_C,2.262006247545039,230.32867401244397,9.820775712114896,0.8664630257786782,59.932026045336016,normal,9,0,0,0.02706397434338559,0.012109473550122374,0,normal,0.0916498452425003,0.45824921131134033,0.0,0.0,0.0,0.0,0.0,0.0
2026-05-11 10:00:00,SM_0092,residentiel,zone_C,2.2006044670980507,226.40232299524416,9.71988466365814,0.9224256393398858,59.91562778650677,normal,10,0,0,-0.06140178044698841,-0.027144832386571838,0,normal,0.0697052851319313,0.3485264182090759,0.0,0.0,0.0,0.0,0.0,0.0
2026-05-11 10:15:00,SM_0092,residentiel,zone_C,1.9934855562865959,234.69646865207972,8.493888160037857,0.935779656277538,60.19232738398633,normal,10,0,0,-0.20711891081145484,-0.09411909950568431,0,normal,0.08487594872713089,0.42437973618507385,0.0,0.0,0.0,0.0,0.0,0.0
2026-05-11 10:30:00,SM_0092,residentiel,zone_C,2.3444050225100512,229.47608739774512,10.216336913774171,0.939915675525116,59.826933363070424,normal,10,0,0,0.3509194662234554,0.17603311201167537,0,normal,0.14663489162921906,0.7331744432449341,0.0,0.0,0.0,0.0,0.0,0.0
2026-05-11 10:45:00,SM_0092,residentiel,zone_C,2.3307316074916242,229.8661996308423,10.139514253225155,0.9015829076938511,60.03336448306176,normal,10,0,0,-0.013673415018427004,-0.005832360401526349,0,normal,0.17645403742790222,0.8822701573371887,0.0,0.0,0.0,0.0,0.0,0.0
2026-05-11 11:00:00,SM_0092,residentiel,zone_C,2.2243480184854674,231.43979145410196,9.610914374361547,0.905058623071901,60.06204921179476,normal,11,0,0,-0.10638358900615685,-0.045643860779254974,0,normal,0.09997227787971497,0.49986138939857483,0.0,0.0,0.0,0.0,0.0,0.0
2026-05-11 11:15:00,SM_0092,residentiel,zone_C,2.295679338149819,226.8716575353293,10.118845884450453,0.8844038771742362,59.87259231295246,normal,11,0,0,0.07133131966435169,0.03206841693455886,0,normal,0.13620851933956146,0.6810426115989685,0.0,0.0,0.0,0.0,0.0,0.0
2026-05-11 11:30:00,SM_0092,residentiel,zone_C,2.3122442611780945,229.87075037486002,10.058888559799014,0.9051926652165477,60.0820825097987,normal,11,0,0,0.01656492302827539,0.007215695481942008,0,normal,0.13302813470363617,0.665140688419342,0.0,0.0,0.0,0.0,0.0,0.0
2026-05-11 11:45:00,SM_0092,residentiel,zone_C,2.1951586679001722,229.37525182453808,9.57016352217183,0.873135410196389,59.84023024844058,normal,11,0,0,-0.11708559327792223,-0.050637207860672495,0,normal,0.07039134949445724,0.3519567549228668,0.0,0.0,0.0,0.0,0.0,0.0
2026-05-11 12:00:00,SM_0092,residentiel,zone_C,2.147326807358905,239.22468710890342,8.97619235418361,0.9176959440845872,60.29922956747194,normal,12,0,0,-0.04783186054126709,-0.021789705336891063,0,normal,0.11932801455259323,0.5966400504112244,0.0,0.0,0.0,0.0,0.0,0.0
2026-05-11 12:15:00,SM_0092,residentiel,zone_C,2.4557979777717316,239.68725531898045,10.245842961084884,0.8977916256417069,60.24000924240524,normal,12,0,0,0.30847117041282646,0.14365357399520806,0,normal,0.139069065451622,0.6953452825546265,0.0,0.0,0.0,0.0,0.0,0.0
2026-05-11 12:30:00,SM_0092,residentiel,zone_C,2.304517103803134,232.94179802243124,9.893102583423948,0.8661250749434652,59.986350423181705,normal,12,0,0,-0.1512808739685978,-0.06160151418719817,0,normal,0.10037519037723541,0.5018759369850159,0.0,0.0,0.0,0.0,0.0,0.0
2026-05-11 12:45:00,SM_0092,residentiel,zone_C,2.2936111562855444,223.7493605396322,10.250805413494277,0.9318608944684827,59.83267236762699,normal,12,0,0,-0.010905947517589443,-0.004732422033054684,0,normal,0.0984395444393158,0.492197722196579,0.0,0.0,0.0,0.0,0.0,0.0
2026-05-11 13:00:00,SM_0092,residentiel,zone_C,2.287033611676191,227.69161728742253,10.044434832175636,0.8523446549476601,60.300668236227764,normal,13,0,0,-0.006577544609353225,-0.002867767969879198,0,normal,0.08520928770303726,0.4260464310646057,0.0,0.0,0.0,0.0,0.0,0.0
2026-05-11 13:15:00,SM_0092,residentiel,zone_C,2.221564957230571,220.9414374782775,10.054994584024062,0.9118642895224669,59.71027894043541,normal,13,0,0,-0.06546865444562,-0.028626013238886028,0,normal,0.07060711830854416,0.353035569190979,0.0,0.0,0.0,0.0,0.0,0.0
2026-05-11 13:30:00,SM_0092,residentiel,zone_C,2.281071133676811,221.64165112285096,10.291707908332016,0.8817822744333845,59.991721760485625,normal,13,0,0,0.05950617644623968,0.02678570178763562,0,normal,0.07183902710676193,0.35919511318206787,0.0,0.0,0.0,0.0,0.0,0.0
2026-05-11 13:45:00,SM_0092,residentiel,zone_C,2.2189407522676174,229.74777450353568,9.658159941103017,0.9357558781312212,60.1042139251203,normal,13,0,0,-0.06213038140919336,-0.027237371291024437,0,normal,0.09212345629930496,0.4606172740459442,0.0,0.0,0.0,0.0,0.0,0.0
2026-05-11 14:00:00,SM_0092,residentiel,zone_C,2.130095925821139,231.5940677111674,9.197540968440041,0.9059816847248987,60.10163110973169,normal,14,0,0,-0.08884482644647829,-0.040039296387559875,0,normal,0.09625519812107086,0.4812759757041931,0.0,0.0,0.0,0.0,0.0,0.0
2026-05-11 14:15:00,SM_0092,residentiel,zone_C,2.2839994830618284,229.3806757773322,9.957244546959947,0.914368746212182,60.17790864246706,normal,14,0,0,0.15390355724068927,0.07225193728369783,0,normal,0.09894413501024246,0.4947206676006317,0.0,0.0,0.0,0.0,0.0,0.0
2026-05-11 14:30:00,SM_0092,residentiel,zone_C,2.3483208379810248,233.24042625588334,10.06824106642958,0.9399894344946775,59.966688458307225,normal,14,0,0,0.06432135491919633,0.02816172043654319,0,normal,0.06777245551347733,0.33886227011680603,0.0,0.0,0.0,0.0,0.0,0.0
2026-05-11 14:45:00,SM_0092,residentiel,zone_C,2.1264318865384797,232.18966202437977,9.15816780126587,0.8712822041611786,60.057371214650004,normal,14,0,0,-0.22188895144254506,-0.09448834582301568,0,normal,0.08348783105611801,0.41743913292884827,0.0,0.0,0.0,0.0,0.0,0.0
2026-05-11 15:00:00,SM_0092,residentiel,zone_C,2.1993148173117043,230.98769868749366,9.521350400079905,0.9291348522319867,59.789235832409254,normal,15,0,0,0.07288293077322461,0.034274754453512024,0,normal,0.07933109998703003,0.39665549993515015,0.0,0.0,0.0,0.0,0.0,0.0
2026-05-11 15:15:00,SM_0092,residentiel,zone_C,2.2632413180144235,235.07779380400092,9.627627013980868,0.8820409267637028,59.63793651279638,normal,15,0,0,0.06392650070271921,0.02906655300074723,0,normal,0.10831459611654282,0.5415729880332947,0.0,0.0,0.0,0.0,0.0,0.0
2026-05-11 15:30:00,SM_0092,residentiel,zone_C,2.1479787066759286,234.45054986246663,9.161755892387438,0.8793570681440614,59.94643769281341,normal,15,0,0,-0.11526261133849491,-0.05092811377251483,0,normal,0.08727680891752243,0.43638402223587036,0.0,0.0,0.0,0.0,0.0,0.0
2026-05-11 15:45:00,SM_0092,residentiel,zone_C,2.3090206783227667,230.8765309658611,10.00110608325189,0.9142401595808927,59.986656627479086,normal,15,0,0,0.1610419716468381,0.07497372815955705,0,normal,0.07186981290578842,0.3593490719795227,0.0,0.0,0.0,0.0,0.0,0.0
2026-05-11 16:00:00,SM_0092,residentiel,zone_C,2.254386233139951,223.1443276544161,10.1028166695383,0.9224824548108465,59.76725571591116,normal,16,0,0,-0.05463444518281557,-0.023661306152745754,0,normal,0.08317224681377411,0.41586121916770935,0.0,0.0,0.0,0.0,0.0,0.0
2026-05-11 16:15:00,SM_0092,residentiel,zone_C,2.183024212366266,230.8290088348416,9.457321778512778,0.8908115709673481,59.9045052583717,normal,16,0,0,-0.07136202077368514,-0.03165474474810415,0,normal,0.09626273065805435,0.48131364583969116,0.0,0.0,0.0,0.0,0.0,0.0
2026-05-11 16:30:00,SM_0092,residentiel,zone_C,2.509684149574984,226.90507155012813,11.060502669375293,0.8907551813620803,60.16933741765717,normal,16,0,0,0.326659937208718,0.1496364242587298,0,normal,0.07695915549993515,0.38479575514793396,0.0,0.0,0.0,0.0,0.0,0.0
2026-05-11 16:45:00,SM_0092,residentiel,zone_C,2.260522214368296,228.7337539524959,9.882766208776374,0.9377301668520092,60.29284946063002,normal,16,0,0,-0.24916193520668806,-0.09928019637406715,0,normal,0.16684016585350037,0.8342007994651794,0.0,0.0,0.0,0.0,0.0,0.0
2026-05-11 17:00:00,SM_0092,residentiel,zone_C,2.416299000163899,222.43760540545182,10.862816994273743,0.9257378485375599,60.00975859171786,normal,17,0,0,0.15577678579560317,0.0689118579793011,0,normal,0.0764651894569397,0.3823259472846985,0.0,0.0,0.0,0.0,0.0,0.0
2026-05-11 17:15:00,SM_0092,residentiel,zone_C,2.2383177032952792,227.12544999715573,9.854984121432933,0.8564143139588223,60.26495515240921,normal,17,0,0,-0.17798129686861985,-0.07365863945502904,0,normal,0.09212958067655563,0.46064791083335876,0.0,0.0,0.0,0.0,0.0,0.0
2026-05-11 17:30:00,SM_0092,residentiel,zone_C,2.4394818280483284,229.16621235200392,10.645032716695754,0.9185877868899631,59.826949550176224,normal,17,0,0,0.20116412475304912,0.08987290966643968,0,normal,0.10606258362531662,0.5303128957748413,0.0,0.0,0.0,0.0,0.0,0.0
2026-05-11 17:45:00,SM_0092,residentiel,zone_C,2.139602917144778,221.88247469262274,9.642955894145329,0.8920983923145744,59.726488920042364,normal,17,0,0,-0.29987891090355046,-0.12292729851710527,0,normal,0.07914473861455917,0.39572370052337646,0.0,0.0,0.0,0.0,0.0,0.0
2026-05-11 18:00:00,SM_0092,residentiel,zone_C,2.1023235467397114,233.88572727243726,8.988678237260972,0.9037000663103772,60.07738143247413,normal,18,0,0,-0.03727937040506646,-0.017423499522432162,0,normal,0.16568684577941895,0.8284342288970947,0.0,0.0,0.0,0.0,0.0,0.0
2026-05-11 18:15:00,SM_0092,residentiel,zone_C,2.385951961821059,230.88837316415837,10.333790000437489,0.9014151315587118,59.96740782236529,normal,18,0,0,0.28362841508134773,0.13491187668101778,0,normal,0.10802220553159714,0.5401110053062439,0.0,0.0,0.0,0.0,0.0,0.0
2026-05-11 18:30:00,SM_0092,residentiel,zone_C,2.2559289883867364,224.1394585115213,10.064845357296946,0.93510547073942,60.18627482359579,normal,18,0,0,-0.13002297343432279,-0.05449521847668881,0,normal,0.10453972965478897,0.5226986408233643,0.0,0.0,0.0,0.0,0.0,0.0
2026-05-11 18:45:00,SM_0092,residentiel,zone_C,2.1219467661791716,225.32494790745542,9.417273967597627,0.8502937365875786,60.06612524625979,normal,18,0,0,-0.13398222220756484,-0.05939115233559655,0,normal,0.09347470849752426,0.4673735201358795,0.0,0.0,0.0,0.0,0.0,0.0
2026-05-11 19:00:00,SM_0092,residentiel,zone_C,2.173664052317069,236.631667515638,9.185854434184812,0.9186560562805361,60.09720768298005,normal,19,0,0,0.05171728613789739,0.024372565307574146,0,normal,0.166388601064682,0.8319429755210876,0.0,0.0,0.0,0.0,0.0,0.0
2026-05-11 19:15:00,SM_0092,residentiel,zone_C,2.020004229446211,229.54665570323465,8.799972377108983,0.9348407791740111,59.73239677230885,normal,19,0,0,-0.1536598228708579,-0.07069161525078382,0,normal,0.15006063878536224,0.7503031492233276,0.0,0.0,0.0,0.0,0.0,0.0
2026-05-11 19:30:00,SM_0092,residentiel,zone_C,2.2897386791291585,229.26019290430804,9.987510915533788,0.8700624580323963,59.99244066221485,normal,19,0,0,0.26973444968294746,0.13353162619708758,0,normal,0.12144161760807037,0.6072080731391907,0.0,0.0,0.0,0.0,0.0,0.0
2026-05-11 19:45:00,SM_0092,residentiel,zone_C,2.1948304618551635,222.8932822969387,9.847001395632944,0.8544634774689652,60.073250281837176,normal,19,0,0,-0.09490821727399501,-0.04144936631375373,0,normal,0.08754020929336548,0.4377010464668274,0.0,0.0,0.0,0.0,0.0,0.0
2026-05-11 20:00:00,SM_0092,residentiel,zone_C,2.4097037124414933,226.73925340960466,10.627642440404271,0.8829907308025785,59.996169355919754,normal,20,0,0,0.21487325058632978,0.09789970310723217,0,normal,0.07484705746173859,0.37423527240753174,0.0,0.0,0.0,0.0,0.0,0.0
2026-05-11 20:15:00,SM_0092,residentiel,zone_C,2.0971683083287216,223.469550059386,9.38458196103858,0.9281062207615688,60.072556947714865,normal,20,0,0,-0.3125354041127717,-0.12969868556832376,0,normal,0.19615158438682556,0.9807578921318054,0.0,0.0,0.0,0.0,0.0,0.0
2026-05-11 20:30:00,SM_0092,residentiel,zone_C,2.2604233001899403,234.18734462018887,9.652200907166668,0.8720600983217284,59.98097263749596,normal,20,0,0,0.16325499186121872,0.07784544102295743,0,normal,0.08405093103647232,0.420254647731781,0.0,0.0,0.0,0.0,0.0,0.0
2026-05-11 20:45:00,SM_0092,residentiel,zone_C,2.3409025224903446,231.08287054287266,10.130142995848056,0.9252414355155447,59.96574626789638,normal,20,0,0,0.08047922230040427,0.03560360676411434,0,normal,0.09331165999174118,0.4665583074092865,0.0,0.0,0.0,0.0,0.0,0.0
2026-05-11 21:00:00,SM_0092,residentiel,zone_C,2.1947667589859003,230.11776844733384,9.537580577956144,0.8795188707752197,60.134186846334885,normal,21,0,0,-0.14613576350444424,-0.06242710326484646,0,normal,0.12297574430704117,0.6148787140846252,0.0,0.0,0.0,0.0,0.0,0.0
2026-05-11 21:15:00,SM_0092,residentiel,zone_C,2.2634816542937357,231.29217480216815,9.786243984388,0.8705870604002578,60.41443325249328,normal,21,0,0,0.06871489530783537,0.03130851833184556,0,normal,0.08820963650941849,0.44104817509651184,0.0,0.0,0.0,0.0,0.0,0.0
2026-05-11 21:30:00,SM_0092,residentiel,zone_C,2.2770348163414043,227.00952668440203,10.03056941970119,0.8839089332528599,59.64967384355962,normal,21,0,0,0.013553162047668543,0.005987749899345918,0,normal,0.11505911499261856,0.5752955675125122,0.0,0.0,0.0,0.0,0.0,0.0
2026-05-11 21:45:00,SM_0092,residentiel,zone_C,2.2334504503731947,232.2067038294113,9.618371965755045,0.9029431785990726,59.81619947676408,normal,21,0,0,-0.04358436596820958,-0.019140843018921494,0,normal,0.08637917041778564,0.4318958520889282,0.0,0.0,0.0,0.0,0.0,0.0
2026-05-11 22:00:00,SM_0092,residentiel,zone_C,2.38025459684742,223.2286748064498,10.662853232951443,0.9196971389035922,60.13652244371724,normal,22,0,0,0.14680414647422513,0.06572975301497963,0,normal,0.07956282794475555,0.3978141248226166,0.0,0.0,0.0,0.0,0.0,0.0
2026-05-11 22:15:00,SM_0092,residentiel,zone_C,2.2380766898648323,231.88834152792785,9.651527433927875,0.8518847325226425,59.94637588862282,normal,22,0,0,-0.14217790698258748,-0.05973222661596711,0,normal,0.12604133784770966,0.6302067041397095,0.0,0.0,0.0,0.0,0.0,0.0
2026-05-11 22:30:00,SM_0092,residentiel,zone_C,2.283852876955398,232.05805135627458,9.84173082384907,0.9351764800282443,59.755109326334676,normal,22,0,0,0.045776187090565745,0.020453359483999733,0,normal,0.10666769742965698,0.5333384871482849,0.0,0.0,0.0,0.0,0.0,0.0
2026-05-11 22:45:00,SM_0092,residentiel,zone_C,2.1567086589316826,233.3161630669228,9.243717325803388,0.8743579985139883,60.1507413997075,normal,22,0,0,-0.12714421802371545,-0.05567093191800132,0,normal,0.0886729285120964,0.4433646500110626,0.0,0.0,0.0,0.0,0.0,0.0
2026-05-11 23:00:00,SM_0092,residentiel,zone_C,2.065576820936084,236.7357309602362,8.725243175408249,0.937433341880659,60.005837515358415,normal,23,0,0,-0.09113183799559854,-0.04225505267862206,0,normal,0.08555887639522552,0.42779436707496643,0.0,0.0,0.0,0.0,0.0,0.0
2026-05-11 23:15:00,SM_0092,residentiel,zone_C,2.3813774897119386,227.36029808243745,10.47402519171789,0.8638623843708187,60.20935118117935,normal,23,0,0,0.31580066877585455,0.15288739957526198,0,normal,0.11555099487304688,0.5777549743652344,0.0,0.0,0.0,0.0,0.0,0.0
2026-05-11 23:30:00,SM_0092,residentiel,zone_C,2.5029514734937157,235.3750288378239,10.633887060374098,0.8997164187271061,60.35485953332003,normal,23,0,0,0.12157398378177708,0.05105195808182561,0,normal,0.08405286818742752,0.420264333486557,0.0,0.0,0.0,0.0,0.0,0.0
2026-05-11 23:45:00,SM_0092,residentiel,zone_C,2.344397858359016,228.3568919476417,10.26637662810959,0.8552430686960394,60.1691193656233,normal,23,0,0,-0.15855361513469957,-0.06334665965912012,0,normal,0.10478556156158447,0.5239278078079224,0.0,0.0,0.0,0.0,0.0,0.0
2026-05-11 00:00:00,SM_0093,commercial,zone_D,6.5621876113324324,204.2995765745139,32.12041709219605,0.9496604836086435,60.11625969586524,anomalie,0,0,0,0.0,0.0,1,voltage,0.2519870400428772,0.5599352121353149,0.7,0.0,0.0,0.0,0.0,0.0
2026-05-11 00:15:00,SM_0093,commercial,zone_D,6.159259551878752,257.0575297010307,23.960626864508672,0.7543074390867457,60.080727467668574,anomalie,0,0,0,-0.4029280594536804,-0.06140148427909198,1,reconstruction,0.3210441470146179,0.9052208065986633,0.7,0.0,0.0,0.0,0.0,0.0
2026-05-11 00:30:00,SM_0093,commercial,zone_D,6.427865706700616,241.25918867064436,26.6429881577511,0.8812767910753825,59.97197199543412,anomalie,0,0,0,0.2686061548218639,0.043610137315926334,0,normal,0.12088048458099365,0.6044024229049683,0.0,0.0,0.0,0.0,0.0,0.0
2026-05-11 00:45:00,SM_0093,commercial,zone_D,6.583329476915516,238.79990061148294,27.568392868078732,0.8511960791919028,60.09294048309107,anomalie,0,0,0,0.1554637702149,0.024185908248337995,0,normal,0.07902829349040985,0.39514145255088806,0.0,0.0,0.0,0.0,0.0,0.0
2026-05-11 01:00:00,SM_0093,commercial,zone_D,6.408504410730952,233.1672418704551,27.48458299425886,0.933520587800212,59.88220584133231,anomalie,1,0,0,-0.17482506618456384,-0.026555721811826194,0,normal,0.09448306262493134,0.4724152982234955,0.0,0.0,0.0,0.0,0.0,0.0
2026-05-11 01:15:00,SM_0093,commercial,zone_D,6.447196018911226,237.66026769807814,27.12778236495844,0.9282398474293447,60.05553681012116,anomalie,1,0,0,0.03869160818027417,0.0060375410080837355,0,normal,0.10012524574995041,0.5006262063980103,0.0,0.0,0.0,0.0,0.0,0.0
2026-05-11 01:30:00,SM_0093,commercial,zone_D,6.314818761937482,225.76692664240989,27.970521882239485,0.8842352521080542,59.81805430955599,anomalie,1,0,0,-0.13237725697374447,-0.020532531752633143,0,normal,0.10448749363422394,0.5224374532699585,0.0,0.0,0.0,0.0,0.0,0.0
2026-05-11 01:45:00,SM_0093,commercial,zone_D,6.345637038195681,197.9651576131447,32.05431256037521,0.6698093059570274,60.40904633214398,anomalie,1,0,0,0.03081827625819944,0.004880310491879314,1,voltage,0.2767028212547302,0.3835141360759735,1.0,0.0,0.0,0.0,0.0,0.0
2026-05-11 02:00:00,SM_0093,commercial,zone_D,6.137173877007342,191.80213527198833,31.99742207407867,0.8860566044330521,59.78398410620418,anomalie,2,0,0,-0.20846316118833919,-0.032851415852113375,1,voltage,0.37522751092910767,0.8761374950408936,1.0,0.0,0.0,0.0,0.0,0.0
2026-05-11 02:15:00,SM_0093,commercial,zone_D,6.760497129274542,231.74659289175216,29.17193752415744,0.935955750961955,60.52285229204018,anomalie,2,0,0,0.6233232522672001,0.10156519348465154,0,normal,0.11926563084125519,0.5620496869087219,0.0,0.0,0.0,0.04570458408035449,0.0,0.0
2026-05-11 02:30:00,SM_0093,commercial,zone_D,6.36802245839406,240.53916383425678,26.473952752167786,0.879297426464202,61.007016958738035,anomalie,2,0,0,-0.3924746708804818,-0.05805411397646698,1,frequency,0.27780258655548096,0.6390129923820496,0.0,0.0,0.0,1.0,0.0,0.0
2026-05-11 02:45:00,SM_0093,commercial,zone_D,5.91899214368509,229.67518667448587,25.771143280157474,0.9280741600274223,59.578147344686236,anomalie,2,0,0,-0.4490303147089705,-0.07051330576214876,0,normal,0.2,1.0,0.0,0.0,0.0,0.0,0.0,0.0
2026-05-11 03:00:00,SM_0093,commercial,zone_D,6.049738382241512,217.97084443898817,27.754805454886807,0.6383793960844828,59.906384842562005,anomalie,3,0,0,0.13074623855642198,0.022089273880167903,1,reconstruction,0.20626498758792877,0.9267235398292542,0.10460135270445073,0.0,0.0,0.0,0.0,0.0
2026-05-11 03:15:00,SM_0093,commercial,zone_D,6.594437200850959,224.96287827962996,29.31344607288515,0.9495657942816257,59.90805208727856,anomalie,3,0,0,0.5446988186094472,0.09003675600392302,0,normal,0.14215384423732758,0.7107691764831543,0.0,0.0,0.0,0.0,0.0,0.0
2026-05-11 03:30:00,SM_0093,commercial,zone_D,6.6256564479164215,261.6706662711249,25.320593027616546,0.7026227640463525,60.32909882666258,anomalie,3,0,0,0.03121924706546242,0.004734179144420869,1,voltage,0.3999781310558319,0.9998906254768372,1.0,0.0,0.0,0.0,0.0,0.0
2026-05-11 03:45:00,SM_0093,commercial,zone_D,6.233823178589254,237.56099203087928,26.240937644253282,0.9033660689137702,60.33864561030284,anomalie,3,0,0,-0.3918332693271678,-0.0591387845728687,0,normal,0.18818816542625427,0.940940797328949,0.0,0.0,0.0,0.0,0.0,0.0
2026-05-11 04:00:00,SM_0093,commercial,zone_D,6.838417040201038,233.14135144928264,29.33163506898801,0.708053291905586,60.07338330047395,anomalie,4,0,0,0.6045938616117841,0.09698604600918537,0,normal,0.10120769590139389,0.50603848695755,0.0,0.0,0.0,0.0,0.0,0.0
2026-05-11 04:15:00,SM_0093,commercial,zone_D,6.254359698963831,259.326104396253,24.117740531848284,0.9330220883336142,60.19598276177491,anomalie,4,0,0,-0.584057341237207,-0.0854082659486407,1,voltage,0.23124366998672485,0.45621830224990845,0.7,0.0,0.0,0.0,0.0,0.0
2026-05-11 04:30:00,SM_0093,commercial,zone_D,6.074837862940696,221.96428179472952,27.368537918901065,0.8929846263475397,59.90909953056319,anomalie,4,0,0,-0.17952183602313454,-0.028703471604435538,0,normal,0.1273350566625595,0.636675238609314,0.0,0.0,0.0,0.0,0.0,0.0
2026-05-11 04:45:00,SM_0093,commercial,zone_D,5.8788315668875,222.90378202068976,26.373852940466623,0.8775369601755856,60.08332535125619,anomalie,4,0,0,-0.19600629605319586,-0.03226527200815088,0,normal,0.1094711422920227,0.5473557114601135,0.0,0.0,0.0,0.0,0.0,0.0
2026-05-11 05:00:00,SM_0093,commercial,zone_D,6.218595766504061,240.40803894106747,25.866837872374386,0.8791676512732904,60.125214971375264,anomalie,5,0,0,0.33976419961656035,0.05779451167308158,0,normal,0.09602485597133636,0.48012426495552063,0.0,0.0,0.0,0.0,0.0,0.0
2026-05-11 05:15:00,SM_0093,commercial,zone_D,5.718974698912638,266.2343743122258,21.480977855270194,0.9416885950933165,59.96554356345186,anomalie,5,0,0,-0.49962106759142255,-0.08034306881347542,1,voltage,0.28443294763565063,0.422164648771286,1.0,0.0,0.0,0.0,0.0,0.0
2026-05-11 05:30:00,SM_0093,commercial,zone_D,6.2759677240966205,235.08916404193337,26.696116555066578,0.7273266049946292,60.2741680215538,anomalie,5,0,0,0.5569930251839823,0.09739386070196887,0,normal,0.08021542429924011,0.40107712149620056,0.0,0.0,0.0,0.0,0.0,0.0
2026-05-11 05:45:00,SM_0093,commercial,zone_D,6.280768929675958,232.35620903651446,27.03077725239072,0.6735039848999852,59.98511683717231,anomalie,5,0,0,0.004801205579337164,0.000765014383503404,0,normal,0.16988009214401245,0.8494004607200623,0.0,0.0,0.0,0.0,0.0,0.0
2026-05-11 06:00:00,SM_0093,commercial,zone_D,6.645320531243036,229.39540731938993,28.968847323044606,0.8961492022559545,59.15404562881408,anomalie,6,0,0,0.36455160156707844,0.05804251129899263,1,reconstruction,0.3037863113557755,1.0,0.0,0.0,0.0,0.6919087423718366,0.0,0.0
2026-05-11 06:15:00,SM_0093,commercial,zone_D,6.06239377277437,220.3147279944282,27.51697005443816,0.6066990744006735,59.94266303180038,anomalie,6,0,0,-0.5829267584686662,-0.08771988585472001,0,normal,0.08802708238363266,0.4401354193687439,0.0,0.0,0.0,0.0,0.0,0.0
2026-05-11 06:30:00,SM_0093,commercial,zone_D,6.509595857337142,193.80437799883586,33.58848713611745,0.8581427926525244,59.99126388411837,anomalie,6,0,0,0.4472020845627718,0.07376658483833798,1,voltage,0.30244922637939453,0.5122460722923279,1.0,0.0,0.0,0.0,0.0,0.0
2026-05-11 06:45:00,SM_0093,commercial,zone_D,6.30360638175447,234.09133450233924,26.927978325876385,0.86812143649191,59.757095136387825,anomalie,6,0,0,-0.20598947558267167,-0.031643973004943926,0,normal,0.07201898843050003,0.36009493470191956,0.0,0.0,0.0,0.0,0.0,0.0
2026-05-11 07:00:00,SM_0093,commercial,zone_D,18.820646935958912,220.8460787905003,85.22065249712954,0.9075883240198449,60.1184349061739,anomalie,7,0,0,12.517040554204442,1.9856951396004838,0,normal,0.14428649842739105,0.47143250703811646,0.0,0.0,0.0,0.0,0.0,1.0
2026-05-11 07:15:00,SM_0093,commercial,zone_D,19.102635754849004,203.81731582684918,93.72430245856758,0.9152226562332347,59.637526407544684,anomalie,7,0,0,0.28198881889009186,0.014982950365607373,1,voltage,0.2298281490802765,0.449140727519989,0.7,0.0,0.0,0.0,0.0,0.0
2026-05-11 07:30:00,SM_0093,commercial,zone_D,19.492875492071605,191.3896948647349,101.84913825087729,0.8686834524339171,60.289370842539064,anomalie,7,0,0,0.3902397372226005,0.02042858075873344,1,voltage,0.3492204546928406,0.7461022734642029,1.0,0.0,0.0,0.0,0.0,0.0
2026-05-11 07:45:00,SM_0093,commercial,zone_D,18.384019521877104,264.006407895991,69.63474738507009,0.6688918719028981,59.88190311099872,anomalie,7,0,0,-1.1088559701945009,-0.05688519226655453,1,voltage,0.2718568444252014,0.3592841923236847,1.0,0.0,0.0,0.0,0.0,0.0
2026-05-11 08:00:00,SM_0093,commercial,zone_D,18.973545397554858,226.3659465017669,83.81801985135057,0.7515854651766095,60.40350920658744,anomalie,8,0,0,0.5895258756777544,0.032067300351602324,0,normal,0.16243283450603485,0.8121641874313354,0.0,0.0,0.0,0.0,0.0,0.0
2026-05-11 08:15:00,SM_0093,commercial,zone_D,17.489049783624335,231.18166930419017,75.65067696008433,0.936761275850224,59.95096155205441,anomalie,8,0,0,-1.4844956139305232,-0.0782402857676685,0,normal,0.09510815888643265,0.47554078698158264,0.0,0.0,0.0,0.0,0.0,0.0
2026-05-11 08:30:00,SM_0093,commercial,zone_D,16.805582912762777,233.64499668187418,71.9278527314021,0.9298623781259652,60.25935920673522,anomalie,8,0,0,-0.6834668708615581,-0.03907970297514474,0,normal,0.11167071014642715,0.5583535432815552,0.0,0.0,0.0,0.0,0.0,0.0
2026-05-11 08:45:00,SM_0093,commercial,zone_D,19.58834370509593,201.9232185311768,97.00887222175247,0.9119295723644264,60.24042414153168,anomalie,8,0,0,2.7827607923331534,0.16558549660421606,1,voltage,0.2750101089477539,0.6750506162643433,0.7,0.0,0.0,0.0,0.0,0.0
2026-05-11 09:00:00,SM_0093,commercial,zone_D,18.816022143152665,239.6908407622408,78.5012146618362,0.8971626680715101,60.17811819370466,anomalie,9,0,0,-0.7723215619432651,-0.039427609274710895,0,normal,0.16982559859752655,0.8491279482841492,0.0,0.0,0.0,0.0,0.0,0.0
2026-05-11 09:15:00,SM_0093,commercial,zone_D,18.951659048230546,225.81490249568668,83.92563483976681,0.9053521913717644,59.83813947263937,anomalie,9,0,0,0.13563690507788095,0.007208585536621515,0,normal,0.10444992780685425,0.5222496390342712,0.0,0.0,0.0,0.0,0.0,0.0
2026-05-11 09:30:00,SM_0093,commercial,zone_D,16.990094807165566,237.59324188928565,71.50916697825377,0.9071977465548762,59.96042721892939,anomalie,9,0,0,-1.9615642410649805,-0.10350356325390553,0,normal,0.07279606908559799,0.36398032307624817,0.0,0.0,0.0,0.0,0.0,0.0
2026-05-11 09:45:00,SM_0093,commercial,zone_D,19.053274434297258,228.07218573190968,83.54054385524094,0.8975216565581994,59.707328166554895,anomalie,9,0,0,2.0631796271316922,0.12143426217148279,0,normal,0.09292736649513245,0.46463683247566223,0.0,0.0,0.0,0.0,0.0,0.0
2026-05-11 10:00:00,SM_0093,commercial,zone_D,36.90786624232297,227.11264275139087,162.50907829347136,0.8514431399176069,59.000233645053605,anomalie,10,0,0,17.85459180802571,0.9370878412314352,1,rate_change,0.28665685653686523,0.4336346685886383,0.0,0.0,0.0,0.9995327098927902,0.0,1.0
2026-05-11 10:15:00,SM_0093,commercial,zone_D,42.287331262819166,255.87901525682403,165.26299048155886,0.9143237853456679,60.141120731861676,anomalie,10,0,0,5.379465020496198,0.14575388848482018,1,reconstruction,0.30895400047302246,0.7102833390235901,0.7,0.0,0.0,0.0,0.0,0.5379465020496198
2026-05-11 10:30:00,SM_0093,commercial,zone_D,39.79608870224132,268.8240445219758,148.0376830614498,0.8776368887783181,60.418128313014776,anomalie,10,0,0,-2.491242560577845,-0.05891226724842413,1,reconstruction,0.4,1.0,1.0,0.0,0.0,0.0,0.0,0.0
2026-05-11 10:45:00,SM_0093,commercial,zone_D,35.905734377159625,232.21607365298374,154.6220888689041,0.8775797540913177,59.86808745099258,anomalie,10,0,0,-3.890354325081695,-0.09775720308067837,0,normal,0.06979876011610031,0.34899380803108215,0.0,0.0,0.0,0.0,0.0,0.0
2026-05-11 11:00:00,SM_0093,commercial,zone_D,36.49560506700062,224.44106244748107,162.60663119762472,0.9484410814349444,60.12143094171964,anomalie,11,0,0,0.5898706898409927,0.016428314308931657,0,normal,0.17131313681602478,0.8565656542778015,0.0,0.0,0.0,0.0,0.0,0.0
2026-05-11 11:15:00,SM_0093,commercial,zone_D,35.85362886256606,237.14829190119343,151.18653638671066,0.9201722090388327,59.80283188844788,anomalie,11,0,0,-0.641976204434556,-0.01759050722014288,0,normal,0.11396995931863785,0.5698497891426086,0.0,0.0,0.0,0.0,0.0,0.0
2026-05-11 11:30:00,SM_0093,commercial,zone_D,33.76023956479375,231.88033260980706,145.59337217099502,0.9016431274633362,60.118702452904934,anomalie,11,0,0,-2.093389297772312,-0.05838709676492382,0,normal,0.13818056881427765,0.690902829170227,0.0,0.0,0.0,0.0,0.0,0.0
2026-05-11 11:45:00,SM_0093,commercial,zone_D,33.740230790473106,232.7092917220989,144.9887563181862,0.9114832891835107,60.544325600193474,anomalie,11,0,0,-0.020008774320643852,-0.0005926727588008163,1,reconstruction,0.21329768005804228,1.0,0.0,0.0,0.0,0.0886512003869484,0.0,0.0
2026-05-11 12:00:00,SM_0093,commercial,zone_D,38.530150380941585,232.4248114492088,165.7746870512638,0.8757155983187779,60.13836638294857,anomalie,12,0,0,4.789919590468479,0.14196463622948774,0,normal,0.08205898851156235,0.41029492020606995,0.0,0.0,0.0,0.0,0.0,0.0
2026-05-11 12:15:00,SM_0093,commercial,zone_D,37.26393380864507,220.7711367642119,168.78988057412468,0.9091140320685244,59.791023881747336,anomalie,12,0,0,-1.2662165722965142,-0.03286300623739147,0,normal,0.09866436570882797,0.49332180619239807,0.0,0.0,0.0,0.0,0.0,0.0
2026-05-11 12:30:00,SM_0093,commercial,zone_D,34.25383040866685,229.5114102167951,149.2467427929221,0.6496817332297962,59.85916491289651,anomalie,12,0,0,-3.0101033999782203,-0.08077792901402936,0,normal,0.1369011253118515,0.6845055818557739,0.0,0.0,0.0,0.0,0.0,0.0
2026-05-11 12:45:00,SM_0093,commercial,zone_D,37.71438586040781,233.0754046197941,161.81195060855808,0.9229048683459649,60.28154039614703,anomalie,12,0,0,3.4605554517409587,0.10102681686849757,0,normal,0.12202651798725128,0.6101325750350952,0.0,0.0,0.0,0.0,0.0,0.0
2026-05-11 13:00:00,SM_0093,commercial,zone_D,38.192926670586736,269.349380114977,141.79697259478874,0.8763456689128345,59.8920873970056,anomalie,13,0,0,0.47854081017892725,0.01268854839503808,1,voltage,0.36899083852767944,0.844954252243042,1.0,0.0,0.0,0.0,0.0,0.0
2026-05-11 13:15:00,SM_0093,commercial,zone_D,36.55649035846945,259.9610330870407,140.62296154296916,0.8587215055286975,60.35803423703767,anomalie,13,0,0,-1.636436312117283,-0.04284658063079361,1,voltage,0.2269035279750824,0.43451768159866333,0.7,0.0,0.0,0.0,0.0,0.0
2026-05-11 13:30:00,SM_0093,commercial,zone_D,39.944581051616645,258.79794091278245,154.3465953041658,0.7441647442749698,59.976666783151174,anomalie,13,0,0,3.3880906931471912,0.0926809619830542,1,reconstruction,0.3056076169013977,0.8280380964279175,0.7,0.0,0.0,0.0,0.0,0.0
2026-05-11 13:45:00,SM_0093,commercial,zone_D,37.66573035139623,203.0016703870586,185.54394296155223,0.6246832018611382,60.084780420127665,anomalie,13,0,0,-2.278850700220417,-0.05705030920904319,1,voltage,0.21539241075515747,0.3769620358943939,0.7,0.0,0.0,0.0,0.0,0.0
2026-05-11 14:00:00,SM_0093,commercial,zone_D,38.264332525207294,225.70770159956885,169.53046907142132,0.7841670457412715,60.003743974731826,anomalie,14,0,0,0.5986021738110665,0.015892488164347407,0,normal,0.06905863434076309,0.34529316425323486,0.0,0.0,0.0,0.0,0.0,0.0
2026-05-11 14:15:00,SM_0093,commercial,zone_D,37.06844662960593,224.2480001668068,165.30112465677544,0.9315940843547387,60.03972292005428,anomalie,14,0,0,-1.1958858956013643,-0.0312532799262486,0,normal,0.10074061155319214,0.5037030577659607,0.0,0.0,0.0,0.0,0.0,0.0
2026-05-11 14:30:00,SM_0093,commercial,zone_D,37.900522090155135,194.70275618025977,194.6583748155371,0.8585868608042897,60.02251731329701,anomalie,14,0,0,0.8320754605492056,0.022447001053576443,1,voltage,0.2883373498916626,0.4416867792606354,1.0,0.0,0.0,0.0,0.0,0.0
2026-05-11 14:45:00,SM_0093,commercial,zone_D,37.00131279579091,230.33079835610565,160.64422586937155,0.9231352462860735,59.96026678766241,anomalie,14,0,0,-0.8992092943642263,-0.023725512071449795,0,normal,0.10194889456033707,0.5097444653511047,0.0,0.0,0.0,0.0,0.0,0.0
2026-05-11 15:00:00,SM_0093,commercial,zone_D,36.91701106506453,226.92767176622462,162.68183945012902,0.9456079558002689,60.3388443627557,anomalie,15,0,0,-0.0843017307263807,-0.0022783443169067663,0,normal,0.08149954676628113,0.40749773383140564,0.0,0.0,0.0,0.0,0.0,0.0
2026-05-11 15:15:00,SM_0093,commercial,zone_D,36.23468480022585,194.58222537392186,186.21785587349987,0.8882121418532748,59.637725891129676,anomalie,15,0,0,-0.6823262648386788,-0.018482706079213984,1,voltage,0.3691779375076294,0.845889687538147,1.0,0.0,0.0,0.0,0.0,0.0
2026-05-11 15:30:00,SM_0093,commercial,zone_D,37.496109088389524,235.0738293347147,159.50779886688244,0.9436983330323467,60.39971634952536,anomalie,15,0,0,1.2614242881636741,0.03481261932091684,0,normal,0.11356605589389801,0.5678302645683289,0.0,0.0,0.0,0.0,0.0,0.0
2026-05-11 15:45:00,SM_0093,commercial,zone_D,35.15649701638437,218.4028053698986,160.97090399933947,0.8773577815043467,59.84838987733359,anomalie,15,0,0,-2.3396120720051528,-0.062396129328778804,0,normal,0.1167975440621376,0.48314252495765686,0.1008451706965339,0.0,0.0,0.0,0.0,0.0
2026-05-11 16:00:00,SM_0093,commercial,zone_D,39.2541007432127,233.88809318693058,167.83283068556898,0.9426090748321679,61.21551981265705,anomalie,16,0,0,4.097603726828332,0.11655324263161604,1,frequency,0.2119767665863037,0.3098837733268738,0.0,0.0,0.0,1.0,0.0,0.0
2026-05-11 16:15:00,SM_0093,commercial,zone_D,36.17459540745287,220.51855395822278,164.04331861484155,0.9134864648400487,59.9951667585792,anomalie,16,0,0,-3.0795053357598334,-0.07845053835024618,0,normal,0.05943594127893448,0.2971796989440918,0.0,0.0,0.0,0.0,0.0,0.0
2026-05-11 16:30:00,SM_0093,commercial,zone_D,37.297822002398114,221.08944790499015,168.70014537476382,0.6616132680569802,60.483949582713,anomalie,16,0,0,1.123226594945244,0.031050149484569856,0,normal,0.09174589812755585,0.45872947573661804,0.0,0.0,0.0,0.0,0.0,0.0
2026-05-11 16:45:00,SM_0093,commercial,zone_D,39.490767615216605,231.79793973504385,170.36720714755464,0.9021202466118503,60.249910025005875,anomalie,16,0,0,2.192945612818491,0.058795540733651785,0,normal,0.10626550763845444,0.5313275456428528,0.0,0.0,0.0,0.0,0.0,0.0
2026-05-11 17:00:00,SM_0093,commercial,zone_D,18.85098428281545,266.34660593826277,70.7761385447689,0.8955399928061446,59.75573619335686,anomalie,17,0,0,-20.639783332401155,-0.5226483195643992,1,voltage,0.42457568645477295,0.8728783130645752,1.0,0.0,0.0,0.0,0.0,1.0
2026-05-11 17:15:00,SM_0093,commercial,zone_D,17.432008793133658,193.0961910957526,90.27629542671542,0.9128471110649777,60.05476824636983,anomalie,17,0,0,-1.4189754896817917,-0.07527328379215348,1,voltage,0.2827613353729248,0.41380658745765686,1.0,0.0,0.0,0.0,0.0,0.0
2026-05-11 17:30:00,SM_0093,commercial,zone_D,18.097117137153074,231.55799595956157,78.15371290531245,0.8663197234944376,60.33508201881942,anomalie,17,0,0,0.6651083440194157,0.038154429125884626,0,normal,0.10003503412008286,0.5001751780509949,0.0,0.0,0.0,0.0,0.0,0.0
2026-05-11 17:45:00,SM_0093,commercial,zone_D,18.555153735407725,235.6090229274687,78.75400315683096,0.908095555373138,61.305927109300846,anomalie,17,0,0,0.45803659825465104,0.02530992062345172,1,frequency,0.22264711558818817,0.3632355332374573,0.0,0.0,0.0,1.0,0.0,0.0
2026-05-11 18:00:00,SM_0093,commercial,zone_D,17.45125396830853,227.3485407394909,76.75991194641178,0.932380986946184,59.71218127792282,anomalie,18,0,0,-1.1038997670991932,-0.05949289253220713,0,normal,0.09601297974586487,0.48006489872932434,0.0,0.0,0.0,0.0,0.0,0.0
2026-05-11 18:15:00,SM_0093,commercial,zone_D,17.51915648649288,231.3629566577209,75.7215275062843,0.9446575637862148,60.298378027610354,anomalie,18,0,0,0.06790251818434712,0.003890982178567759,0,normal,0.2,1.0,0.0,0.0,0.0,0.0,0.0,0.0
2026-05-11 18:30:00,SM_0093,commercial,zone_D,17.95563690967088,233.6838063732005,76.83731786273266,0.8955053593150106,59.805358049116506,anomalie,18,0,0,0.4364804231780006,0.02491446568871747,0,normal,0.08494620025157928,0.42473098635673523,0.0,0.0,0.0,0.0,0.0,0.0
2026-05-11 18:45:00,SM_0093,commercial,zone_D,19.15327670859404,227.33995857120308,84.24949502484938,0.8657062583215437,59.79022949474468,anomalie,18,0,0,1.1976397989231593,0.06669993411807695,0,normal,0.09747375547885895,0.48736876249313354,0.0,0.0,0.0,0.0,0.0,0.0
2026-05-11 19:00:00,SM_0093,commercial,zone_D,18.69787627734282,231.27856544344158,80.84569463448754,0.9228297519108905,59.67651567096291,anomalie,19,0,0,-0.455400431251217,-0.02377663301062627,0,normal,0.11689946800470352,0.584497332572937,0.0,0.0,0.0,0.0,0.0,0.0
2026-05-11 19:15:00,SM_0093,commercial,zone_D,18.221534503915645,226.73371901367616,80.36534919985392,0.8911273612216636,59.78174043262939,anomalie,19,0,0,-0.4763417734271762,-0.025475715335884663,0,normal,0.08626779168844223,0.43133893609046936,0.0,0.0,0.0,0.0,0.0,0.0
2026-05-11 19:30:00,SM_0093,commercial,zone_D,19.64167504116909,190.50745684756527,103.1018699540218,0.8883872267771672,59.915974496042004,anomalie,19,0,0,1.4201405372534452,0.077937483088939,1,voltage,0.284570574760437,0.42285290360450745,1.0,0.0,0.0,0.0,0.0,0.0
2026-05-11 19:45:00,SM_0093,commercial,zone_D,19.16971761678676,234.36118943621324,81.7956149774715,0.9343337577620283,60.11279499858802,anomalie,19,0,0,-0.4719574243823317,-0.024028369443701014,0,normal,0.16037249565124512,0.8018624782562256,0.0,0.0,0.0,0.0,0.0,0.0
2026-05-11 20:00:00,SM_0093,commercial,zone_D,19.00851803772905,267.5464180474422,71.04755195922075,0.8925613134158921,60.128193126067465,anomalie,20,0,0,-0.16119957905770832,-0.008409074263908134,1,voltage,0.30391669273376465,0.5195834636688232,1.0,0.0,0.0,0.0,0.0,0.0
2026-05-11 20:15:00,SM_0093,commercial,zone_D,18.762979325583366,261.1210014808892,71.8554969503538,0.8917573677319456,59.83456558655929,anomalie,20,0,0,-0.24553871214568446,-0.012917299058155196,1,voltage,0.31902551651000977,0.595127522945404,1.0,0.0,0.0,0.0,0.0,0.0
2026-05-11 20:30:00,SM_0093,commercial,zone_D,17.85050997158012,224.8620126346573,79.38428444373389,0.8787469859848833,60.17390632644298,anomalie,20,0,0,-0.912469354003246,-0.048631368087641125,0,normal,0.05867229029536247,0.29336145520210266,0.0,0.0,0.0,0.0,0.0,0.0
2026-05-11 20:45:00,SM_0093,commercial,zone_D,17.844539183673923,230.5090778708289,77.41360708437489,0.905164004909588,59.79727415647903,anomalie,20,0,0,-0.005970787906196762,-0.000334488365637875,0,normal,0.0888076052069664,0.4440380334854126,0.0,0.0,0.0,0.0,0.0,0.0
2026-05-11 21:00:00,SM_0093,commercial,zone_D,19.970610307434175,222.83351033257108,89.62121665466181,0.8700321603677905,60.07755861526384,anomalie,21,0,0,2.1260711237602514,0.11914407549988226,0,normal,0.10083921253681183,0.504196047782898,0.0,0.0,0.0,0.0,0.0,0.0
2026-05-11 21:15:00,SM_0093,commercial,zone_D,18.03310340267896,232.42308872645026,77.58740106884551,0.6089750349302282,60.17904342870962,anomalie,21,0,0,-1.9375069047552138,-0.09701791156747797,0,normal,0.11179440468549728,0.5589720010757446,0.0,0.0,0.0,0.0,0.0,0.0
2026-05-11 21:30:00,SM_0093,commercial,zone_D,18.229567573092933,225.32116370007924,80.90481725612764,0.8531775789654711,59.91741950852021,anomalie,21,0,0,0.19646417041397157,0.010894640042089732,0,normal,0.09235987812280655,0.46179938316345215,0.0,0.0,0.0,0.0,0.0,0.0
2026-05-11 21:45:00,SM_0093,commercial,zone_D,19.242365303777195,225.89673016825006,85.18213295714948,0.9014365976710235,60.31883650762725,anomalie,21,0,0,1.0127977306842624,0.05555796793442114,0,normal,0.08538329601287842,0.4269164800643921,0.0,0.0,0.0,0.0,0.0,0.0
2026-05-11 22:00:00,SM_0093,commercial,zone_D,20.83750384134608,224.5430189497621,92.7996066803045,0.8570223511154932,59.85334840337836,anomalie,22,0,0,1.5951385375688858,0.08289721728002775,0,normal,0.10230927914381027,0.5115463733673096,0.0,0.0,0.0,0.0,0.0,0.0
2026-05-11 22:15:00,SM_0093,commercial,zone_D,17.83370122313248,229.93940678615573,77.55826403308882,0.6219624466660192,59.93754092881496,anomalie,22,0,0,-3.0038026182136015,-0.14415366836086252,0,normal,0.08589120954275131,0.42945602536201477,0.0,0.0,0.0,0.0,0.0,0.0
2026-05-11 22:30:00,SM_0093,commercial,zone_D,18.594403817488892,231.5231374159754,80.31337180819429,0.9443702836338156,59.97035082634928,anomalie,22,0,0,0.7607025943564132,0.04265534029300033,0,normal,0.14587241411209106,0.7293620705604553,0.0,0.0,0.0,0.0,0.0,0.0
2026-05-11 22:45:00,SM_0093,commercial,zone_D,20.416616411788723,235.40964674160097,86.72803640115549,0.6212009495759595,59.87268789258142,anomalie,22,0,0,1.822212594299831,0.0979979036803511,0,normal,0.17291836440563202,0.8645918369293213,0.0,0.0,0.0,0.0,0.0,0.0
2026-05-11 23:00:00,SM_0093,commercial,zone_D,18.875783211092436,225.50955290102482,83.70280978463443,0.9177780016723394,60.05137284002128,anomalie,23,0,0,-1.5408332006962873,-0.0754695670241714,0,normal,0.13338495790958405,0.666924774646759,0.0,0.0,0.0,0.0,0.0,0.0
2026-05-11 23:15:00,SM_0093,commercial,zone_D,20.62634713964567,195.35830113372526,105.58213815304767,0.6403661929887259,60.30642748515908,anomalie,23,0,0,1.750563928553234,0.09274126053347054,1,reconstruction,0.4,1.0,1.0,0.0,0.0,0.0,0.0,0.0
2026-05-11 23:30:00,SM_0093,commercial,zone_D,17.80181127857304,236.73546811809732,75.1970603310378,0.9404013750817962,58.92827107577427,anomalie,23,0,0,-2.824535861072629,-0.13693824902440532,1,frequency,0.30744895339012146,0.7872447371482849,0.0,0.0,0.0,1.0,0.0,0.0
2026-05-11 23:45:00,SM_0093,commercial,zone_D,18.903967578401918,229.89849286372868,82.22745326828723,0.785014999515964,59.89830685184402,anomalie,23,0,0,1.1021562998288772,0.061912593195248444,0,normal,0.11782542616128922,0.5891271233558655,0.0,0.0,0.0,0.0,0.0,0.0
2026-05-11 00:00:00,SM_0094,commercial,zone_B,5.368511176230083,231.66521552676238,23.17357469494553,0.8852816273266617,59.87391009034675,normal,0,0,0,0.0,0.0,0,normal,0.05182410404086113,0.25912052392959595,0.0,0.0,0.0,0.0,0.0,0.0
2026-05-11 00:15:00,SM_0094,commercial,zone_B,5.279922438950902,222.94045160086046,23.683106412665598,0.8604170764725474,60.143516124411285,normal,0,0,0,-0.08858873727918049,-0.016501546587333382,0,normal,0.10790234059095383,0.5395116806030273,0.0,0.0,0.0,0.0,0.0,0.0
2026-05-11 00:30:00,SM_0094,commercial,zone_B,5.2834351354379026,232.4282554874884,22.731466638410964,0.9044563018724691,59.63358781207252,normal,0,0,0,0.0035126964870002553,0.0006652931984543198,0,normal,0.11545556783676147,0.5772778391838074,0.0,0.0,0.0,0.0,0.0,0.0
2026-05-11 00:45:00,SM_0094,commercial,zone_B,5.539089542434579,234.2404156042796,23.64702747023891,0.8739853897860286,59.65797550891261,normal,0,0,0,0.2556544069966762,0.0483879143858339,0,normal,0.07896029949188232,0.3948014974594116,0.0,0.0,0.0,0.0,0.0,0.0
2026-05-11 01:00:00,SM_0094,commercial,zone_B,5.0485868744734494,232.86357899159097,21.680448683028107,0.8735821979210946,60.093974422398404,normal,1,0,0,-0.4905026679611293,-0.08855294073212261,0,normal,0.0778283104300499,0.3891415297985077,0.0,0.0,0.0,0.0,0.0,0.0
2026-05-11 01:15:00,SM_0094,commercial,zone_B,5.354816526622079,234.6136559689924,22.823976313338708,0.9079214159506064,60.301195559260584,normal,1,0,0,0.3062296521486294,0.06065650839782144,0,normal,0.07742660492658615,0.38713303208351135,0.0,0.0,0.0,0.0,0.0,0.0
2026-05-11 01:30:00,SM_0094,commercial,zone_B,5.537825980652124,229.54049153659474,24.12570411251058,0.9489561909307538,60.18721428652401,normal,1,0,0,0.18300945403004487,0.03417660588746463,0,normal,0.10500764846801758,0.5250382423400879,0.0,0.0,0.0,0.0,0.0,0.0
2026-05-11 01:45:00,SM_0094,commercial,zone_B,5.136338745168328,230.46054322243634,22.28728038799608,0.9287999561860318,60.40322563492636,normal,1,0,0,-0.4014872354837955,-0.07249907037283199,0,normal,0.07731994241476059,0.38659971952438354,0.0,0.0,0.0,0.0,0.0,0.0
2026-05-11 02:00:00,SM_0094,commercial,zone_B,5.676136683565892,233.06929231619495,24.353859005438288,0.8950048220375061,59.954873682378164,normal,2,0,0,0.5397979383975642,0.10509391322862882,0,normal,0.1644696742296219,0.8223483562469482,0.0,0.0,0.0,0.0,0.0,0.0
2026-05-11 02:15:00,SM_0094,commercial,zone_B,5.543252403569867,230.153695958926,24.085002765104996,0.9120408663748624,59.94219756556828,normal,2,0,0,-0.13288427999602526,-0.02341104300408492,0,normal,0.07336337864398956,0.3668168783187866,0.0,0.0,0.0,0.0,0.0,0.0
2026-05-11 02:30:00,SM_0094,commercial,zone_B,5.621127097804271,225.63202789979934,24.912806706238314,0.903895169054977,59.987788712868806,normal,2,0,0,0.07787469423440374,0.014048556436696336,0,normal,0.10118599981069565,0.5059300065040588,0.0,0.0,0.0,0.0,0.0,0.0
2026-05-11 02:45:00,SM_0094,commercial,zone_B,5.230618910307794,235.3409869582604,22.225703129372384,0.8510114253032874,59.816074847433875,normal,2,0,0,-0.39050818749647664,-0.06947151001958618,0,normal,0.08740980178117752,0.437049001455307,0.0,0.0,0.0,0.0,0.0,0.0
2026-05-11 03:00:00,SM_0094,commercial,zone_B,5.0560484566911015,224.01833963186522,22.569797030903047,0.8985118607899826,60.12162086177877,normal,3,0,0,-0.17457045361669277,-0.03337472230536098,0,normal,0.12795190513134003,0.6397595405578613,0.0,0.0,0.0,0.0,0.0,0.0
2026-05-11 03:15:00,SM_0094,commercial,zone_B,4.810373399340594,231.09240910926198,20.81580012897013,0.8908473824442681,59.9751107775767,normal,3,0,0,-0.24567505735050776,-0.04859032888131931,0,normal,0.11318307369947433,0.5659153461456299,0.0,0.0,0.0,0.0,0.0,0.0
2026-05-11 03:30:00,SM_0094,commercial,zone_B,5.133145699504419,236.3853369073526,21.715161213727363,0.9347966027947883,59.60962930701719,normal,3,0,0,0.32277230016382497,0.06709921940946839,0,normal,0.09785088896751404,0.4892544448375702,0.0,0.0,0.0,0.0,0.0,0.0
2026-05-11 03:45:00,SM_0094,commercial,zone_B,5.405291235938564,228.44960618054125,23.66075970236876,0.9280325079441138,60.113940190878644,normal,3,0,0,0.2721455364341452,0.0530173021312097,0,normal,0.10125340521335602,0.5062670111656189,0.0,0.0,0.0,0.0,0.0,0.0
2026-05-11 04:00:00,SM_0094,commercial,zone_B,5.637256839250769,235.94285194161947,23.892467149823315,0.8948056772865871,59.77386577827655,normal,4,0,0,0.23196560331220528,0.04291454302589992,0,normal,0.11484401673078537,0.5742200613021851,0.0,0.0,0.0,0.0,0.0,0.0
2026-05-11 04:15:00,SM_0094,commercial,zone_B,5.317797024809444,227.97756517119285,23.325966398562972,0.9074421553611115,59.886952233075384,normal,4,0,0,-0.3194598144413252,-0.056669373695555025,0,normal,0.08417878299951553,0.42089390754699707,0.0,0.0,0.0,0.0,0.0,0.0
2026-05-11 04:30:00,SM_0094,commercial,zone_B,4.941064583817532,229.1682039369508,21.56086446083475,0.8600107595593861,60.464881923965855,normal,4,0,0,-0.37673244099191194,-0.07084370449536137,0,normal,0.17851388454437256,0.8925694227218628,0.0,0.0,0.0,0.0,0.0,0.0
2026-05-11 04:45:00,SM_0094,commercial,zone_B,5.3837775306867695,238.3237377865451,22.59018585680607,0.935902924462286,60.10353943723892,normal,4,0,0,0.44271294686923746,0.0895986966693707,0,normal,0.07376354187726974,0.36881768703460693,0.0,0.0,0.0,0.0,0.0,0.0
2026-05-11 05:00:00,SM_0094,commercial,zone_B,4.587734517409951,219.2778454639842,20.92201566328995,0.9325491932751357,60.09748295271884,normal,5,0,0,-0.7960430132768188,-0.14785956677063383,0,normal,0.09797950834035873,0.4898975193500519,0.0,0.0,0.0,0.0,0.0,0.0
2026-05-11 05:15:00,SM_0094,commercial,zone_B,5.426235026931536,232.18446522931606,23.37036210227216,0.9179376464306263,60.06815166928382,normal,5,0,0,0.8385005095215856,0.18277005923938439,0,normal,0.11608386039733887,0.5804193019866943,0.0,0.0,0.0,0.0,0.0,0.0
2026-05-11 05:30:00,SM_0094,commercial,zone_B,4.965075830321405,227.82236423282902,21.793627886537145,0.8595154684798407,60.33549805985511,normal,5,0,0,-0.46115919661013116,-0.0849869558397861,0,normal,0.17997226119041443,0.8998612761497498,0.0,0.0,0.0,0.0,0.0,0.0
2026-05-11 05:45:00,SM_0094,commercial,zone_B,5.076973255246571,234.28763042747707,21.669830566740615,0.9234729170051851,59.71159404553665,normal,5,0,0,0.11189742492516608,0.022536901499432327,0,normal,0.07675347477197647,0.38376736640930176,0.0,0.0,0.0,0.0,0.0,0.0
2026-05-11 06:00:00,SM_0094,commercial,zone_B,5.308225796607853,228.46304297517693,23.234505360171553,0.8922274786128448,60.35603976371235,normal,6,0,0,0.2312525413612816,0.04554929280399578,0,normal,0.18960082530975342,0.9480041265487671,0.0,0.0,0.0,0.0,0.0,0.0
2026-05-11 06:15:00,SM_0094,commercial,zone_B,5.8581842409366,231.521136996263,25.303021214132848,0.8954393635384481,59.797481200499355,normal,6,0,0,0.5499584443287473,0.10360494549425359,0,normal,0.10025034099817276,0.5012516975402832,0.0,0.0,0.0,0.0,0.0,0.0
2026-05-11 06:30:00,SM_0094,commercial,zone_B,5.61887443781178,218.68099604866916,25.694388352617782,0.9493969389319077,60.452398167182906,normal,6,0,0,-0.23930980312482042,-0.04085050815789293,0,normal,0.1344900131225586,0.672450065612793,0.0,0.0,0.0,0.0,0.0,0.0
2026-05-11 06:45:00,SM_0094,commercial,zone_B,5.8968555413371595,228.81498214087878,25.7712824840575,0.9246730162606382,60.26244830415262,normal,6,0,0,0.27798110352537986,0.049472738108317094,0,normal,0.1082797572016716,0.5413987636566162,0.0,0.0,0.0,0.0,0.0,0.0
2026-05-11 07:00:00,SM_0094,commercial,zone_B,15.623604858575154,231.43666844573306,67.50704183351375,0.9134540916235997,60.264912968917024,normal,7,0,0,9.726749317237996,1.6494806849265933,0,normal,0.1410594880580902,0.4621286690235138,0.0,0.0,0.0,0.0,0.0,0.9726749317237996
2026-05-11 07:15:00,SM_0094,commercial,zone_B,15.551301319643606,226.4759328067136,68.66646326131219,0.9058285062364172,60.0084394277361,normal,7,0,0,-0.07230353893154806,-0.004627839707035619,0,normal,0.07941841334104538,0.3970920443534851,0.0,0.0,0.0,0.0,0.0,0.0
2026-05-11 07:30:00,SM_0094,commercial,zone_B,16.4708057978561,235.29281713063494,70.00131155177374,0.9167931217024629,59.94022333445706,normal,7,0,0,0.9195044782124953,0.059127172659886984,0,normal,0.10255713760852814,0.5127856731414795,0.0,0.0,0.0,0.0,0.0,0.0
2026-05-11 07:45:00,SM_0094,commercial,zone_B,15.710303024458453,223.79925479981915,70.19819185059748,0.8671415959888386,59.82856146838754,normal,7,0,0,-0.7605027733976488,-0.04617277276723397,0,normal,0.09726773947477341,0.48633867502212524,0.0,0.0,0.0,0.0,0.0,0.0
2026-05-11 08:00:00,SM_0094,commercial,zone_B,16.524974338216794,228.19380083999042,72.41640341406169,0.9375612644872859,60.045909922763315,normal,8,0,0,0.8146713137583408,0.05185586251837582,0,normal,0.14041589200496674,0.7020794749259949,0.0,0.0,0.0,0.0,0.0,0.0
2026-05-11 08:15:00,SM_0094,commercial,zone_B,17.72906235707555,229.29977823820835,77.31827083869959,0.9274338647982165,60.29982683381856,normal,8,0,0,1.204088018858755,0.07286474364284468,0,normal,0.09436049312353134,0.4718024432659149,0.0,0.0,0.0,0.0,0.0,0.0
2026-05-11 08:30:00,SM_0094,commercial,zone_B,16.36629632528941,230.80546303775319,70.90948415988036,0.8990797517167994,60.191803767048896,normal,8,0,0,-1.362766031786137,-0.07686622136800514,0,normal,0.16178244352340698,0.8089122176170349,0.0,0.0,0.0,0.0,0.0,0.0
2026-05-11 08:45:00,SM_0094,commercial,zone_B,16.239396735975788,221.3968283182646,73.34972618772645,0.9453429021898281,60.13878272621553,normal,8,0,0,-0.12689958931362355,-0.00775371451129947,0,normal,0.11071368306875229,0.553568422794342,0.0,0.0,0.0,0.0,0.0,0.0
2026-05-11 09:00:00,SM_0094,commercial,zone_B,15.7873981224145,227.76006495278898,69.3159185991933,0.9359928505977078,60.130298460221475,normal,9,0,0,-0.45199861356128856,-0.02783346086741989,0,normal,0.08612783998250961,0.43063920736312866,0.0,0.0,0.0,0.0,0.0,0.0
2026-05-11 09:15:00,SM_0094,commercial,zone_B,14.841525676079508,230.0854883022925,64.50439697691978,0.9458280904238854,60.39210390035601,normal,9,0,0,-0.9458724463349917,-0.059913130650203095,0,normal,0.12145078182220459,0.607253909111023,0.0,0.0,0.0,0.0,0.0,0.0
2026-05-11 09:30:00,SM_0094,commercial,zone_B,15.670790497591911,226.5274982980581,69.1783144003681,0.9085499944937072,59.94219456539629,normal,9,0,0,0.8292648215124032,0.05587463442851792,0,normal,0.10129032284021378,0.5064516067504883,0.0,0.0,0.0,0.0,0.0,0.0
2026-05-11 09:45:00,SM_0094,commercial,zone_B,14.990210469178038,224.9910902136909,66.62579595903425,0.8987467834434797,59.99750220134747,normal,9,0,0,-0.680580028413873,-0.04342984666398653,0,normal,0.10064389556646347,0.503219485282898,0.0,0.0,0.0,0.0,0.0,0.0
2026-05-11 10:00:00,SM_0094,commercial,zone_B,32.4650668524951,231.5646946716811,140.19869004005545,0.9340157974777564,59.74138112598695,normal,10,0,0,17.47485638331706,1.1657512360648838,0,normal,0.12109299004077911,0.35546496510505676,0.0,0.0,0.0,0.0,0.0,1.0
2026-05-11 10:15:00,SM_0094,commercial,zone_B,33.7617159139025,226.20471084778737,149.25293017712917,0.947347949144515,60.077611395801924,normal,10,0,0,1.2966490614074004,0.03993982415926389,0,normal,0.08803949505090714,0.4401974678039551,0.0,0.0,0.0,0.0,0.0,0.0
2026-05-11 10:30:00,SM_0094,commercial,zone_B,29.735778766847876,238.4137758576042,124.72340853578848,0.8688234659296135,59.95783698647808,normal,10,0,0,-4.0259371470546235,-0.11924563186661996,0,normal,0.0651535913348198,0.3257679343223572,0.0,0.0,0.0,0.0,0.0,0.0
2026-05-11 10:45:00,SM_0094,commercial,zone_B,29.076674015585237,231.26951140808816,125.72636072325936,0.931457503985798,59.70753754041406,normal,10,0,0,-0.6591047512626389,-0.022165377151563526,0,normal,0.06976856291294098,0.3488427996635437,0.0,0.0,0.0,0.0,0.0,0.0
2026-05-11 11:00:00,SM_0094,commercial,zone_B,30.814158435574264,231.58169398860824,133.05956055874626,0.9226055002036897,59.730078500192576,normal,11,0,0,1.737484419989027,0.05975526702461664,0,normal,0.08055433630943298,0.4027716815471649,0.0,0.0,0.0,0.0,0.0,0.0
2026-05-11 11:15:00,SM_0094,commercial,zone_B,32.71588909730856,224.56973446780654,145.68253898879053,0.8962618824924815,60.09737239655411,normal,11,0,0,1.9017306617342982,0.0617161317486703,0,normal,0.10800214856863022,0.5400107502937317,0.0,0.0,0.0,0.0,0.0,0.0
2026-05-11 11:30:00,SM_0094,commercial,zone_B,30.574345728706795,228.3343509335992,133.90164731542285,0.869428968590899,59.82991136825477,normal,11,0,0,-2.1415433686017664,-0.0654588161193499,0,normal,0.08800030499696732,0.440001517534256,0.0,0.0,0.0,0.0,0.0,0.0
2026-05-11 11:45:00,SM_0094,commercial,zone_B,29.033694178545883,233.97150877814028,124.09072510651978,0.8913401635010479,59.929509127857465,normal,11,0,0,-1.5406515501609128,-0.0503903358662674,0,normal,0.10424941033124924,0.5212470293045044,0.0,0.0,0.0,0.0,0.0,0.0
2026-05-11 12:00:00,SM_0094,commercial,zone_B,33.627495911787754,231.2340640238869,145.42622019701201,0.8714285743859533,59.82945413353557,normal,12,0,0,4.593801733241872,0.1582231219007746,0,normal,0.08798196911811829,0.43990984559059143,0.0,0.0,0.0,0.0,0.0,0.0
2026-05-11 12:15:00,SM_0094,commercial,zone_B,30.162420872464708,232.9378488242128,129.4869898761144,0.8837963867084224,60.35332251469906,normal,12,0,0,-3.4650750393230467,-0.10304291013558353,0,normal,0.15930022299289703,0.796501100063324,0.0,0.0,0.0,0.0,0.0,0.0
2026-05-11 12:30:00,SM_0094,commercial,zone_B,32.60939258123142,227.6835466187197,143.22243774531196,0.8607139995344678,59.83821107218109,normal,12,0,0,2.4469717087667107,0.08112650238232555,0,normal,0.08419587463140488,0.4209793508052826,0.0,0.0,0.0,0.0,0.0,0.0
2026-05-11 12:45:00,SM_0094,commercial,zone_B,32.756270319839004,229.40983210872895,142.78494526038511,0.9357621151082779,60.079916875006134,normal,12,0,0,0.14687773860758568,0.00450415438563323,0,normal,0.09591938555240631,0.47959691286087036,0.0,0.0,0.0,0.0,0.0,0.0
2026-05-11 13:00:00,SM_0094,commercial,zone_B,30.67409883387477,232.66405021737233,131.83858359388444,0.8798847836695373,60.1177637600524,normal,13,0,0,-2.082171485964235,-0.06356558502031773,0,normal,0.13560102880001068,0.6780051589012146,0.0,0.0,0.0,0.0,0.0,0.0
2026-05-11 13:15:00,SM_0094,commercial,zone_B,28.785934864792345,227.7321232726534,126.40261044915584,0.9450291103738074,59.76489693035947,normal,13,0,0,-1.8881639690824237,-0.06155564599659047,0,normal,0.09215923398733139,0.46079617738723755,0.0,0.0,0.0,0.0,0.0,0.0
2026-05-11 13:30:00,SM_0094,commercial,zone_B,31.345218862472887,227.48649741738188,137.78935988874147,0.8658308426535867,60.26019239578831,normal,13,0,0,2.5592839976805415,0.08890744767197978,0,normal,0.08843257278203964,0.4421628415584564,0.0,0.0,0.0,0.0,0.0,0.0
2026-05-11 13:45:00,SM_0094,commercial,zone_B,33.25462079731821,223.10206566044207,149.05563827423828,0.9235587193634346,59.72435392701317,normal,13,0,0,1.9094019348453237,0.060915252920160645,0,normal,0.076528400182724,0.38264200091362,0.0,0.0,0.0,0.0,0.0,0.0
2026-05-11 14:00:00,SM_0094,commercial,zone_B,29.403509576511087,228.66617250573128,128.58705445718746,0.9410139854543118,59.87267661056896,normal,14,0,0,-3.851111220807123,-0.11580680003176258,0,normal,0.15438120067119598,0.7719059586524963,0.0,0.0,0.0,0.0,0.0,0.0
2026-05-11 14:15:00,SM_0094,commercial,zone_B,32.00262169076336,230.01782334042116,139.13105178549668,0.9153026009984104,59.813188228202876,normal,14,0,0,2.599112114252275,0.08839462199194648,0,normal,0.07129024714231491,0.35645121335983276,0.0,0.0,0.0,0.0,0.0,0.0
2026-05-11 14:30:00,SM_0094,commercial,zone_B,31.265309659462567,232.62694480572168,134.40106727779872,0.9259222286144666,60.241612388114355,normal,14,0,0,-0.7373120313007959,-0.023039113433434677,0,normal,0.1140904426574707,0.5704522132873535,0.0,0.0,0.0,0.0,0.0,0.0
2026-05-11 14:45:00,SM_0094,commercial,zone_B,30.4146690647186,222.85064015754125,136.48006145828145,0.9190044502481278,59.7167795925962,normal,14,0,0,-0.8506405947439681,-0.027207169991566582,0,normal,0.10208167880773544,0.5104084014892578,0.0,0.0,0.0,0.0,0.0,0.0
2026-05-11 15:00:00,SM_0094,commercial,zone_B,33.49515102898692,228.7039302982371,146.45638570928006,0.8737560897896907,59.7740396153814,normal,15,0,0,3.080481964268319,0.10128277107712202,0,normal,0.10095113515853882,0.5047556757926941,0.0,0.0,0.0,0.0,0.0,0.0
2026-05-11 15:15:00,SM_0094,commercial,zone_B,33.09284665015475,229.92608976292024,143.92819311752402,0.9248452284821327,59.797498751302506,normal,15,0,0,-0.4023043788321701,-0.012010824446918145,0,normal,0.19092798233032227,0.9546399116516113,0.0,0.0,0.0,0.0,0.0,0.0
2026-05-11 15:30:00,SM_0094,commercial,zone_B,32.96392473284282,225.35776051046014,146.2737500504793,0.9317104433478233,60.08379961764993,normal,15,0,0,-0.12892191731192781,-0.0038957638995170685,0,normal,0.10338782519102097,0.516939103603363,0.0,0.0,0.0,0.0,0.0,0.0
2026-05-11 15:45:00,SM_0094,commercial,zone_B,31.888486331778854,236.56161584147523,134.79991763815133,0.907945611490519,59.712638854172596,normal,15,0,0,-1.0754384010639662,-0.03262470745761892,0,normal,0.10509920120239258,0.5254960060119629,0.0,0.0,0.0,0.0,0.0,0.0
2026-05-11 16:00:00,SM_0094,commercial,zone_B,33.705442649204606,218.78096014388103,154.0602190749975,0.9229756850079283,60.41088265068412,normal,16,0,0,1.8169563174257526,0.05697844352100967,0,normal,0.15665483474731445,0.7832741737365723,0.0,0.0,0.0,0.0,0.0,0.0
2026-05-11 16:15:00,SM_0094,commercial,zone_B,29.23338431151637,227.62545537855726,128.42757090984918,0.9310167431226697,59.98430547609948,normal,16,0,0,-4.472058337688235,-0.13268059951717526,0,normal,0.1025230810046196,0.5126153826713562,0.0,0.0,0.0,0.0,0.0,0.0
2026-05-11 16:30:00,SM_0094,commercial,zone_B,32.99430886581817,236.47079819898994,139.52804793280856,0.91674369432268,59.886958735111556,normal,16,0,0,3.7609245543017984,0.12865169883256367,0,normal,0.0679253414273262,0.3396266996860504,0.0,0.0,0.0,0.0,0.0,0.0
2026-05-11 16:45:00,SM_0094,commercial,zone_B,32.620383615342085,223.89860361343483,145.69266216444026,0.932019455310046,59.85987211396554,normal,16,0,0,-0.37392525047608416,-0.011333022673600146,0,normal,0.16644935309886932,0.8322467803955078,0.0,0.0,0.0,0.0,0.0,0.0
2026-05-11 17:00:00,SM_0094,commercial,zone_B,15.42764874449183,227.7548034123382,67.73797308924755,0.8751608348518993,60.12462787946382,normal,17,0,0,-17.192734870850256,-0.5270549566058486,0,normal,0.16933730244636536,0.5966864824295044,0.0,0.0,0.0,0.0,0.0,1.0
2026-05-11 17:15:00,SM_0094,commercial,zone_B,15.345095299154632,233.40629395186374,65.74413671260857,0.9400209506117657,60.16844146392983,normal,17,0,0,-0.08255344533719722,-0.0053510062812826,0,normal,0.08198534697294235,0.40992671251296997,0.0,0.0,0.0,0.0,0.0,0.0
2026-05-11 17:30:00,SM_0094,commercial,zone_B,16.39639154171271,235.72418708538493,69.5575271441006,0.8634214204389884,59.797145648617956,normal,17,0,0,1.0512962425580774,0.06851024526488247,0,normal,0.09069767594337463,0.45348837971687317,0.0,0.0,0.0,0.0,0.0,0.0
2026-05-11 17:45:00,SM_0094,commercial,zone_B,16.212575473574823,231.17813391400713,70.13022901035062,0.8738381648061895,60.10976056828907,normal,17,0,0,-0.18381606813788665,-0.011210763518927691,0,normal,0.18002837896347046,0.9001418948173523,0.0,0.0,0.0,0.0,0.0,0.0
2026-05-11 18:00:00,SM_0094,commercial,zone_B,15.219886749595315,228.4089033125329,66.6343847760167,0.9232873980772904,60.03662828119135,normal,18,0,0,-0.9926887239795086,-0.061229551442798846,0,normal,0.09022176265716553,0.45110881328582764,0.0,0.0,0.0,0.0,0.0,0.0
2026-05-11 18:15:00,SM_0094,commercial,zone_B,15.865891772050757,233.37988948129183,67.98311460046602,0.8599217163602314,59.8278157404959,normal,18,0,0,0.6460050224554426,0.042444798248753024,0,normal,0.07969870418310165,0.3984934985637665,0.0,0.0,0.0,0.0,0.0,0.0
2026-05-11 18:30:00,SM_0094,commercial,zone_B,16.989339976319688,219.1050321735877,77.53970690577178,0.9098872554636136,60.10366196779843,normal,18,0,0,1.1234482042689304,0.07080901725599742,0,normal,0.2,1.0,0.0,0.0,0.0,0.0,0.0,0.0
2026-05-11 18:45:00,SM_0094,commercial,zone_B,16.423784119755297,232.85262440354785,70.5329568941936,0.8920034288940628,59.98377312013388,normal,18,0,0,-0.5655558565643908,-0.03328886568593492,0,normal,0.12040316313505173,0.6020157933235168,0.0,0.0,0.0,0.0,0.0,0.0
2026-05-11 19:00:00,SM_0094,commercial,zone_B,16.311822014277066,235.23141859052268,69.34372165085544,0.9469992173321957,60.46719204463395,normal,19,0,0,-0.11196210547823071,-0.006817071185413193,0,normal,0.06932826340198517,0.34664130210876465,0.0,0.0,0.0,0.0,0.0,0.0
2026-05-11 19:15:00,SM_0094,commercial,zone_B,16.055072336492348,225.50405266809412,71.19638049309404,0.927915781863982,60.17436367947837,normal,19,0,0,-0.25674967778471824,-0.015740098044228046,0,normal,0.11251582950353622,0.5625791549682617,0.0,0.0,0.0,0.0,0.0,0.0
2026-05-11 19:30:00,SM_0094,commercial,zone_B,16.070068704323752,232.37852137781042,69.15470762547965,0.8734106628602302,59.693085778807166,normal,19,0,0,0.014996367831404456,0.0009340579423811057,0,normal,0.09991152584552765,0.49955761432647705,0.0,0.0,0.0,0.0,0.0,0.0
2026-05-11 19:45:00,SM_0094,commercial,zone_B,15.113808902439436,233.47313119472653,64.73468199573627,0.89085502634262,59.86622541109381,normal,19,0,0,-0.9562598018843165,-0.059505644902876464,0,normal,0.16276703774929047,0.8138351440429688,0.0,0.0,0.0,0.0,0.0,0.0
2026-05-11 20:00:00,SM_0094,commercial,zone_B,16.786172792657585,239.60794949615607,70.0568275299517,0.9412502081961623,60.058995210756336,normal,20,0,0,1.6723638902181488,0.11065138516791895,0,normal,0.11201250553131104,0.5600625276565552,0.0,0.0,0.0,0.0,0.0,0.0
2026-05-11 20:15:00,SM_0094,commercial,zone_B,15.762064757526629,228.81775225127225,68.88479850207509,0.9287504989002529,59.792932082799524,normal,20,0,0,-1.024108035130956,-0.06100902497434735,0,normal,0.2,1.0,0.0,0.0,0.0,0.0,0.0,0.0
2026-05-11 20:30:00,SM_0094,commercial,zone_B,16.4941417589655,226.65138992137986,72.7731771893697,0.9406952160979588,59.956746161708814,normal,20,0,0,0.7320770014388724,0.04644550144290549,0,normal,0.06754270195960999,0.3377135097980499,0.0,0.0,0.0,0.0,0.0,0.0
2026-05-11 20:45:00,SM_0094,commercial,zone_B,15.222372494902473,234.60739726048763,64.88445237726616,0.9272717253395852,60.05839220466315,normal,20,0,0,-1.2717692640630283,-0.07710430058428164,0,normal,0.09278740733861923,0.46393701434135437,0.0,0.0,0.0,0.0,0.0,0.0
2026-05-11 21:00:00,SM_0094,commercial,zone_B,17.098798964322835,234.86802841556383,72.8017307407591,0.8654953696299863,60.101709341167016,normal,21,0,0,1.8764264694203625,0.12326767526210003,0,normal,0.06341411173343658,0.31707054376602173,0.0,0.0,0.0,0.0,0.0,0.0
2026-05-11 21:15:00,SM_0094,commercial,zone_B,15.21728198121059,230.8736005800631,65.91174540084972,0.8776999482869715,60.197673032085945,normal,21,0,0,-1.8815169831122454,-0.11003796155730516,0,normal,0.09984792768955231,0.49923962354660034,0.0,0.0,0.0,0.0,0.0,0.0
2026-05-11 21:30:00,SM_0094,commercial,zone_B,16.51286160157137,242.7927328865362,68.01217402700553,0.9156207732219378,60.01550531225486,normal,21,0,0,1.2955796203607797,0.08513870098224419,0,normal,0.1147489994764328,0.4625038504600525,0.11124115553509752,0.0,0.0,0.0,0.0,0.0
2026-05-11 21:45:00,SM_0094,commercial,zone_B,15.224853191471913,238.81962432279823,63.75042769053764,0.8989767274746483,59.95385585468764,normal,21,0,0,-1.2880084100994562,-0.0780003152195552,0,normal,0.09231656789779663,0.46158283948898315,0.0,0.0,0.0,0.0,0.0,0.0
2026-05-11 22:00:00,SM_0094,commercial,zone_B,15.433490567979474,223.60348945843737,69.02168926504251,0.9371724733564949,60.099493942154375,normal,22,0,0,0.20863737650756065,0.013703736507911124,0,normal,0.07700804620981216,0.3850402235984802,0.0,0.0,0.0,0.0,0.0,0.0
2026-05-11 22:15:00,SM_0094,commercial,zone_B,15.377523976809783,221.1327452551717,69.53978687808176,0.9015806758135889,59.94639168225356,normal,22,0,0,-0.055966591169690716,-0.003626308055405647,0,normal,0.12364500015974045,0.6182249784469604,0.0,0.0,0.0,0.0,0.0,0.0
2026-05-11 22:30:00,SM_0094,commercial,zone_B,15.260138357595016,226.18266071539398,67.46820604784057,0.8537795642415213,60.41685785506957,normal,22,0,0,-0.11738561921476709,-0.007633583884622208,0,normal,0.06226047873497009,0.31130239367485046,0.0,0.0,0.0,0.0,0.0,0.0
2026-05-11 22:45:00,SM_0094,commercial,zone_B,16.382814371019787,238.73401134117185,68.6237133912491,0.9377600489720274,59.853557748065086,normal,22,0,0,1.1226760134247709,0.07356918968339565,0,normal,0.07719900459051132,0.3859950304031372,0.0,0.0,0.0,0.0,0.0,0.0
2026-05-11 23:00:00,SM_0094,commercial,zone_B,16.477609656754804,221.30026711197047,74.45815530090476,0.894188627927299,59.584391931501905,normal,23,0,0,0.09479528573501739,0.005786263799869795,0,normal,0.09291292726993561,0.46456462144851685,0.0,0.0,0.0,0.0,0.0,0.0
2026-05-11 23:15:00,SM_0094,commercial,zone_B,15.83859104851383,231.71522645431855,68.35369125660944,0.8827692238239877,59.76993750402135,normal,23,0,0,-0.6390186082409741,-0.03878102598328126,0,normal,0.07852753251791,0.3926376700401306,0.0,0.0,0.0,0.0,0.0,0.0
2026-05-11 23:30:00,SM_0094,commercial,zone_B,16.372680706374254,228.17206141006602,71.7558521634672,0.9241667922955888,59.81848744159458,normal,23,0,0,0.5340896578604237,0.033720780858884414,0,normal,0.16013114154338837,0.800655722618103,0.0,0.0,0.0,0.0,0.0,0.0
2026-05-11 23:45:00,SM_0094,commercial,zone_B,14.882948904087513,228.53302398435437,65.12384356803688,0.8759776873586037,60.027433913603076,normal,23,0,0,-1.489731802286741,-0.09098887524916766,0,normal,0.08496315032243729,0.42481574416160583,0.0,0.0,0.0,0.0,0.0,0.0
2026-05-11 00:00:00,SM_0095,industriel,zone_B,36.10041057640001,224.66087468533462,160.6884626749678,0.9361037621190099,60.17881333761298,normal,0,0,0,0.0,0.0,0,normal,0.08360455185174942,0.4180227518081665,0.0,0.0,0.0,0.0,0.0,0.0
2026-05-11 00:15:00,SM_0095,industriel,zone_B,37.038326332938574,232.4563858028047,159.33451862388753,0.9044209348845411,59.97117162187353,normal,0,0,0,0.9379157565385654,0.02598075040043213,0,normal,0.15269193053245544,0.7634596228599548,0.0,0.0,0.0,0.0,0.0,0.0
2026-05-11 00:30:00,SM_0095,industriel,zone_B,37.69956417498513,225.64313382977846,167.07605294750547,0.9490530847375784,60.10495893190593,normal,0,0,0,0.6612378420465532,0.017852800261617396,0,normal,0.07800960540771484,0.3900480270385742,0.0,0.0,0.0,0.0,0.0,0.0
2026-05-11 00:45:00,SM_0095,industriel,zone_B,35.039462104947056,230.5105013145589,152.0080946643362,0.924518455422679,59.971484176439795,normal,0,0,0,-2.6601020700380715,-0.07056055231012814,0,normal,0.08574698865413666,0.4287349283695221,0.0,0.0,0.0,0.0,0.0,0.0
2026-05-11 01:00:00,SM_0095,industriel,zone_B,36.244052938603716,232.3284664635251,156.00349578468004,0.854418537104837,60.32498787974004,normal,1,0,0,1.2045908336566598,0.034378120019330716,0,normal,0.2,1.0,0.0,0.0,0.0,0.0,0.0,0.0
2026-05-11 01:15:00,SM_0095,industriel,zone_B,37.51393173275825,234.68602291931475,159.8473196917039,0.8716647653282379,59.722525496838706,normal,1,0,0,1.2698787941545362,0.035036887191001176,0,normal,0.09687557071447372,0.4843778610229492,0.0,0.0,0.0,0.0,0.0,0.0
2026-05-11 01:30:00,SM_0095,industriel,zone_B,36.1699224719872,239.28180710561307,151.16035318147982,0.9388149568626057,60.38122464554421,normal,1,0,0,-1.3440092607710525,-0.03582693678565885,0,normal,0.13920854032039642,0.6960427165031433,0.0,0.0,0.0,0.0,0.0,0.0
2026-05-11 01:45:00,SM_0095,industriel,zone_B,35.10304453392566,229.04365558107267,153.25918740194282,0.8654536527561872,59.93035766627748,normal,1,0,0,-1.0668779380615376,-0.029496273841554732,0,normal,0.08596435189247131,0.42982175946235657,0.0,0.0,0.0,0.0,0.0,0.0
2026-05-11 02:00:00,SM_0095,industriel,zone_B,35.58439986213342,231.35831180574368,153.8064467379555,0.9149195070591908,60.056091121252436,normal,2,0,0,0.48135532820775495,0.013712637595936883,0,normal,0.0958295613527298,0.4791477918624878,0.0,0.0,0.0,0.0,0.0,0.0
2026-05-11 02:15:00,SM_0095,industriel,zone_B,37.20902486159656,225.55239118229764,164.9684344579757,0.9285116735304646,59.90523410227226,normal,2,0,0,1.624624999463144,0.04565554022991858,0,normal,0.09128006547689438,0.4564003050327301,0.0,0.0,0.0,0.0,0.0,0.0
2026-05-11 02:30:00,SM_0095,industriel,zone_B,35.84616719925614,233.18282448058514,153.72558969170865,0.8514517564753468,60.20904861405641,normal,2,0,0,-1.3628576623404172,-0.03662707279778843,0,normal,0.11584941297769547,0.5792470574378967,0.0,0.0,0.0,0.0,0.0,0.0
2026-05-11 02:45:00,SM_0095,industriel,zone_B,36.53837246759906,232.2653628472809,157.31304926263917,0.9236778785735592,59.58508246684727,normal,2,0,0,0.6922052683429172,0.019310440206764534,0,normal,0.2,1.0,0.0,0.0,0.0,0.0,0.0,0.0
2026-05-11 03:00:00,SM_0095,industriel,zone_B,36.19880163152663,236.86026456684115,152.82766696949056,0.859321536815729,59.949034278039804,normal,3,0,0,-0.33957083607243277,-0.009293540273955903,0,normal,0.15829835832118988,0.7914918065071106,0.0,0.0,0.0,0.0,0.0,0.0
2026-05-11 03:15:00,SM_0095,industriel,zone_B,37.73873269345861,232.00199144702552,162.66555497251295,0.9260655480532758,60.1449929230325,normal,3,0,0,1.5399310619319806,0.042540940377175485,0,normal,0.08872012794017792,0.4436006247997284,0.0,0.0,0.0,0.0,0.0,0.0
2026-05-11 03:30:00,SM_0095,industriel,zone_B,36.14931649250933,228.41998093486342,158.2581188587776,0.8715696268628004,60.22643287539541,normal,3,0,0,-1.5894162009492803,-0.04211631094927515,0,normal,0.13057801127433777,0.6528900265693665,0.0,0.0,0.0,0.0,0.0,0.0
2026-05-11 03:45:00,SM_0095,industriel,zone_B,32.07794727744628,231.7031008376651,138.44418638109036,0.8648941342203722,60.059518843249116,normal,3,0,0,-4.071369215063051,-0.11262645079075562,0,normal,0.07946593314409256,0.3973296582698822,0.0,0.0,0.0,0.0,0.0,0.0
2026-05-11 04:00:00,SM_0095,industriel,zone_B,36.588387314852596,236.64300536871585,154.6142775605975,0.9412226726547055,60.40095986957885,normal,4,0,0,4.510440037406319,0.14060874900737708,0,normal,0.17680217325687408,0.8840108513832092,0.0,0.0,0.0,0.0,0.0,0.0
2026-05-11 04:15:00,SM_0095,industriel,zone_B,34.54374432113074,229.79859835034208,150.32182341019626,0.9468726786227409,60.08835925906497,normal,4,0,0,-2.044642993721858,-0.05588229336612116,0,normal,0.08833736926317215,0.44168683886528015,0.0,0.0,0.0,0.0,0.0,0.0
2026-05-11 04:30:00,SM_0095,industriel,zone_B,40.81378596388507,233.5956569436764,174.719797867329,0.9255844453086499,60.32120638702097,normal,4,0,0,6.270041642754329,0.18151019138127666,0,normal,0.19274038076400757,0.8069508075714111,0.0,0.0,0.0,0.0,0.0,0.6270041642754329
2026-05-11 04:45:00,SM_0095,industriel,zone_B,39.5047644083647,235.2911612344926,167.89735832445493,0.9260021525518206,60.435017158647135,normal,4,0,0,-1.309021555520367,-0.03207302445988913,0,normal,0.2,1.0,0.0,0.0,0.0,0.0,0.0,0.0
2026-05-11 05:00:00,SM_0095,industriel,zone_B,38.071098718615644,230.46554794855894,165.1921471885824,0.8674780218194366,60.26214135773161,normal,5,0,0,-1.4336656897490556,-0.03629095657751835,0,normal,0.08339373022317886,0.4169686436653137,0.0,0.0,0.0,0.0,0.0,0.0
2026-05-11 05:15:00,SM_0095,industriel,zone_B,37.49543118356607,228.07021173520394,164.40301825605943,0.9379796508694039,60.33418596929026,normal,5,0,0,-0.5756675350495755,-0.01512085425493881,0,normal,0.13372328877449036,0.6686164140701294,0.0,0.0,0.0,0.0,0.0,0.0
2026-05-11 05:30:00,SM_0095,industriel,zone_B,33.44661120506601,229.2219001439359,145.91368095310176,0.9271195317125682,60.08705352348469,normal,5,0,0,-4.048819978500056,-0.1079816887203745,0,normal,0.07805907726287842,0.3902953863143921,0.0,0.0,0.0,0.0,0.0,0.0
2026-05-11 05:45:00,SM_0095,industriel,zone_B,36.40380344313566,233.33708351826334,156.01379298240147,0.9407734250086887,60.32142428795509,normal,5,0,0,2.957192238069645,0.08841530222415273,0,normal,0.0911807119846344,0.455903559923172,0.0,0.0,0.0,0.0,0.0,0.0
2026-05-11 06:00:00,SM_0095,industriel,zone_B,36.83643347038988,230.47754123599654,159.8265638935785,0.9158818724512895,60.152299530145314,normal,6,0,0,0.43263002725421984,0.011884198526947998,0,normal,0.11372506618499756,0.5686253309249878,0.0,0.0,0.0,0.0,0.0,0.0
2026-05-11 06:15:00,SM_0095,industriel,zone_B,37.761111687814136,226.0029285137878,167.08239993231078,0.85338519489084,60.029888938136565,normal,6,0,0,0.9246782174242583,0.0251022732200048,0,normal,0.10383550077676773,0.5191774964332581,0.0,0.0,0.0,0.0,0.0,0.0
2026-05-11 06:30:00,SM_0095,industriel,zone_B,35.25369810779818,235.52070147809513,149.68407399668425,0.8686824046067902,60.024454206056284,normal,6,0,0,-2.5074135800159567,-0.0664020064013402,0,normal,0.061405427753925323,0.307027131319046,0.0,0.0,0.0,0.0,0.0,0.0
2026-05-11 06:45:00,SM_0095,industriel,zone_B,37.91039075130324,228.9696431415605,165.56950620683432,0.8898517667846177,60.20685969458462,normal,6,0,0,2.6566926435050604,0.07535926118676883,0,normal,0.10629290342330933,0.5314645171165466,0.0,0.0,0.0,0.0,0.0,0.0
2026-05-11 07:00:00,SM_0095,industriel,zone_B,38.63912020662914,230.28730539891652,167.78658354483022,0.9002159230498482,59.67751802498246,normal,7,0,0,0.7287294553258974,0.019222420051179467,0,normal,0.06051243469119072,0.3025621771812439,0.0,0.0,0.0,0.0,0.0,0.0
2026-05-11 07:15:00,SM_0095,industriel,zone_B,36.81327792270541,236.3978088456412,155.7259692992463,0.9459749592974144,60.374879933546666,normal,7,0,0,-1.825842283923727,-0.0472537230185297,0,normal,0.08113861083984375,0.40569305419921875,0.0,0.0,0.0,0.0,0.0,0.0
2026-05-11 07:30:00,SM_0095,industriel,zone_B,37.699587013716766,225.97833651391525,166.82832343708003,0.9196267096055833,59.695042395960314,normal,7,0,0,0.8863090910113556,0.02407579930459569,0,normal,0.09478036314249039,0.47390180826187134,0.0,0.0,0.0,0.0,0.0,0.0
2026-05-11 07:45:00,SM_0095,industriel,zone_B,36.801985407272355,232.9425275043255,157.98740488290176,0.8664524097046128,59.79720034804229,normal,7,0,0,-0.897601606444411,-0.023809321999146094,0,normal,0.16555015742778778,0.8277507424354553,0.0,0.0,0.0,0.0,0.0,0.0
2026-05-11 08:00:00,SM_0095,industriel,zone_B,35.90489076077867,227.7875027325542,157.62449796437988,0.8793668071682691,60.09804651620065,normal,8,0,0,-0.8970946464936844,-0.024376256785222594,0,normal,0.10232648998498917,0.5116324424743652,0.0,0.0,0.0,0.0,0.0,0.0
2026-05-11 08:15:00,SM_0095,industriel,zone_B,40.84595079771362,225.83664115959414,180.86502964259293,0.9307697609448871,59.83974392525847,normal,8,0,0,4.9410600369349496,0.13761523659424135,0,normal,0.06605169922113419,0.33025848865509033,0.0,0.0,0.0,0.0,0.0,0.0
2026-05-11 08:30:00,SM_0095,industriel,zone_B,39.323682928222844,237.83803640771376,165.33807427173775,0.8873015094989084,59.83394288236596,normal,8,0,0,-1.5222678694907756,-0.03726851351874971,0,normal,0.07335270196199417,0.36676350235939026,0.0,0.0,0.0,0.0,0.0,0.0
2026-05-11 08:45:00,SM_0095,industriel,zone_B,40.13310213634584,223.33999689820342,179.69509578993228,0.9141121571442549,59.93785917233168,normal,8,0,0,0.8094192081229963,0.020583504591887403,0,normal,0.09261830896139145,0.46309155225753784,0.0,0.0,0.0,0.0,0.0,0.0
2026-05-11 09:00:00,SM_0095,industriel,zone_B,36.67478816655532,230.40091424635784,159.1781364519263,0.9484144803732858,59.85548013549927,normal,9,0,0,-3.458313969790524,-0.08617111027304725,0,normal,0.11859529465436935,0.592976450920105,0.0,0.0,0.0,0.0,0.0,0.0
2026-05-11 09:15:00,SM_0095,industriel,zone_B,36.935038280689426,235.80681622706516,156.6326150857472,0.895302126281308,59.85980833215655,normal,9,0,0,0.26025011413410937,0.007096158618618453,0,normal,0.14441938698291779,0.7220969200134277,0.0,0.0,0.0,0.0,0.0,0.0
2026-05-11 09:30:00,SM_0095,industriel,zone_B,38.60625869870817,238.53331024129153,161.8485009898848,0.8571127824626207,60.05145404862608,normal,9,0,0,1.6712204180187413,0.04524756155166898,0,normal,0.18303866684436798,0.9151933193206787,0.0,0.0,0.0,0.0,0.0,0.0
2026-05-11 09:45:00,SM_0095,industriel,zone_B,37.72925980786813,231.03839807540172,163.30298392890867,0.880396270820833,59.99713949086086,normal,9,0,0,-0.876998890840035,-0.022716495210901688,0,normal,0.10424210876226425,0.5212105512619019,0.0,0.0,0.0,0.0,0.0,0.0
2026-05-11 10:00:00,SM_0095,industriel,zone_B,35.89372159902471,234.6072802822266,152.99491795755642,0.9081572746438382,59.95623017125355,normal,10,0,0,-1.835538208843424,-0.048650257603533364,0,normal,0.2,1.0,0.0,0.0,0.0,0.0,0.0,0.0
2026-05-11 10:15:00,SM_0095,industriel,zone_B,36.229423806056,225.78870363328136,160.45720278769411,0.9482096580375419,60.05462484168151,normal,10,0,0,0.3357022070312894,0.009352672057288514,0,normal,0.114478699862957,0.5723934769630432,0.0,0.0,0.0,0.0,0.0,0.0
2026-05-11 10:30:00,SM_0095,industriel,zone_B,36.714158178242826,230.12652909142162,159.53900805438,0.8558541702877448,60.159036211627836,normal,10,0,0,0.48473437218682847,0.013379577185155256,0,normal,0.10756941884756088,0.537847101688385,0.0,0.0,0.0,0.0,0.0,0.0
2026-05-11 10:45:00,SM_0095,industriel,zone_B,35.46615912147275,231.07193171106067,153.4853621504351,0.8708278877534221,59.61419885765695,normal,10,0,0,-1.2479990567700767,-0.033992310288341376,0,normal,0.16117693483829498,0.8058846592903137,0.0,0.0,0.0,0.0,0.0,0.0
2026-05-11 11:00:00,SM_0095,industriel,zone_B,36.77189530833565,234.7290113641152,156.656797958794,0.9318076886512264,60.2917115320225,normal,11,0,0,1.3057361868629016,0.03681639679083126,0,normal,0.08355971425771713,0.41779857873916626,0.0,0.0,0.0,0.0,0.0,0.0
2026-05-11 11:15:00,SM_0095,industriel,zone_B,39.707871091234665,223.64828651076132,177.54605550856314,0.880461945061196,59.77805189399293,normal,11,0,0,2.935975782899014,0.07984292781975455,0,normal,0.0964663028717041,0.4823315143585205,0.0,0.0,0.0,0.0,0.0,0.0
2026-05-11 11:30:00,SM_0095,industriel,zone_B,37.056900369127476,234.80198554141666,157.82192081417054,0.9054787512813356,60.04201036106724,normal,11,0,0,-2.650970722107189,-0.06676184467347024,0,normal,0.10482412576675415,0.5241206288337708,0.0,0.0,0.0,0.0,0.0,0.0
2026-05-11 11:45:00,SM_0095,industriel,zone_B,38.52909581332743,240.40403839439344,160.26808896662024,0.9308602355239795,60.01723583419872,normal,11,0,0,1.4721954441999543,0.03972797048688004,0,normal,0.11901582777500153,0.5950791239738464,0.0,0.0,0.0,0.0,0.0,0.0
2026-05-11 12:00:00,SM_0095,industriel,zone_B,40.42073217401937,236.31190263741055,171.04822788397442,0.8567547299853964,59.849019752191715,normal,12,0,0,1.8916363606919404,0.049096308147402956,0,normal,0.08351480960845947,0.41757404804229736,0.0,0.0,0.0,0.0,0.0,0.0
2026-05-11 12:15:00,SM_0095,industriel,zone_B,36.004332746133485,235.18718756728686,153.08798544067233,0.9255858477122589,60.253780795370766,normal,12,0,0,-4.416399427885885,-0.10926074789720286,0,normal,0.10915981978178024,0.5457990765571594,0.0,0.0,0.0,0.0,0.0,0.0
2026-05-11 12:30:00,SM_0095,industriel,zone_B,34.78731388426831,225.7475935507559,154.09827115807954,0.8638864593571738,60.037390971564804,normal,12,0,0,-1.2170188618651778,-0.033802011286985234,0,normal,0.09158333390951157,0.4579166769981384,0.0,0.0,0.0,0.0,0.0,0.0
2026-05-11 12:45:00,SM_0095,industriel,zone_B,37.53217097665934,237.88852063304674,157.77209794227238,0.8676559282515742,59.89467082819655,normal,12,0,0,2.7448570923910296,0.0789039677372827,0,normal,0.11634308099746704,0.5817154049873352,0.0,0.0,0.0,0.0,0.0,0.0
2026-05-11 13:00:00,SM_0095,industriel,zone_B,37.408879720503414,234.9401551575322,159.22727085721039,0.9164650234905466,59.962218402756136,normal,13,0,0,-0.12329125615592318,-0.0032849486972814645,0,normal,0.0697164386510849,0.3485821783542633,0.0,0.0,0.0,0.0,0.0,0.0
2026-05-11 13:15:00,SM_0095,industriel,zone_B,40.25591324553687,234.58092294680122,171.60778779383602,0.860090542432956,59.85664015680354,normal,13,0,0,2.847033525033453,0.07610582156709245,0,normal,0.09010700136423111,0.45053499937057495,0.0,0.0,0.0,0.0,0.0,0.0
2026-05-11 13:30:00,SM_0095,industriel,zone_B,35.76317841164787,229.09082153398487,156.10917177815665,0.8842097179958718,60.23734440864991,normal,13,0,0,-4.492734833888996,-0.11160434509300565,0,normal,0.0719367191195488,0.3596835732460022,0.0,0.0,0.0,0.0,0.0,0.0
2026-05-11 13:45:00,SM_0095,industriel,zone_B,37.054823942789554,229.80880210907316,161.24196985806654,0.8625022343013097,59.922385515926884,normal,13,0,0,1.2916455311416826,0.03611663136520882,0,normal,0.08453637361526489,0.42268186807632446,0.0,0.0,0.0,0.0,0.0,0.0
2026-05-11 14:00:00,SM_0095,industriel,zone_B,39.91795323530836,230.51723617787474,173.16689153997294,0.9343124137265375,59.95467421094649,normal,14,0,0,2.8631292925188063,0.07726738351096496,0,normal,0.17478697001934052,0.873934805393219,0.0,0.0,0.0,0.0,0.0,0.0
2026-05-11 14:15:00,SM_0095,industriel,zone_B,34.79708767439635,232.82533158230518,149.4557634167714,0.9080299089758118,60.06831800611259,normal,14,0,0,-5.120865560912009,-0.1282847727869595,0,normal,0.14834298193454742,0.6136932969093323,0.0,0.0,0.0,0.0,0.0,0.5120865560912009
2026-05-11 14:30:00,SM_0095,industriel,zone_B,37.98399933048217,226.73770292221187,167.52396641997183,0.8549278659586254,59.90099351595493,normal,14,0,0,3.186911656085819,0.09158558572218523,0,normal,0.06622319668531418,0.3311159908771515,0.0,0.0,0.0,0.0,0.0,0.0
2026-05-11 14:45:00,SM_0095,industriel,zone_B,38.020600344770095,226.82594733100072,167.6201545376451,0.8944899207873441,60.128704253719285,normal,14,0,0,0.03660101428792473,0.0009635903257441125,0,normal,0.2,1.0,0.0,0.0,0.0,0.0,0.0,0.0
2026-05-11 15:00:00,SM_0095,industriel,zone_B,35.54836614439776,227.17536786181705,156.47984409128637,0.916148986185168,60.16160316108564,normal,15,0,0,-2.472234200372334,-0.06502354455095816,0,normal,0.07171296328306198,0.3585648238658905,0.0,0.0,0.0,0.0,0.0,0.0
2026-05-11 15:15:00,SM_0095,industriel,zone_B,34.16560187316073,232.03083430611525,147.24595537197655,0.9236040931781643,60.19286410609262,normal,15,0,0,-1.3827642712370292,-0.0388981104116074,0,normal,0.14555245637893677,0.7277622818946838,0.0,0.0,0.0,0.0,0.0,0.0
2026-05-11 15:30:00,SM_0095,industriel,zone_B,33.792528912347294,232.04199130412107,145.63109341730225,0.9191974014279001,59.718221994632245,normal,15,0,0,-0.3730729608134382,-0.010919548913508548,0,normal,0.10330434143543243,0.516521692276001,0.0,0.0,0.0,0.0,0.0,0.0
2026-05-11 15:45:00,SM_0095,industriel,zone_B,37.97783350389339,230.56346995276095,164.71747892966084,0.8666114197102479,59.82842615179675,normal,15,0,0,4.1853045915461,0.12385295585311606,0,normal,0.11332964152097702,0.5666481852531433,0.0,0.0,0.0,0.0,0.0,0.0
2026-05-11 16:00:00,SM_0095,industriel,zone_B,35.463911082962305,226.76822811037218,156.3883590681027,0.9202904907501146,59.863597901775925,normal,16,0,0,-2.513922420931088,-0.0661944663239773,0,normal,0.09000957757234573,0.45004788041114807,0.0,0.0,0.0,0.0,0.0,0.0
2026-05-11 16:15:00,SM_0095,industriel,zone_B,37.50863463453324,228.99648113362116,163.79568126484295,0.9082399969490738,60.099037637289484,normal,16,0,0,2.0447235515709323,0.05765645945783082,0,normal,0.07732906192541122,0.38664528727531433,0.0,0.0,0.0,0.0,0.0,0.0
2026-05-11 16:30:00,SM_0095,industriel,zone_B,38.0509907063138,230.3071024622934,165.21848566326184,0.9105904434637554,59.77525815436766,normal,16,0,0,0.54235607178056,0.014459499181056046,0,normal,0.09869378060102463,0.49346888065338135,0.0,0.0,0.0,0.0,0.0,0.0
2026-05-11 16:45:00,SM_0095,industriel,zone_B,36.0787565316353,229.0320766426205,157.52708991907824,0.8816982073015984,60.20206350956447,normal,16,0,0,-1.9722341746784977,-0.0518313488839397,0,normal,0.08286534994840622,0.4143267571926117,0.0,0.0,0.0,0.0,0.0,0.0
2026-05-11 17:00:00,SM_0095,industriel,zone_B,38.52858162384593,231.18543856822419,166.6566106518682,0.8857748538253412,60.28907057579313,normal,17,0,0,2.449825092210631,0.06790214873571165,0,normal,0.1607850044965744,0.8039249777793884,0.0,0.0,0.0,0.0,0.0,0.0
2026-05-11 17:15:00,SM_0095,industriel,zone_B,33.4892690456872,243.14781432669585,137.732140995891,0.8737679103821755,59.87601356955719,normal,17,0,0,-5.039312578158729,-0.13079413686591101,0,normal,0.1328820288181305,0.4240984618663788,0.11432882023213783,0.0,0.0,0.0,0.0,0.5039312578158729
2026-05-11 17:30:00,SM_0095,industriel,zone_B,37.19146180625614,224.2288786346832,165.86383534856358,0.8905027435703997,60.241874623047934,normal,17,0,0,3.7021927605689413,0.11054862844328683,0,normal,0.2,1.0,0.0,0.0,0.0,0.0,0.0,0.0
2026-05-11 17:45:00,SM_0095,industriel,zone_B,38.782597974394506,236.08913466696546,164.27099887126286,0.9395463648892417,60.331204291468964,normal,17,0,0,1.5911361681383625,0.04278229708816417,0,normal,0.08577949553728104,0.4288974702358246,0.0,0.0,0.0,0.0,0.0,0.0
2026-05-11 18:00:00,SM_0095,industriel,zone_B,36.004150690735855,228.73948064866505,157.40243262175116,0.8835382075391373,60.10562624936223,normal,18,0,0,-2.7784472836586502,-0.07164159774683143,0,normal,0.19205161929130554,0.9602580666542053,0.0,0.0,0.0,0.0,0.0,0.0
2026-05-11 18:15:00,SM_0095,industriel,zone_B,36.02229427183242,233.39613006513062,154.33972389250917,0.8899613513656564,59.99979458916671,normal,18,0,0,0.018143581096566663,0.0005039302621638875,0,normal,0.09495445340871811,0.47477224469184875,0.0,0.0,0.0,0.0,0.0,0.0
2026-05-11 18:30:00,SM_0095,industriel,zone_B,37.431870278096426,232.61503593661197,160.91767295858156,0.8726749195677554,59.98423097352586,normal,18,0,0,1.409576006264004,0.039130656021713284,0,normal,0.09837447851896286,0.4918723702430725,0.0,0.0,0.0,0.0,0.0,0.0
2026-05-11 18:45:00,SM_0095,industriel,zone_B,39.110660881628036,229.00388367865392,170.7860157363508,0.9024712596396632,59.95540600025709,normal,18,0,0,1.6787906035316098,0.044849231178116344,0,normal,0.17075511813163757,0.8537755608558655,0.0,0.0,0.0,0.0,0.0,0.0
2026-05-11 19:00:00,SM_0095,industriel,zone_B,38.563041474004905,235.24233457069545,163.92900344396077,0.9407753058960392,59.869892547052686,normal,19,0,0,-0.5476194076231309,-0.014001793763612214,0,normal,0.07793109863996506,0.3896554708480835,0.0,0.0,0.0,0.0,0.0,0.0
2026-05-11 19:15:00,SM_0095,industriel,zone_B,38.86440679854954,227.7511410875108,170.64418036709782,0.919564298500172,59.895837301409465,normal,19,0,0,0.3013653245446335,0.007814874372597869,0,normal,0.08034858107566833,0.4017429053783417,0.0,0.0,0.0,0.0,0.0,0.0
2026-05-11 19:30:00,SM_0095,industriel,zone_B,38.62888044999594,229.93646390892133,167.99806256608773,0.8834966708954809,59.951069787534635,normal,19,0,0,-0.23552634855359855,-0.006060206959401904,0,normal,0.09432346373796463,0.47161731123924255,0.0,0.0,0.0,0.0,0.0,0.0
2026-05-11 19:45:00,SM_0095,industriel,zone_B,34.713481073338976,223.72672346171703,155.16019068360856,0.8635091118690446,59.76557977046595,normal,19,0,0,-3.915399376656964,-0.10135938010746504,0,normal,0.08471738547086716,0.423586905002594,0.0,0.0,0.0,0.0,0.0,0.0
2026-05-11 20:00:00,SM_0095,industriel,zone_B,31.858233857826942,231.413613051207,137.66793335004618,0.9457657482193208,60.03276216535771,normal,20,0,0,-2.8552472155120334,-0.08225182629998329,0,normal,0.09983765333890915,0.49918824434280396,0.0,0.0,0.0,0.0,0.0,0.0
2026-05-11 20:15:00,SM_0095,industriel,zone_B,39.1461603377146,237.34678590572332,164.93233809057716,0.8629798682797705,59.92857682081296,normal,20,0,0,7.2879264798876555,0.22876115833700417,0,normal,0.14817014336585999,0.5586525797843933,0.0,0.0,0.0,0.0,0.0,0.7287926479887655
2026-05-11 20:30:00,SM_0095,industriel,zone_B,38.55958802644244,232.7518376921929,165.6682430900344,0.914670336864164,60.160281531674585,normal,20,0,0,-0.5865723112721568,-0.014984159524504714,0,normal,0.12859101593494415,0.6429550647735596,0.0,0.0,0.0,0.0,0.0,0.0
2026-05-11 20:45:00,SM_0095,industriel,zone_B,38.99968294079486,236.70972740334545,164.7574156272028,0.8728933888516253,59.9037797733823,normal,20,0,0,0.44009491435242154,0.011413371793563387,0,normal,0.08959224820137024,0.4479612410068512,0.0,0.0,0.0,0.0,0.0,0.0
2026-05-11 21:00:00,SM_0095,industriel,zone_B,37.739752802237206,226.8132794977568,166.39128399274546,0.9462860984138842,60.133098536471024,normal,21,0,0,-1.2599301385576567,-0.0323061636288261,0,normal,0.0661277249455452,0.3306386172771454,0.0,0.0,0.0,0.0,0.0,0.0
2026-05-11 21:15:00,SM_0095,industriel,zone_B,36.93637303471925,228.4792432055276,161.6618320181203,0.8881608503019169,60.11103231516412,normal,21,0,0,-0.8033797675179528,-0.021287361677428063,0,normal,0.10279712826013565,0.5139856338500977,0.0,0.0,0.0,0.0,0.0,0.0
2026-05-11 21:30:00,SM_0095,industriel,zone_B,36.03731836563254,230.18083223285677,156.56090047140097,0.858520794754213,59.91164720525616,normal,21,0,0,-0.8990546690867163,-0.024340632152529684,0,normal,0.11679630726575851,0.5839815139770508,0.0,0.0,0.0,0.0,0.0,0.0
2026-05-11 21:45:00,SM_0095,industriel,zone_B,36.88722020190651,236.06329763050695,156.25987001013365,0.9168651385408652,60.04380350341843,normal,21,0,0,0.8499018362739719,0.0235839367305557,0,normal,0.12604859471321106,0.6302429437637329,0.0,0.0,0.0,0.0,0.0,0.0
2026-05-11 22:00:00,SM_0095,industriel,zone_B,37.01495666240417,230.94090384073178,160.27891138735436,0.8907898718008308,60.36654983997245,normal,22,0,0,0.1277364604976583,0.003462892020555497,0,normal,0.11083574593067169,0.5541787147521973,0.0,0.0,0.0,0.0,0.0,0.0
2026-05-11 22:15:00,SM_0095,industriel,zone_B,36.75543751093891,231.92772545184863,158.47798032482257,0.8738666355351427,59.826492586889366,normal,22,0,0,-0.2595191514652555,-0.0070111969556578835,0,normal,0.0846630334854126,0.423315167427063,0.0,0.0,0.0,0.0,0.0,0.0
2026-05-11 22:30:00,SM_0095,industriel,zone_B,34.896302840512554,246.71088319355454,141.44614290539835,0.8595880393735709,60.22609827316427,normal,22,0,0,-1.8591346704263572,-0.050581214544733744,0,normal,0.10760332643985748,0.3927046060562134,0.14531202777003946,0.0,0.0,0.0,0.0,0.0
2026-05-11 22:45:00,SM_0095,industriel,zone_B,36.01855260938274,233.6477272342075,154.15751326045594,0.9025092246840969,59.99171865053024,normal,22,0,0,1.1222497688701836,0.03215956068467274,0,normal,0.09975256770849228,0.4987628161907196,0.0,0.0,0.0,0.0,0.0,0.0
2026-05-11 23:00:00,SM_0095,industriel,zone_B,36.613985763502846,233.7412185458699,156.64325698001628,0.9298926579082748,60.25729575619429,normal,23,0,0,0.5954331541201086,0.016531290431837098,0,normal,0.06996992230415344,0.3498496115207672,0.0,0.0,0.0,0.0,0.0,0.0
2026-05-11 23:15:00,SM_0095,industriel,zone_B,38.33125857551972,224.78004168764647,170.52785597746572,0.8950361012638789,59.770320561481185,normal,23,0,0,1.7172728120168728,0.046902099736125136,0,normal,0.1298651099205017,0.6493255496025085,0.0,0.0,0.0,0.0,0.0,0.0
2026-05-11 23:30:00,SM_0095,industriel,zone_B,38.020594436267444,222.8612480069527,170.60208886150227,0.8793523462901471,59.897680065651244,normal,23,0,0,-0.31066413925227465,-0.008104720554380163,0,normal,0.09549164772033691,0.47745823860168457,0.0,0.0,0.0,0.0,0.0,0.0
2026-05-11 23:45:00,SM_0095,industriel,zone_B,33.802249809066204,226.8274525422029,149.02186410957927,0.8673375113468934,60.208869754449644,normal,23,0,0,-4.21834462720124,-0.11094893937737615,0,normal,0.18199323117733002,0.9099661707878113,0.0,0.0,0.0,0.0,0.0,0.0
2026-05-11 00:00:00,SM_0096,residentiel,zone_C,4.467288784291493,224.6022500937238,19.88977751748857,0.9318566643366326,60.426252997212394,normal,0,0,0,0.0,0.0,0,normal,0.2,1.0,0.0,0.0,0.0,0.0,0.0,0.0
2026-05-11 00:15:00,SM_0096,residentiel,zone_C,3.9597243899543586,232.9275081953299,16.999814322633746,0.939014718903474,60.17575492335777,normal,0,0,0,-0.5075643943371344,-0.11361799490597146,0,normal,0.11062123626470566,0.5531061887741089,0.0,0.0,0.0,0.0,0.0,0.0
2026-05-11 00:30:00,SM_0096,residentiel,zone_C,3.80173368404138,226.59185871042516,16.77789178162767,0.903179777165323,60.18505700142164,normal,0,0,0,-0.1579907059129786,-0.03989941984694534,0,normal,0.1693645566701889,0.8468227386474609,0.0,0.0,0.0,0.0,0.0,0.0
2026-05-11 00:45:00,SM_0096,residentiel,zone_C,4.2277326485700195,229.537925274985,18.41844934123728,0.9217443042515383,60.24427736624779,normal,0,0,0,0.4259989645286395,0.11205386803311979,0,normal,0.1199992224574089,0.5999960899353027,0.0,0.0,0.0,0.0,0.0,0.0
2026-05-11 01:00:00,SM_0096,residentiel,zone_C,4.186848286825426,225.88421025895542,18.535373862677655,0.8574992461220551,59.897651093725855,normal,1,0,0,-0.040884361744593534,-0.009670517306344384,0,normal,0.12366904318332672,0.6183452010154724,0.0,0.0,0.0,0.0,0.0,0.0
2026-05-11 01:15:00,SM_0096,residentiel,zone_C,4.250982374980955,227.9821918174572,18.646115914109068,0.9060524910237914,59.988445512473476,normal,1,0,0,0.06413408815552923,0.015317987125861965,0,normal,0.08212272077798843,0.4106135964393616,0.0,0.0,0.0,0.0,0.0,0.0
2026-05-11 01:30:00,SM_0096,residentiel,zone_C,4.743295754771043,219.4639337058422,21.61309913057835,0.8994576325657784,59.802499301548075,normal,1,0,0,0.4923133797900876,0.11581167277652926,0,normal,0.11037825793027878,0.5518912672996521,0.0,0.0,0.0,0.0,0.0,0.0
2026-05-11 01:45:00,SM_0096,residentiel,zone_C,4.130533492181201,231.96019752393875,17.807078698296596,0.9153465048673625,60.38326233974591,normal,1,0,0,-0.6127622625898415,-0.12918491577791558,0,normal,0.15222321450710297,0.761116087436676,0.0,0.0,0.0,0.0,0.0,0.0
2026-05-11 02:00:00,SM_0096,residentiel,zone_C,4.173338702617064,226.7307928365839,18.40658099592584,0.8646144622328867,59.88539543467451,normal,2,0,0,0.04280521043586294,0.010363119078174776,0,normal,0.10191338509321213,0.5095669031143188,0.0,0.0,0.0,0.0,0.0,0.0
2026-05-11 02:15:00,SM_0096,residentiel,zone_C,3.917890807017809,227.90405294314164,17.190965919308418,0.9324339246321579,60.07081169438208,normal,2,0,0,-0.2554478955992554,-0.0612094808981275,0,normal,0.0809784010052681,0.4048919975757599,0.0,0.0,0.0,0.0,0.0,0.0
2026-05-11 02:30:00,SM_0096,residentiel,zone_C,4.362820909964893,221.07800782425147,19.73430533820066,0.9173919082263967,59.92927043234881,normal,2,0,0,0.444930102947084,0.11356368129252492,0,normal,0.08549925684928894,0.4274962842464447,0.0,0.0,0.0,0.0,0.0,0.0
2026-05-11 02:45:00,SM_0096,residentiel,zone_C,4.287308653607619,222.8842141084908,19.23558683039228,0.8678164510769301,60.09600303790383,normal,2,0,0,-0.07551225635727388,-0.017308126534554824,0,normal,0.09871450066566467,0.49357250332832336,0.0,0.0,0.0,0.0,0.0,0.0
2026-05-11 03:00:00,SM_0096,residentiel,zone_C,4.092440878173053,227.10851344620855,18.0197598763393,0.8685920430681742,60.02766751071291,normal,3,0,0,-0.1948677754345658,-0.045452238497125985,0,normal,0.0760234072804451,0.3801170289516449,0.0,0.0,0.0,0.0,0.0,0.0
2026-05-11 03:15:00,SM_0096,residentiel,zone_C,4.412375987788238,221.86512965502655,19.887649738599972,0.9043973777580584,59.71671096999101,normal,3,0,0,0.31993510961518457,0.07817708774280696,0,normal,0.1615816205739975,0.8079080581665039,0.0,0.0,0.0,0.0,0.0,0.0
2026-05-11 03:30:00,SM_0096,residentiel,zone_C,4.494231119334001,240.07255563493334,18.720303565927626,0.9187780956853134,60.24359481360412,normal,3,0,0,0.08185513154576363,0.01855125940588631,0,normal,0.08679979294538498,0.4339989423751831,0.0,0.0,0.0,0.0,0.0,0.0
2026-05-11 03:45:00,SM_0096,residentiel,zone_C,4.450322781116191,231.02839272608372,19.263098914394767,0.9058405441651118,60.380605468208984,normal,3,0,0,-0.04390833821781026,-0.00976993328823661,0,normal,0.08200716227293015,0.41003578901290894,0.0,0.0,0.0,0.0,0.0,0.0
2026-05-11 04:00:00,SM_0096,residentiel,zone_C,4.749999821363005,232.28743002001676,20.448802679308503,0.888165144150502,59.965313782215226,normal,4,0,0,0.29967704024681385,0.06733827072463527,0,normal,0.07911860197782516,0.39559298753738403,0.0,0.0,0.0,0.0,0.0,0.0
2026-05-11 04:15:00,SM_0096,residentiel,zone_C,4.4347209056310595,223.6040002959703,19.832922934120603,0.8777487002101665,60.03965546012984,normal,4,0,0,-0.31527891573194555,-0.06637451107134495,0,normal,0.09430544823408127,0.47152724862098694,0.0,0.0,0.0,0.0,0.0,0.0
2026-05-11 04:30:00,SM_0096,residentiel,zone_C,4.294691604111933,239.71250561245984,17.916009818257486,0.9008534154180878,59.972453892695235,normal,4,0,0,-0.1400293015191263,-0.03157567398239691,0,normal,0.0796409547328949,0.3982047736644745,0.0,0.0,0.0,0.0,0.0,0.0
2026-05-11 04:45:00,SM_0096,residentiel,zone_C,4.065479938031602,234.35810290244916,17.34729837663793,0.8726048073988817,59.84916961229458,normal,4,0,0,-0.2292116660803316,-0.05337092560054224,0,normal,0.1387483924627304,0.6937419772148132,0.0,0.0,0.0,0.0,0.0,0.0
2026-05-11 05:00:00,SM_0096,residentiel,zone_C,4.224378012675909,227.8498723046339,18.540181611460117,0.9415168414965797,59.61232951639688,normal,5,0,0,0.15889807464430739,0.03908470268364961,0,normal,0.08081140369176865,0.40405702590942383,0.0,0.0,0.0,0.0,0.0,0.0
2026-05-11 05:15:00,SM_0096,residentiel,zone_C,4.484185864221114,223.5132090205748,20.062285731884135,0.947556426134823,59.61976071244098,normal,5,0,0,0.25980785154520536,0.06150203669406751,0,normal,0.0939508005976677,0.46975401043891907,0.0,0.0,0.0,0.0,0.0,0.0
2026-05-11 05:30:00,SM_0096,residentiel,zone_C,4.501054184780805,232.87676105927392,19.328052160752765,0.9302290992199307,59.673321773192356,normal,5,0,0,0.016868320559690453,0.003761735367456831,0,normal,0.07781430333852768,0.3890714943408966,0.0,0.0,0.0,0.0,0.0,0.0
2026-05-11 05:45:00,SM_0096,residentiel,zone_C,4.591241478608637,228.2671558042812,20.113456368402026,0.8833448967426859,59.82559846478711,normal,5,0,0,0.09018729382783253,0.020036926934312138,0,normal,0.17216484248638153,0.8608242273330688,0.0,0.0,0.0,0.0,0.0,0.0
2026-05-11 06:00:00,SM_0096,residentiel,zone_C,3.8378984634096027,225.23053059780997,17.039867788896114,0.8719605733036689,60.113611192801706,normal,6,0,0,-0.7533430151990346,-0.16408263836894355,0,normal,0.16480275988578796,0.8240137696266174,0.0,0.0,0.0,0.0,0.0,0.0
2026-05-11 06:15:00,SM_0096,residentiel,zone_C,4.418168873005607,226.2037586435497,19.53181016752125,0.8875704144374554,60.11430260055723,normal,6,0,0,0.5802704095960043,0.15119483100667797,0,normal,0.17310932278633118,0.8655465841293335,0.0,0.0,0.0,0.0,0.0,0.0
2026-05-11 06:30:00,SM_0096,residentiel,zone_C,4.168756952168023,233.39307735217028,17.861527854477547,0.9228626481202188,60.04943290020862,normal,6,0,0,-0.24941192083758423,-0.05645142320418217,0,normal,0.07044606655836105,0.3522303104400635,0.0,0.0,0.0,0.0,0.0,0.0
2026-05-11 06:45:00,SM_0096,residentiel,zone_C,4.259038608527573,225.70849716248512,18.869642313295525,0.9067632904932086,59.933209265556876,normal,6,0,0,0.09028165635954988,0.021656733025080088,0,normal,0.08033972978591919,0.40169864892959595,0.0,0.0,0.0,0.0,0.0,0.0
2026-05-11 07:00:00,SM_0096,residentiel,zone_C,4.356038468657417,232.94321535496772,18.700001466106322,0.944075030486776,60.15415984574776,normal,7,0,0,0.09699986012984407,0.022775060065346242,0,normal,0.12422676384449005,0.6211338043212891,0.0,0.0,0.0,0.0,0.0,0.0
2026-05-11 07:15:00,SM_0096,residentiel,zone_C,4.226282287492295,232.72637561328563,18.15987670651899,0.9139694019117525,59.99682287202101,normal,7,0,0,-0.12975618116512155,-0.029787657317249083,0,normal,0.08998969942331314,0.4499484896659851,0.0,0.0,0.0,0.0,0.0,0.0
2026-05-11 07:30:00,SM_0096,residentiel,zone_C,4.434632286170205,230.0811217628458,19.274211861419754,0.9204406018913269,59.734150656262564,normal,7,0,0,0.20834999867791026,0.04929864701525566,0,normal,0.10288293659687042,0.5144146680831909,0.0,0.0,0.0,0.0,0.0,0.0
2026-05-11 07:45:00,SM_0096,residentiel,zone_C,4.522637611177164,232.03464220838688,19.49121720848669,0.887808635660533,59.98800979966204,normal,7,0,0,0.08800532500695812,0.01984501066332167,0,normal,0.101168692111969,0.505843460559845,0.0,0.0,0.0,0.0,0.0,0.0
2026-05-11 08:00:00,SM_0096,residentiel,zone_C,3.9257132307512452,221.70805896328014,17.706678093291288,0.8779379817843644,60.17137599275577,normal,8,0,0,-0.5969243804259183,-0.13198589667027272,0,normal,0.12577545642852783,0.6288772821426392,0.0,0.0,0.0,0.0,0.0,0.0
2026-05-11 08:15:00,SM_0096,residentiel,zone_C,4.31331979201203,228.63211422265366,18.86576523458773,0.9089342110388205,60.2878916069769,normal,8,0,0,0.38760656126078485,0.09873532234207816,0,normal,0.0885530561208725,0.4427652657032013,0.0,0.0,0.0,0.0,0.0,0.0
2026-05-11 08:30:00,SM_0096,residentiel,zone_C,3.931446084570262,223.24418937913035,17.610519205467785,0.9361760800610941,59.76279075107887,normal,8,0,0,-0.38187370744176796,-0.08853359496992819,0,normal,0.16483163833618164,0.8241581916809082,0.0,0.0,0.0,0.0,0.0,0.0
2026-05-11 08:45:00,SM_0096,residentiel,zone_C,4.436327854299943,225.61690375123032,19.66310050594226,0.8711770178327174,59.575243550852605,normal,8,0,0,0.504881769729681,0.12842138970471684,0,normal,0.0994318351149559,0.4971591532230377,0.0,0.0,0.0,0.0,0.0,0.0
2026-05-11 09:00:00,SM_0096,residentiel,zone_C,3.776719540207136,228.70163530587664,16.513740862219755,0.8614188392682753,59.85431270572122,normal,9,0,0,-0.6596083140928073,-0.14868340117231804,0,normal,0.08841793984174728,0.44208967685699463,0.0,0.0,0.0,0.0,0.0,0.0
2026-05-11 09:15:00,SM_0096,residentiel,zone_C,4.14596512328995,236.96210799686713,17.49632107148863,0.8856290098648819,60.256452528792934,normal,9,0,0,0.3692455830828143,0.09776886505651494,0,normal,0.09705636650323868,0.4852818250656128,0.0,0.0,0.0,0.0,0.0,0.0
2026-05-11 09:30:00,SM_0096,residentiel,zone_C,4.343407125280029,224.3854197206641,19.35690443116628,0.8901790857120857,60.24915300379258,normal,9,0,0,0.19744200199007889,0.047622687629702565,0,normal,0.07060744613409042,0.3530372083187103,0.0,0.0,0.0,0.0,0.0,0.0
2026-05-11 09:45:00,SM_0096,residentiel,zone_C,4.274965334834771,225.93919130116296,18.920866761608025,0.8830140348221667,60.020973950887196,normal,9,0,0,-0.06844179044525767,-0.015757627243116246,0,normal,0.1039612889289856,0.519806444644928,0.0,0.0,0.0,0.0,0.0,0.0
2026-05-11 10:00:00,SM_0096,residentiel,zone_C,4.456896616820716,233.89194419997068,19.055366066862916,0.9244503298112107,60.33302814151054,normal,10,0,0,0.18193128198594444,0.04255737011560501,0,normal,0.11905069649219513,0.5952534675598145,0.0,0.0,0.0,0.0,0.0,0.0
2026-05-11 10:15:00,SM_0096,residentiel,zone_C,4.185475766097407,217.73384379569484,19.222899357918582,0.9046934447663924,60.37501151699746,normal,10,0,0,-0.2714208507233087,-0.06089906813161039,0,normal,0.10231262445449829,0.4049008786678314,0.10666222786352314,0.0,0.0,0.0,0.0,0.0
2026-05-11 10:30:00,SM_0096,residentiel,zone_C,4.123727479854161,218.882940482055,18.839876103511333,0.9014588196820724,59.95934613787619,normal,10,0,0,-0.06174828624324569,-0.014752990984539971,0,normal,0.12049178034067154,0.6024588942527771,0.0,0.0,0.0,0.0,0.0,0.0
2026-05-11 10:45:00,SM_0096,residentiel,zone_C,4.33363164368965,233.30730546291483,18.574779024133466,0.8739738448018721,59.99435468990451,normal,10,0,0,0.20990416383548816,0.05090156050828831,0,normal,0.0862424448132515,0.4312122166156769,0.0,0.0,0.0,0.0,0.0,0.0
2026-05-11 11:00:00,SM_0096,residentiel,zone_C,4.324853046328551,226.09968812737452,19.128080547780854,0.913179915414467,59.816959234131346,normal,11,0,0,-0.008778597361098761,-0.0020256907099802657,0,normal,0.09079056233167648,0.453952819108963,0.0,0.0,0.0,0.0,0.0,0.0
2026-05-11 11:15:00,SM_0096,residentiel,zone_C,4.533617592669019,229.39455523235938,19.763405404617416,0.8573008251243862,59.8065025585523,normal,11,0,0,0.20876454634046837,0.04827089940493878,0,normal,0.16317133605480194,0.8158566951751709,0.0,0.0,0.0,0.0,0.0,0.0
2026-05-11 11:30:00,SM_0096,residentiel,zone_C,4.523043457189008,234.4757591988572,19.290025854455376,0.8863698340435241,59.897087716602606,normal,11,0,0,-0.010574135480011293,-0.0023323836348945193,0,normal,0.11073748022317886,0.5536873936653137,0.0,0.0,0.0,0.0,0.0,0.0
2026-05-11 11:45:00,SM_0096,residentiel,zone_C,3.923276938373317,228.386487496557,17.17823581148802,0.9208104526612794,60.27524668679919,normal,11,0,0,-0.5997665188156911,-0.1326024223495822,0,normal,0.08445699512958527,0.42228496074676514,0.0,0.0,0.0,0.0,0.0,0.0
2026-05-11 12:00:00,SM_0096,residentiel,zone_C,4.228353853775198,219.98519379843992,19.221083840985234,0.939542363222571,60.273602433754924,normal,12,0,0,0.30507691540188153,0.07776073934978789,0,normal,0.2,1.0,0.0,0.0,0.0,0.0,0.0,0.0
2026-05-11 12:15:00,SM_0096,residentiel,zone_C,4.17921868528093,233.4808915790238,17.89961763901537,0.88877861887715,60.08512784931215,normal,12,0,0,-0.04913516849426802,-0.011620401270437397,0,normal,0.08790209889411926,0.4395104944705963,0.0,0.0,0.0,0.0,0.0,0.0
2026-05-11 12:30:00,SM_0096,residentiel,zone_C,3.8517941467479297,234.74725241874089,16.408260829724732,0.9015090253800423,60.11078740523486,normal,12,0,0,-0.3274245385330006,-0.07834587352085187,0,normal,0.2,1.0,0.0,0.0,0.0,0.0,0.0,0.0
2026-05-11 12:45:00,SM_0096,residentiel,zone_C,4.425487100900549,233.23861659440527,18.974075414777193,0.8581807875657284,59.877568484694436,normal,12,0,0,0.573692954152619,0.14894174825957096,0,normal,0.09937690943479538,0.4968845248222351,0.0,0.0,0.0,0.0,0.0,0.0
2026-05-11 13:00:00,SM_0096,residentiel,zone_C,3.826035803500101,231.92231870005526,16.49705739812091,0.9312418471259639,60.01274060615926,normal,13,0,0,-0.5994512974004476,-0.1354543090360526,0,normal,0.095599465072155,0.4779973030090332,0.0,0.0,0.0,0.0,0.0,0.0
2026-05-11 13:15:00,SM_0096,residentiel,zone_C,4.203956556099147,227.29454063619596,18.495633658126145,0.8677868895600387,59.867414863010616,normal,13,0,0,0.3779207525990458,0.09877606274706574,0,normal,0.1814328134059906,0.9071640372276306,0.0,0.0,0.0,0.0,0.0,0.0
2026-05-11 13:30:00,SM_0096,residentiel,zone_C,4.349648018848807,233.36857379949842,18.638533663859395,0.8504596143446408,60.39450432487879,normal,13,0,0,0.14569146274966016,0.034655796463521904,0,normal,0.106913261115551,0.5345662832260132,0.0,0.0,0.0,0.0,0.0,0.0
2026-05-11 13:45:00,SM_0096,residentiel,zone_C,4.294939353594785,237.26919243051952,18.10154664243858,0.9318864420383199,60.17733196355313,normal,13,0,0,-0.05470866525402229,-0.012577722385109569,0,normal,0.11360806226730347,0.5680403113365173,0.0,0.0,0.0,0.0,0.0,0.0
2026-05-11 14:00:00,SM_0096,residentiel,zone_C,4.443736227043237,230.2512973829775,19.29950570333578,0.868093629269473,60.06544300006276,normal,14,0,0,0.14879687344845216,0.03464469721182728,0,normal,0.09215248376131058,0.4607624113559723,0.0,0.0,0.0,0.0,0.0,0.0
2026-05-11 14:15:00,SM_0096,residentiel,zone_C,4.306815224765008,228.76440531372054,18.826421963936095,0.936041029971123,59.96578858512435,normal,14,0,0,-0.13692100227822923,-0.030812135392953688,0,normal,0.08208272606134415,0.41041362285614014,0.0,0.0,0.0,0.0,0.0,0.0
2026-05-11 14:30:00,SM_0096,residentiel,zone_C,3.9781725273507855,228.7733586399398,17.389142472712145,0.9272878791298418,59.99384699053694,normal,14,0,0,-0.32864269741422225,-0.0763075916339443,0,normal,0.08911338448524475,0.44556692242622375,0.0,0.0,0.0,0.0,0.0,0.0
2026-05-11 14:45:00,SM_0096,residentiel,zone_C,4.249830061556041,232.64160410178656,18.26771302564022,0.8539619277448354,60.041508274103926,normal,14,0,0,0.27165753420525585,0.06828701679918403,0,normal,0.10551512241363525,0.5275756120681763,0.0,0.0,0.0,0.0,0.0,0.0
2026-05-11 15:00:00,SM_0096,residentiel,zone_C,4.028818779060106,226.27722714445665,17.80479118425862,0.9447461677805724,59.93757568618205,normal,15,0,0,-0.22101128249593494,-0.052004734141066655,0,normal,0.07253822684288025,0.36269113421440125,0.0,0.0,0.0,0.0,0.0,0.0
2026-05-11 15:15:00,SM_0096,residentiel,zone_C,3.8147826829770963,227.84964538504235,16.742543867165157,0.9259280998555613,60.311126664806736,normal,15,0,0,-0.2140360960830101,-0.053126265493863456,0,normal,0.07317351549863815,0.365867555141449,0.0,0.0,0.0,0.0,0.0,0.0
2026-05-11 15:30:00,SM_0096,residentiel,zone_C,4.239505782570207,233.79196965016104,18.13366724662986,0.897380467546545,60.168770872802604,normal,15,0,0,0.42472309959311083,0.11133611922072917,0,normal,0.08112090080976486,0.4056044816970825,0.0,0.0,0.0,0.0,0.0,0.0
2026-05-11 15:45:00,SM_0096,residentiel,zone_C,3.92294503243644,219.089840676684,17.905645557639627,0.9092934994708548,60.17187316842294,normal,15,0,0,-0.31656075013376705,-0.07466925777887523,0,normal,0.14079926908016205,0.7039963006973267,0.0,0.0,0.0,0.0,0.0,0.0
2026-05-11 16:00:00,SM_0096,residentiel,zone_C,4.10911949501775,226.4317482918283,18.147276280894417,0.9450060640556206,60.13577823978603,normal,16,0,0,0.18617446258130999,0.04745783105344237,0,normal,0.07768529653549194,0.3884264826774597,0.0,0.0,0.0,0.0,0.0,0.0
2026-05-11 16:15:00,SM_0096,residentiel,zone_C,4.481967927942721,234.75540357562483,19.092075665465508,0.9338808588421567,60.03440910393321,normal,16,0,0,0.37284843292497083,0.0907368192570317,0,normal,0.15792839229106903,0.7896419167518616,0.0,0.0,0.0,0.0,0.0,0.0
2026-05-11 16:30:00,SM_0096,residentiel,zone_C,4.496168850811425,228.86526042929648,19.645484169933383,0.9326023041239742,60.17541996363839,normal,16,0,0,0.014200922868703891,0.0031684570476662177,0,normal,0.16112706065177917,0.8056352734565735,0.0,0.0,0.0,0.0,0.0,0.0
2026-05-11 16:45:00,SM_0096,residentiel,zone_C,3.963641291113077,233.01281343204403,17.01040055580049,0.8745217822059095,60.177369770158286,normal,16,0,0,-0.5325275596983476,-0.11844029380752508,0,normal,0.1574438065290451,0.7872190475463867,0.0,0.0,0.0,0.0,0.0,0.0
2026-05-11 17:00:00,SM_0096,residentiel,zone_C,4.057355268044999,227.8133509643215,17.809997749782596,0.9392251637543602,60.177431751946465,normal,17,0,0,0.09371397693192174,0.023643405154255115,0,normal,0.2,1.0,0.0,0.0,0.0,0.0,0.0,0.0
2026-05-11 17:15:00,SM_0096,residentiel,zone_C,3.923814215881863,234.35579441800127,16.742979304720226,0.9181959169880755,60.30373358101698,normal,17,0,0,-0.13354105216313572,-0.032913324897841933,0,normal,0.1010211855173111,0.5051059126853943,0.0,0.0,0.0,0.0,0.0,0.0
2026-05-11 17:30:00,SM_0096,residentiel,zone_C,4.483388366349359,232.3508441211736,19.295769650878572,0.915676775357945,59.94188163456107,normal,17,0,0,0.5595741504674963,0.14260974645603453,0,normal,0.1036306619644165,0.5181533098220825,0.0,0.0,0.0,0.0,0.0,0.0
2026-05-11 17:45:00,SM_0096,residentiel,zone_C,4.2405589206067775,231.6640354376437,18.304778782756706,0.8575112788945871,59.910387543180754,normal,17,0,0,-0.24282944574258192,-0.05416203681241827,0,normal,0.0753086507320404,0.376543253660202,0.0,0.0,0.0,0.0,0.0,0.0
2026-05-11 18:00:00,SM_0096,residentiel,zone_C,3.881498035536178,230.943580930728,16.807126744520524,0.8644044340223818,60.07603781271506,normal,18,0,0,-0.3590608850705994,-0.0846730093351048,0,normal,0.10585670918226242,0.5292835235595703,0.0,0.0,0.0,0.0,0.0,0.0
2026-05-11 18:15:00,SM_0096,residentiel,zone_C,3.9866260379922336,237.5259364550457,16.78396093281689,0.8542657753023639,59.993413086615604,normal,18,0,0,0.10512800245605547,0.027084388937874015,0,normal,0.10367494821548462,0.5183747410774231,0.0,0.0,0.0,0.0,0.0,0.0
2026-05-11 18:30:00,SM_0096,residentiel,zone_C,4.198380139841296,222.43152104509355,18.87493337327023,0.935254417791699,60.15933940621889,normal,18,0,0,0.21175410184906251,0.05311611870064126,0,normal,0.14590077102184296,0.729503870010376,0.0,0.0,0.0,0.0,0.0,0.0
2026-05-11 18:45:00,SM_0096,residentiel,zone_C,4.203040398399703,228.99725320610855,18.354108355250727,0.8834073292421396,60.06170175125156,normal,18,0,0,0.0046602585584070155,0.001110013482148231,0,normal,0.0723688155412674,0.3618440628051758,0.0,0.0,0.0,0.0,0.0,0.0
2026-05-11 19:00:00,SM_0096,residentiel,zone_C,4.213813320776215,220.31923141904798,19.12594417489378,0.9143498449965972,60.405931008431274,normal,19,0,0,0.010772922376512284,0.002563126060033616,0,normal,0.2,1.0,0.0,0.0,0.0,0.0,0.0,0.0
2026-05-11 19:15:00,SM_0096,residentiel,zone_C,4.410351298747075,218.50523787343482,20.184190281524014,0.8943113435257793,59.96263866725494,normal,19,0,0,0.19653797797086003,0.0466413585532679,0,normal,0.11665268242359161,0.5832633972167969,0.0,0.0,0.0,0.0,0.0,0.0
2026-05-11 19:30:00,SM_0096,residentiel,zone_C,4.155487207213908,234.44916750777278,17.724469877147843,0.8819720650321635,60.099712374425344,normal,19,0,0,-0.25486409153316725,-0.05778770766074137,0,normal,0.2,1.0,0.0,0.0,0.0,0.0,0.0,0.0
2026-05-11 19:45:00,SM_0096,residentiel,zone_C,3.941534488656887,236.7867657716152,16.645923921519174,0.8504739560901459,59.73901329901938,normal,19,0,0,-0.21395271855702136,-0.05148679514296195,0,normal,0.09624096006155014,0.4812048077583313,0.0,0.0,0.0,0.0,0.0,0.0
2026-05-11 20:00:00,SM_0096,residentiel,zone_C,4.3513178158360795,234.64000317442287,18.544654606919128,0.8811377221025211,59.935371725065444,normal,20,0,0,0.40978332717919264,0.10396542979859347,0,normal,0.09784702956676483,0.48923513293266296,0.0,0.0,0.0,0.0,0.0,0.0
2026-05-11 20:15:00,SM_0096,residentiel,zone_C,4.4723585274322675,225.59311784438898,19.824889031044105,0.8916039890977743,59.83778809028716,normal,20,0,0,0.12104071159618801,0.02781702388082885,0,normal,0.09502588957548141,0.47512945532798767,0.0,0.0,0.0,0.0,0.0,0.0
2026-05-11 20:30:00,SM_0096,residentiel,zone_C,4.338059573202557,229.68149159498017,18.887284051830704,0.8702893476412495,59.81640618230616,normal,20,0,0,-0.1342989542297106,-0.030028664608607758,0,normal,0.10614430159330368,0.5307214856147766,0.0,0.0,0.0,0.0,0.0,0.0
2026-05-11 20:45:00,SM_0096,residentiel,zone_C,4.215025423925331,240.1547331584331,17.551290238967,0.8704044609181143,59.66085812422625,normal,20,0,0,-0.12303414927722578,-0.02836156286032654,0,normal,0.10959494113922119,0.547974705696106,0.0,0.0,0.0,0.0,0.0,0.0
2026-05-11 21:00:00,SM_0096,residentiel,zone_C,4.259923714748464,228.04715348895655,18.680012662182847,0.8640904552776383,59.89601559752225,normal,21,0,0,0.04489829082313257,0.01065196204233576,0,normal,0.08493303507566452,0.4246651530265808,0.0,0.0,0.0,0.0,0.0,0.0
2026-05-11 21:15:00,SM_0096,residentiel,zone_C,3.9370185451622985,232.19771825646356,16.955457507182913,0.9152255149691576,59.88481142692908,normal,21,0,0,-0.3229051695861651,-0.07580069297208802,0,normal,0.10489138215780258,0.5244569182395935,0.0,0.0,0.0,0.0,0.0,0.0
2026-05-11 21:30:00,SM_0096,residentiel,zone_C,3.9860978457063148,230.0041735524001,17.330545720720117,0.8570641245494685,59.82457411348313,normal,21,0,0,0.04907930054401621,0.012466108549151533,0,normal,0.07073240727186203,0.35366201400756836,0.0,0.0,0.0,0.0,0.0,0.0
2026-05-11 21:45:00,SM_0096,residentiel,zone_C,3.845826343160066,223.33283439472598,17.220156425198198,0.8634553250936396,59.92081017455344,normal,21,0,0,-0.14027150254624887,-0.035190180466178056,0,normal,0.14027062058448792,0.7013530731201172,0.0,0.0,0.0,0.0,0.0,0.0
2026-05-11 22:00:00,SM_0096,residentiel,zone_C,4.007822679447168,224.43905594056298,17.857064416224148,0.9170457007936065,59.99528258860685,normal,22,0,0,0.16199633628710197,0.04212263420973694,0,normal,0.08845251053571701,0.44226256012916565,0.0,0.0,0.0,0.0,0.0,0.0
2026-05-11 22:15:00,SM_0096,residentiel,zone_C,4.071073399631825,227.87685823391175,17.86523401798412,0.8602482940189465,60.2137778167702,normal,22,0,0,0.06325072018465683,0.015781816024201367,0,normal,0.2,1.0,0.0,0.0,0.0,0.0,0.0,0.0
2026-05-11 22:30:00,SM_0096,residentiel,zone_C,4.265591407835092,228.5071330393822,18.667213364844656,0.8781639772796586,59.7277274018727,normal,22,0,0,0.19451800820326692,0.047780521034294976,0,normal,0.13208191096782684,0.6604095101356506,0.0,0.0,0.0,0.0,0.0,0.0
2026-05-11 22:45:00,SM_0096,residentiel,zone_C,4.083114499580059,235.73141539966656,17.3210451931382,0.9193467716556525,59.79546055307325,normal,22,0,0,-0.18247690825503238,-0.042778806221303034,0,normal,0.08348406851291656,0.41742032766342163,0.0,0.0,0.0,0.0,0.0,0.0
2026-05-11 23:00:00,SM_0096,residentiel,zone_C,4.338861942951968,223.7170551534587,19.394417381257437,0.8500505040919811,60.29114905444199,normal,23,0,0,0.25574744337190847,0.06263538369992117,0,normal,0.07738291472196579,0.38691458106040955,0.0,0.0,0.0,0.0,0.0,0.0
2026-05-11 23:15:00,SM_0096,residentiel,zone_C,4.347828104318882,234.05075673123943,18.57643258684908,0.9260320250306218,59.89978812722829,normal,23,0,0,0.008966161366914527,0.0020664776811991636,0,normal,0.17064206302165985,0.8532103300094604,0.0,0.0,0.0,0.0,0.0,0.0
2026-05-11 23:30:00,SM_0096,residentiel,zone_C,4.262275976389141,222.91379334180073,19.12073682158223,0.8684539822259043,60.25748459478605,normal,23,0,0,-0.08555212792974132,-0.019676980293852675,0,normal,0.12488020956516266,0.6244010329246521,0.0,0.0,0.0,0.0,0.0,0.0
2026-05-11 23:45:00,SM_0096,residentiel,zone_C,4.172418597165729,221.0390488932962,18.876386855880433,0.8988564814337734,60.04448223387598,normal,23,0,0,-0.08985737922341208,-0.021082018086387766,0,normal,0.12223049253225327,0.6111524701118469,0.0,0.0,0.0,0.0,0.0,0.0
2026-05-11 00:00:00,SM_0097,residentiel,zone_C,4.475600414321321,227.22255090902783,19.69699044578194,0.911601870296086,59.716916576493816,normal,0,0,0,0.0,0.0,0,normal,0.07564492523670197,0.37822461128234863,0.0,0.0,0.0,0.0,0.0,0.0
2026-05-11 00:15:00,SM_0097,residentiel,zone_C,4.63541791047819,237.71476666703003,19.499915699267753,0.8779826868480628,59.94798763455039,normal,0,0,0,0.1598174961568688,0.03570861590893459,0,normal,0.08981799334287643,0.44908997416496277,0.0,0.0,0.0,0.0,0.0,0.0
2026-05-11 00:30:00,SM_0097,residentiel,zone_C,5.063414258843026,228.08110035649676,22.20006064039842,0.9497927323515981,60.05698652722449,normal,0,0,0,0.4279963483648359,0.0923317717259895,0,normal,0.18119345605373383,0.9059672355651855,0.0,0.0,0.0,0.0,0.0,0.0
2026-05-11 00:45:00,SM_0097,residentiel,zone_C,4.410472953581594,241.9381660736256,18.229752771786398,0.9384354923509436,59.68648149270999,normal,0,0,0,-0.6529413052614323,-0.1289527721578576,0,normal,0.1569114476442337,0.6807470917701721,0.10381013977065748,0.0,0.0,0.0,0.0,0.0
2026-05-11 01:00:00,SM_0097,residentiel,zone_C,4.90296308082766,228.41786926330292,21.464884059381067,0.916054459739399,59.805783470032765,normal,1,0,0,0.4924901272460662,0.11166379035294427,0,normal,0.08549624681472778,0.4274812340736389,0.0,0.0,0.0,0.0,0.0,0.0
2026-05-11 01:15:00,SM_0097,residentiel,zone_C,4.444548478618768,226.24075031826294,19.64521631212071,0.9393263125520408,60.16284873970477,normal,1,0,0,-0.45841460220889196,-0.09349746156593697,0,normal,0.09390127658843994,0.4695063829421997,0.0,0.0,0.0,0.0,0.0,0.0
2026-05-11 01:30:00,SM_0097,residentiel,zone_C,4.7876802920167085,218.3929868136492,21.922317020655747,0.9462925095678834,60.08137713663393,normal,1,0,0,0.34313181339794063,0.0772028508741962,0,normal,0.11825044453144073,0.49032166600227356,0.10093054944652868,0.0,0.0,0.0,0.0,0.0
2026-05-11 01:45:00,SM_0097,residentiel,zone_C,4.513879515623143,234.03494799125366,19.287202848831942,0.889620094610073,60.329450506000995,normal,1,0,0,-0.2738007763935659,-0.057188609032670645,0,normal,0.07297161221504211,0.36485806107521057,0.0,0.0,0.0,0.0,0.0,0.0
2026-05-11 02:00:00,SM_0097,residentiel,zone_C,4.678365885891854,229.08567133709636,20.42190530112948,0.9032735198019171,59.91394287728377,normal,2,0,0,0.16448637026871182,0.03644013308272909,0,normal,0.16308064758777618,0.8154032230377197,0.0,0.0,0.0,0.0,0.0,0.0
2026-05-11 02:15:00,SM_0097,residentiel,zone_C,4.44507662286438,224.2329904939588,19.823472955841158,0.9436283651234666,60.06578147327492,normal,2,0,0,-0.23328926302747455,-0.04986554466186255,0,normal,0.08838804811239243,0.4419402480125427,0.0,0.0,0.0,0.0,0.0,0.0
2026-05-11 02:30:00,SM_0097,residentiel,zone_C,4.258632193242077,231.28459970253806,18.412951829560765,0.881901004951366,59.81762273289535,normal,2,0,0,-0.1864444296223029,-0.0419440305400538,0,normal,0.09940624237060547,0.49703121185302734,0.0,0.0,0.0,0.0,0.0,0.0
2026-05-11 02:45:00,SM_0097,residentiel,zone_C,4.117891371912309,228.71955368041128,18.00410723809919,0.8613246895855601,59.91429827189019,normal,2,0,0,-0.14074082132976784,-0.033048362700377365,0,normal,0.07662328332662582,0.38311639428138733,0.0,0.0,0.0,0.0,0.0,0.0
2026-05-11 03:00:00,SM_0097,residentiel,zone_C,4.775187620444987,232.40747490693963,20.546618056743064,0.8990406462083268,59.99917588721932,normal,3,0,0,0.6572962485326777,0.15961961819003379,0,normal,0.09406621009111404,0.4703310430049896,0.0,0.0,0.0,0.0,0.0,0.0
2026-05-11 03:15:00,SM_0097,residentiel,zone_C,4.450267883701128,222.63831176754306,19.98877842887911,0.8847348270098956,60.01639303468421,normal,3,0,0,-0.3249197367438592,-0.0680433445908416,0,normal,0.11042021960020065,0.5521010756492615,0.0,0.0,0.0,0.0,0.0,0.0
2026-05-11 03:30:00,SM_0097,residentiel,zone_C,4.155933044170864,231.94430180640492,17.917806179345863,0.8972220441102318,60.269435700655045,normal,3,0,0,-0.2943348395302632,-0.06613867911373361,0,normal,0.13914476335048676,0.6957237720489502,0.0,0.0,0.0,0.0,0.0,0.0
2026-05-11 03:45:00,SM_0097,residentiel,zone_C,4.6000887177814525,229.21909811432639,20.06852289195855,0.85795064640229,60.12054000851497,normal,3,0,0,0.44415567361058805,0.10687267308927484,0,normal,0.0724584087729454,0.36229202151298523,0.0,0.0,0.0,0.0,0.0,0.0
2026-05-11 04:00:00,SM_0097,residentiel,zone_C,4.7681230968482415,234.51514941240765,20.331834036287514,0.8637676460350149,60.07238969235783,normal,4,0,0,0.16803437906678909,0.03652850833447174,0,normal,0.14767414331436157,0.7383707165718079,0.0,0.0,0.0,0.0,0.0,0.0
2026-05-11 04:15:00,SM_0097,residentiel,zone_C,4.251862042656319,237.59210074150855,17.89563722609696,0.8578771755155025,59.78546235571616,normal,4,0,0,-0.5162610541919221,-0.10827343248188659,0,normal,0.0937158614397049,0.4685792922973633,0.0,0.0,0.0,0.0,0.0,0.0
2026-05-11 04:30:00,SM_0097,residentiel,zone_C,4.43440749872136,234.44913588856156,18.914155865471496,0.9076259430816269,60.3611638258402,normal,4,0,0,0.18254545606504102,0.04293306185235424,0,normal,0.11138123273849487,0.5569061636924744,0.0,0.0,0.0,0.0,0.0,0.0
2026-05-11 04:45:00,SM_0097,residentiel,zone_C,4.6856888921618145,234.86206229544132,19.95081217615947,0.8715655067915469,59.91089058344459,normal,4,0,0,0.2512813934404541,0.05666628371725202,0,normal,0.06620293110609055,0.33101463317871094,0.0,0.0,0.0,0.0,0.0,0.0
2026-05-11 05:00:00,SM_0097,residentiel,zone_C,4.3686848745512705,228.45264227477014,19.12293432481669,0.9349266245895631,59.80397166572629,normal,5,0,0,-0.317004017610544,-0.06765366308054,0,normal,0.1032305359840393,0.5161526799201965,0.0,0.0,0.0,0.0,0.0,0.0
2026-05-11 05:15:00,SM_0097,residentiel,zone_C,4.641706540240844,228.03876343047557,20.35490137910701,0.9318105617585136,60.08622961388957,normal,5,0,0,0.27302166568957364,0.062495161250928355,0,normal,0.16117340326309204,0.8058670163154602,0.0,0.0,0.0,0.0,0.0,0.0
2026-05-11 05:30:00,SM_0097,residentiel,zone_C,4.464955908464515,244.11619251139098,18.29028981048101,0.9462510098698182,59.65446115992436,normal,5,0,0,-0.17675063177632921,-0.03807880361328442,0,normal,0.13887642323970795,0.5716326236724854,0.12274950009905197,0.0,0.0,0.0,0.0,0.0
2026-05-11 05:45:00,SM_0097,residentiel,zone_C,4.4059180578061214,239.1750065003722,18.421314677791237,0.8798299018634386,59.72703606446886,normal,5,0,0,-0.05903785065839351,-0.013222493540523295,0,normal,0.10147085040807724,0.5073542594909668,0.0,0.0,0.0,0.0,0.0,0.0
2026-05-11 06:00:00,SM_0097,residentiel,zone_C,4.594315140519008,234.94994825676204,19.55444201885148,0.8635607424573387,60.249650571196526,normal,6,0,0,0.18839708271288647,0.042760006028504494,0,normal,0.0837867259979248,0.418933629989624,0.0,0.0,0.0,0.0,0.0,0.0
2026-05-11 06:15:00,SM_0097,residentiel,zone_C,4.737741079469332,227.62083577849157,20.814180139817466,0.8760060823908361,59.9394553131371,normal,6,0,0,0.1434259389503243,0.031218132531962484,0,normal,0.09284356236457825,0.46421781182289124,0.0,0.0,0.0,0.0,0.0,0.0
2026-05-11 06:30:00,SM_0097,residentiel,zone_C,4.095156355871456,237.42353692607918,17.24831669551981,0.8626596605801823,59.973047596653565,normal,6,0,0,-0.6425847235978761,-0.13563103445700564,0,normal,0.2,1.0,0.0,0.0,0.0,0.0,0.0,0.0
2026-05-11 06:45:00,SM_0097,residentiel,zone_C,4.703391561368632,234.5330121717956,20.054283692580533,0.8526490732852868,59.9135910014433,normal,6,0,0,0.6082352054971762,0.1485255146913047,0,normal,0.1136840209364891,0.5684201121330261,0.0,0.0,0.0,0.0,0.0,0.0
2026-05-11 07:00:00,SM_0097,residentiel,zone_C,4.279582130436878,238.18005639181774,17.9678441397157,0.9134875576599876,59.728937964186066,normal,7,0,0,-0.4238094309317546,-0.09010719720057303,0,normal,0.08690431714057922,0.4345215857028961,0.0,0.0,0.0,0.0,0.0,0.0
2026-05-11 07:15:00,SM_0097,residentiel,zone_C,4.593041474121585,223.89726034453813,20.51405839916804,0.9027264893069562,60.02518452689128,normal,7,0,0,0.3134593436847073,0.07324531557774039,0,normal,0.07560897618532181,0.37804487347602844,0.0,0.0,0.0,0.0,0.0,0.0
2026-05-11 07:30:00,SM_0097,residentiel,zone_C,4.441706719850452,235.3503949849223,18.872739602306634,0.8579666186607721,59.92414497092281,normal,7,0,0,-0.15133475427113297,-0.03294870188388088,0,normal,0.1031331941485405,0.5156659483909607,0.0,0.0,0.0,0.0,0.0,0.0
2026-05-11 07:45:00,SM_0097,residentiel,zone_C,4.049277184895191,229.22195999286564,17.66531088479141,0.9462584006665966,60.1802650314366,normal,7,0,0,-0.39242953495526134,-0.08835106856593045,0,normal,0.11754665523767471,0.587733268737793,0.0,0.0,0.0,0.0,0.0,0.0
2026-05-11 08:00:00,SM_0097,residentiel,zone_C,4.5695159748243634,221.1735343898216,20.660319904146053,0.9340705461677444,60.055968746926936,normal,8,0,0,0.5202387899291727,0.1284769518544675,0,normal,0.09885702282190323,0.49428510665893555,0.0,0.0,0.0,0.0,0.0,0.0
2026-05-11 08:15:00,SM_0097,residentiel,zone_C,4.543401157866334,224.16240594412898,20.268345794783926,0.9226048332093252,59.899044075050455,normal,8,0,0,-0.026114816958029863,-0.0057150072572037525,0,normal,0.09880702197551727,0.49403509497642517,0.0,0.0,0.0,0.0,0.0,0.0
2026-05-11 08:30:00,SM_0097,residentiel,zone_C,4.520223193958579,232.84652930626194,19.412886279327576,0.8633202013552053,59.70534856606484,normal,8,0,0,-0.02317796390775495,-0.005101456618600619,0,normal,0.10841556638479233,0.5420778393745422,0.0,0.0,0.0,0.0,0.0,0.0
2026-05-11 08:45:00,SM_0097,residentiel,zone_C,4.558155475834677,230.7968814962847,19.74964066361552,0.9305612127540936,59.944946611478514,normal,8,0,0,0.037932281876098095,0.008391683385633675,0,normal,0.09615567326545715,0.48077836632728577,0.0,0.0,0.0,0.0,0.0,0.0
2026-05-11 09:00:00,SM_0097,residentiel,zone_C,4.602500355701575,232.44247016058918,19.800599918430624,0.8617839172928964,59.8459163966932,normal,9,0,0,0.04434487986689817,0.009728689620614128,0,normal,0.11548417061567307,0.5774208307266235,0.0,0.0,0.0,0.0,0.0,0.0
2026-05-11 09:15:00,SM_0097,residentiel,zone_C,4.353075449217612,231.5064906768104,18.803254442203215,0.9236458877750249,59.95293749320023,normal,9,0,0,-0.24942490648396287,-0.054193348659924645,0,normal,0.18934975564479828,0.9467487335205078,0.0,0.0,0.0,0.0,0.0,0.0
2026-05-11 09:30:00,SM_0097,residentiel,zone_C,4.864691778587329,231.24402920467315,21.037048157821236,0.8789875672076193,59.86993668638991,normal,9,0,0,0.5116163293697173,0.11752985569355823,0,normal,0.1003868505358696,0.5019342303276062,0.0,0.0,0.0,0.0,0.0,0.0
2026-05-11 09:45:00,SM_0097,residentiel,zone_C,4.524883111958866,234.67467649881,19.281514219885633,0.9313398273071548,59.772288244424246,normal,9,0,0,-0.3398086666284632,-0.06985204450653626,0,normal,0.09263240545988083,0.46316200494766235,0.0,0.0,0.0,0.0,0.0,0.0
2026-05-11 10:00:00,SM_0097,residentiel,zone_C,4.518292810689202,223.68393406147842,20.199451648804473,0.9204549179763819,59.94002756906587,normal,10,0,0,-0.0065903012696644225,-0.001456457792743171,0,normal,0.12011607736349106,0.6005803942680359,0.0,0.0,0.0,0.0,0.0,0.0
2026-05-11 10:15:00,SM_0097,residentiel,zone_C,4.257106596632761,238.36396976967384,17.859689955433765,0.897878471535717,59.836883193452,normal,10,0,0,-0.2611862140564405,-0.05780639391907849,0,normal,0.10659608989953995,0.5329804420471191,0.0,0.0,0.0,0.0,0.0,0.0
2026-05-11 10:30:00,SM_0097,residentiel,zone_C,4.755221949182776,231.23799606509817,20.56418940702152,0.9176596592353576,59.78748474366157,normal,10,0,0,0.4981153525500144,0.11700795863181068,0,normal,0.0781327486038208,0.390663743019104,0.0,0.0,0.0,0.0,0.0,0.0
2026-05-11 10:45:00,SM_0097,residentiel,zone_C,4.701117949890982,227.86101423009396,20.631515074113533,0.938091803462659,60.075816587367896,normal,10,0,0,-0.05410399929179377,-0.011377807359989167,0,normal,0.0850737914443016,0.4253689646720886,0.0,0.0,0.0,0.0,0.0,0.0
2026-05-11 11:00:00,SM_0097,residentiel,zone_C,4.292753902813962,241.10802305868432,17.80427647473651,0.9252915757656253,60.08280499048073,normal,11,0,0,-0.40836404707702023,-0.08686530553578009,0,normal,0.07653210312128067,0.38266050815582275,0.0,0.0,0.0,0.0,0.0,0.0
2026-05-11 11:15:00,SM_0097,residentiel,zone_C,4.6158837598497975,228.2595713135173,20.22208196259961,0.9154277618628457,59.76709249846037,normal,11,0,0,0.32312985703583585,0.07527332438601242,0,normal,0.14226363599300385,0.7113181948661804,0.0,0.0,0.0,0.0,0.0,0.0
2026-05-11 11:30:00,SM_0097,residentiel,zone_C,4.914399749385503,231.73264130482963,21.20719688738593,0.8708972069739483,60.29263172031296,normal,11,0,0,0.2985159895357059,0.06467147031133647,0,normal,0.10255127400159836,0.51275634765625,0.0,0.0,0.0,0.0,0.0,0.0
2026-05-11 11:45:00,SM_0097,residentiel,zone_C,4.453649704788598,240.85350502552996,18.491114357320733,0.9137952810777864,60.088355584903105,normal,11,0,0,-0.4607500445969057,-0.09375510094686901,0,normal,0.17107127606868744,0.8553563356399536,0.0,0.0,0.0,0.0,0.0,0.0
2026-05-11 12:00:00,SM_0097,residentiel,zone_C,4.253202859583337,238.88391876422236,17.804475418796333,0.8939721711720459,60.024282227160235,normal,12,0,0,-0.2004468452052608,-0.045007321745520024,0,normal,0.0864737257361412,0.4323686361312866,0.0,0.0,0.0,0.0,0.0,0.0
2026-05-11 12:15:00,SM_0097,residentiel,zone_C,4.277017080459021,235.24106808685642,18.18142178677682,0.9191085383208034,59.799810374405276,normal,12,0,0,0.023814220875683745,0.005599126508162078,0,normal,0.15479616820812225,0.7739807963371277,0.0,0.0,0.0,0.0,0.0,0.0
2026-05-11 12:30:00,SM_0097,residentiel,zone_C,4.676948746290891,227.78797109634928,20.53202688351197,0.9348093288347347,59.953152977017716,normal,12,0,0,0.3999316658318701,0.09350714722629738,0,normal,0.1161918044090271,0.5809590220451355,0.0,0.0,0.0,0.0,0.0,0.0
2026-05-11 12:45:00,SM_0097,residentiel,zone_C,4.582947195934241,228.70095658719262,20.03903815849141,0.9018007396490372,60.227924289689426,normal,12,0,0,-0.09400155035664959,-0.02009890538809056,0,normal,0.10584922879934311,0.5292461514472961,0.0,0.0,0.0,0.0,0.0,0.0
2026-05-11 13:00:00,SM_0097,residentiel,zone_C,4.531403665653373,226.10027102842562,20.041566713043345,0.9080032127760773,60.06069981529094,normal,13,0,0,-0.05154353028086778,-0.011246808675123843,0,normal,0.06409614533185959,0.32048070430755615,0.0,0.0,0.0,0.0,0.0,0.0
2026-05-11 13:15:00,SM_0097,residentiel,zone_C,4.397203323423172,240.05565629071225,18.31743267943693,0.915647474176615,59.89260413235086,normal,13,0,0,-0.13420034223020139,-0.02961562291335862,0,normal,0.08772816509008408,0.438640832901001,0.0,0.0,0.0,0.0,0.0,0.0
2026-05-11 13:30:00,SM_0097,residentiel,zone_C,4.410620291520741,225.76417885458648,19.53640437512276,0.8823610530802263,60.062200594299284,normal,13,0,0,0.013416968097568649,0.0030512503313409045,0,normal,0.09968224912881851,0.49841123819351196,0.0,0.0,0.0,0.0,0.0,0.0
2026-05-11 13:45:00,SM_0097,residentiel,zone_C,4.483152533949049,235.59487273887652,19.029075131520315,0.8537897609376502,59.70525563442536,normal,13,0,0,0.07253224242830836,0.016444907435752,0,normal,0.15673820674419403,0.7836909890174866,0.0,0.0,0.0,0.0,0.0,0.0
2026-05-11 14:00:00,SM_0097,residentiel,zone_C,4.342181461583761,228.10622250148708,19.03578698540524,0.9367270913176677,60.06588909034201,normal,14,0,0,-0.14097107236528839,-0.03144462993346153,0,normal,0.12155868858098984,0.6077934503555298,0.0,0.0,0.0,0.0,0.0,0.0
2026-05-11 14:15:00,SM_0097,residentiel,zone_C,4.577905840335303,226.5182117011436,20.209879841251592,0.8990528873633167,60.01562460969124,normal,14,0,0,0.2357243787515424,0.05428708607345145,0,normal,0.08998607844114304,0.4499303996562958,0.0,0.0,0.0,0.0,0.0,0.0
2026-05-11 14:30:00,SM_0097,residentiel,zone_C,4.347297965305145,229.69344331766447,18.92652181321894,0.9030391166828836,60.161765398445695,normal,14,0,0,-0.23060787503015767,-0.050374097474505275,0,normal,0.2,1.0,0.0,0.0,0.0,0.0,0.0,0.0
2026-05-11 14:45:00,SM_0097,residentiel,zone_C,4.563328168389271,234.9475613399845,19.42275179347717,0.8752936035791823,60.15114835977062,normal,14,0,0,0.21603020308412546,0.04969298281558254,0,normal,0.053403377532958984,0.2670168876647949,0.0,0.0,0.0,0.0,0.0,0.0
2026-05-11 15:00:00,SM_0097,residentiel,zone_C,4.452972032912761,234.35563524626127,19.000917252250286,0.9486750705840404,60.25725853677087,normal,15,0,0,-0.11035613547650946,-0.024183256475166504,0,normal,0.061065491288900375,0.305327445268631,0.0,0.0,0.0,0.0,0.0,0.0
2026-05-11 15:15:00,SM_0097,residentiel,zone_C,4.598631437409766,237.96512370245117,19.32481266943908,0.8699338177661448,60.010192339398536,normal,15,0,0,0.14565940449700499,0.03271060393382408,0,normal,0.10034044831991196,0.5017022490501404,0.0,0.0,0.0,0.0,0.0,0.0
2026-05-11 15:30:00,SM_0097,residentiel,zone_C,4.685498553046866,223.78476033873088,20.937522939250556,0.8911994904689542,60.1977029357302,normal,15,0,0,0.0868671156370997,0.01888977553853044,0,normal,0.16498586535453796,0.8249292969703674,0.0,0.0,0.0,0.0,0.0,0.0
2026-05-11 15:45:00,SM_0097,residentiel,zone_C,4.200259668001688,234.45046434072438,17.915339514523183,0.9113301496017691,60.07799931434105,normal,15,0,0,-0.4852388850451783,-0.10356184716557837,0,normal,0.12358863651752472,0.6179431676864624,0.0,0.0,0.0,0.0,0.0,0.0
2026-05-11 16:00:00,SM_0097,residentiel,zone_C,4.196513180208943,223.7412723705468,18.75609777197893,0.8947440539175078,59.90494253223976,normal,16,0,0,-0.003746487792744446,-0.0008919657566139882,0,normal,0.06274452060461044,0.3137225806713104,0.0,0.0,0.0,0.0,0.0,0.0
2026-05-11 16:15:00,SM_0097,residentiel,zone_C,4.358324323814428,230.5369909228997,18.90509764340603,0.9468894151088401,59.74920972509235,normal,16,0,0,0.16181114360548499,0.03855847382264832,0,normal,0.15468651056289673,0.7734325528144836,0.0,0.0,0.0,0.0,0.0,0.0
2026-05-11 16:30:00,SM_0097,residentiel,zone_C,4.323759482694933,225.0395837604888,19.2133286528682,0.8689858862907933,59.79408680100003,normal,16,0,0,-0.034564841119495426,-0.00793076387882119,0,normal,0.06374377757310867,0.31871888041496277,0.0,0.0,0.0,0.0,0.0,0.0
2026-05-11 16:45:00,SM_0097,residentiel,zone_C,4.44378445570005,229.50463950416741,19.362503805154486,0.913478529088657,59.95745647745844,normal,16,0,0,0.12002497300511727,0.027759400930023048,0,normal,0.07932963222265244,0.3966481685638428,0.0,0.0,0.0,0.0,0.0,0.0
2026-05-11 17:00:00,SM_0097,residentiel,zone_C,4.5257057501904345,234.22219551377518,19.322275330325247,0.9068859381878146,59.72203707848304,normal,17,0,0,0.08192129449038443,0.01843502881542869,0,normal,0.2,1.0,0.0,0.0,0.0,0.0,0.0,0.0
2026-05-11 17:15:00,SM_0097,residentiel,zone_C,4.6931777694185906,239.68301763703187,19.58076886584341,0.920192856103722,60.363249968264974,normal,17,0,0,0.16747201922815602,0.037004619494121815,0,normal,0.09329913556575775,0.46649566292762756,0.0,0.0,0.0,0.0,0.0,0.0
2026-05-11 17:30:00,SM_0097,residentiel,zone_C,4.603478303915716,229.62638102459124,20.047689134737173,0.8823582612297602,60.150892766002,normal,17,0,0,-0.08969946550287489,-0.019112735530149583,0,normal,0.09691553562879562,0.4845776855945587,0.0,0.0,0.0,0.0,0.0,0.0
2026-05-11 17:45:00,SM_0097,residentiel,zone_C,5.063683442566123,231.14072174621674,21.90736190624967,0.9224478353241478,60.00828925762109,normal,17,0,0,0.4602051386504069,0.0999690034943701,0,normal,0.07626079767942429,0.381303995847702,0.0,0.0,0.0,0.0,0.0,0.0
2026-05-11 18:00:00,SM_0097,residentiel,zone_C,4.5697053529081275,231.35782328513278,19.7516785385566,0.9440279192141776,59.63820326198317,normal,18,0,0,-0.49397808965799506,-0.09755311430124902,0,normal,0.2,1.0,0.0,0.0,0.0,0.0,0.0,0.0
2026-05-11 18:15:00,SM_0097,residentiel,zone_C,4.543473427776675,223.5502594837814,20.324169778502558,0.8848777792074823,60.20538811510261,normal,18,0,0,-0.02623192513145245,-0.005740397488594895,0,normal,0.16272734105587006,0.8136366605758667,0.0,0.0,0.0,0.0,0.0,0.0
2026-05-11 18:30:00,SM_0097,residentiel,zone_C,4.216444359759955,229.48092127829815,18.373834026256812,0.9415426718443197,60.052563393315786,normal,18,0,0,-0.3270290680167198,-0.07197776617717555,0,normal,0.18205447494983673,0.9102723598480225,0.0,0.0,0.0,0.0,0.0,0.0
2026-05-11 18:45:00,SM_0097,residentiel,zone_C,4.322116269783924,226.4425567189201,19.08703175061261,0.8742575805006204,60.01871480695433,normal,18,0,0,0.10567191002396914,0.02506185330760191,0,normal,0.09210103750228882,0.4605051875114441,0.0,0.0,0.0,0.0,0.0,0.0
2026-05-11 19:00:00,SM_0097,residentiel,zone_C,4.238972149386157,233.51386633228228,18.1529783047412,0.8959966888071765,60.27263265424624,normal,19,0,0,-0.0831441203977672,-0.019236900445976146,0,normal,0.11719707399606705,0.5859853625297546,0.0,0.0,0.0,0.0,0.0,0.0
2026-05-11 19:15:00,SM_0097,residentiel,zone_C,4.49706026608633,230.23980139650487,19.532071513307855,0.8556467882878059,59.817933020566684,normal,19,0,0,0.25808811670017295,0.060884598342441754,0,normal,0.1030668243765831,0.5153341293334961,0.0,0.0,0.0,0.0,0.0,0.0
2026-05-11 19:30:00,SM_0097,residentiel,zone_C,4.2855423187931265,235.05670990401103,18.23195058138605,0.8856159237456094,60.05737691628025,normal,19,0,0,-0.2115179472932036,-0.0470347148532394,0,normal,0.2,1.0,0.0,0.0,0.0,0.0,0.0,0.0
2026-05-11 19:45:00,SM_0097,residentiel,zone_C,4.904375183926428,232.26266991825133,21.115641121548304,0.8694595370064355,60.00823095736732,normal,19,0,0,0.6188328651333013,0.14440012934175717,0,normal,0.11947263777256012,0.5973631739616394,0.0,0.0,0.0,0.0,0.0,0.0
2026-05-11 20:00:00,SM_0097,residentiel,zone_C,4.4702828273705375,230.1440843207781,19.42384415642765,0.8799076681459062,60.31796321654149,normal,20,0,0,-0.4340923565558903,-0.08851124562790025,0,normal,0.17741535604000092,0.8870767951011658,0.0,0.0,0.0,0.0,0.0,0.0
2026-05-11 20:15:00,SM_0097,residentiel,zone_C,4.631649641583586,231.57859639050565,20.000335582712236,0.8667034027052869,59.96374395821809,normal,20,0,0,0.16136681421304822,0.03609767445250567,0,normal,0.08430764079093933,0.42153820395469666,0.0,0.0,0.0,0.0,0.0,0.0
2026-05-11 20:30:00,SM_0097,residentiel,zone_C,4.537476669813933,232.82903480948264,19.48844856710771,0.8559225107602589,59.90211920023429,normal,20,0,0,-0.09417297176965267,-0.02033249037754381,0,normal,0.09233780950307846,0.4616890251636505,0.0,0.0,0.0,0.0,0.0,0.0
2026-05-11 20:45:00,SM_0097,residentiel,zone_C,4.461529637591928,238.9889975081407,18.66834743068017,0.9119563871240071,60.021510410384664,normal,20,0,0,-0.07594703222200483,-0.016737724014594058,0,normal,0.09694355726242065,0.48471778631210327,0.0,0.0,0.0,0.0,0.0,0.0
2026-05-11 21:00:00,SM_0097,residentiel,zone_C,4.618090907051855,224.06717888942597,20.610296117178407,0.920927193157816,59.78789881905955,normal,21,0,0,0.1565612694599272,0.03509138841996573,0,normal,0.09617746621370316,0.4808873236179352,0.0,0.0,0.0,0.0,0.0,0.0
2026-05-11 21:15:00,SM_0097,residentiel,zone_C,4.650272092216918,229.10240586547158,20.297788120774026,0.8936810168844547,60.08976175813516,normal,21,0,0,0.03218118516506241,0.006968504044803758,0,normal,0.06692510098218918,0.3346254825592041,0.0,0.0,0.0,0.0,0.0,0.0
2026-05-11 21:30:00,SM_0097,residentiel,zone_C,4.396152270565581,226.49821678315652,19.40921360442472,0.8697464472909529,59.825379683558864,normal,21,0,0,-0.2541198216513365,-0.05464622641686978,0,normal,0.14988499879837036,0.7494249939918518,0.0,0.0,0.0,0.0,0.0,0.0
2026-05-11 21:45:00,SM_0097,residentiel,zone_C,4.158725008981043,237.36629662525263,17.52028433736203,0.9378231762345772,60.05379720045199,normal,21,0,0,-0.2374272615845383,-0.05400797037314464,0,normal,0.11299573630094528,0.5649786591529846,0.0,0.0,0.0,0.0,0.0,0.0
2026-05-11 22:00:00,SM_0097,residentiel,zone_C,4.577298356240818,227.85294459114397,20.08882687232441,0.9461349054050039,59.79505124647445,normal,22,0,0,0.418573347259775,0.1006494409598706,0,normal,0.08021353930234909,0.40106767416000366,0.0,0.0,0.0,0.0,0.0,0.0
2026-05-11 22:15:00,SM_0097,residentiel,zone_C,4.638161820830448,221.84084929676484,20.907609376421945,0.8663956353563682,60.10167114375519,normal,22,0,0,0.06086346458963021,0.013296809570354284,0,normal,0.07664894312620163,0.38324472308158875,0.0,0.0,0.0,0.0,0.0,0.0
2026-05-11 22:30:00,SM_0097,residentiel,zone_C,4.451788729198913,238.40230005351316,18.67343028234056,0.8971711281454606,60.001937947268424,normal,22,0,0,-0.18637309163153493,-0.04018253326016241,0,normal,0.10166197270154953,0.5083098411560059,0.0,0.0,0.0,0.0,0.0,0.0
2026-05-11 22:45:00,SM_0097,residentiel,zone_C,4.766949941280911,237.02317512038402,20.11174619890978,0.8904547198201949,59.94531695226618,normal,22,0,0,0.315161212081998,0.0707942877016785,0,normal,0.08236284554004669,0.41181421279907227,0.0,0.0,0.0,0.0,0.0,0.0
2026-05-11 23:00:00,SM_0097,residentiel,zone_C,4.615362066314492,233.60938600708482,19.75674926937447,0.8693426938608211,59.670279161164416,normal,23,0,0,-0.15158787496641946,-0.03179976228692827,0,normal,0.0919732078909874,0.4598660469055176,0.0,0.0,0.0,0.0,0.0,0.0
2026-05-11 23:15:00,SM_0097,residentiel,zone_C,4.185847914961406,232.3584947081384,18.014611087144367,0.8562294684054915,60.01789179617594,normal,23,0,0,-0.4295141513530858,-0.09306185412579471,0,normal,0.07515209168195724,0.37576043605804443,0.0,0.0,0.0,0.0,0.0,0.0
2026-05-11 23:30:00,SM_0097,residentiel,zone_C,4.1780477231402795,231.6251490920899,18.03797100408628,0.8968082078890264,60.23717763399239,normal,23,0,0,-0.0078001918211265675,-0.0018634675648979693,0,normal,0.09053421765565872,0.452671080827713,0.0,0.0,0.0,0.0,0.0,0.0
2026-05-11 23:45:00,SM_0097,residentiel,zone_C,4.319636945558131,237.38827970952045,18.19650469199172,0.9037373981475253,60.24152329615711,normal,23,0,0,0.14158922241785188,0.03388884756716748,0,normal,0.12100552767515182,0.6050276160240173,0.0,0.0,0.0,0.0,0.0,0.0
2026-05-11 00:00:00,SM_0098,industriel,zone_D,60.883938031158586,227.6926604662446,267.3952594979873,0.9164977770396078,60.23823181890677,normal,0,0,0,0.0,0.0,0,normal,0.08149266988039017,0.40746334195137024,0.0,0.0,0.0,0.0,0.0,0.0
2026-05-11 00:15:00,SM_0098,industriel,zone_D,63.199615977293256,224.4428968185363,281.58438905014935,0.8627385162789865,59.86858076964215,normal,0,0,0,2.31567794613467,0.03803429970232175,0,normal,0.08439027518033981,0.4219513535499573,0.0,0.0,0.0,0.0,0.0,0.0
2026-05-11 00:30:00,SM_0098,industriel,zone_D,61.41195158016091,229.23045075992061,267.90485895994397,0.8839773609312228,60.224167856976315,normal,0,0,0,-1.787664397132346,-0.028286000943022027,0,normal,0.09632744640111923,0.48163723945617676,0.0,0.0,0.0,0.0,0.0,0.0
2026-05-11 00:45:00,SM_0098,industriel,zone_D,59.25484946157247,229.69826690424878,257.9682043760184,0.8755647355765535,59.75064457306563,normal,0,0,0,-2.1571021185884405,-0.03512511918421579,0,normal,0.2,1.0,0.0,0.0,0.0,0.0,0.0,0.0
2026-05-11 01:00:00,SM_0098,industriel,zone_D,58.561722963540966,227.43836480445808,257.4839254313575,0.8694543998295431,59.87634822971517,normal,1,0,0,-0.6931264980315035,-0.011697380118753098,0,normal,0.09094293415546417,0.45471465587615967,0.0,0.0,0.0,0.0,0.0,0.0
2026-05-11 01:15:00,SM_0098,industriel,zone_D,61.84647946938107,230.58934414673828,268.210483438577,0.8632324272152183,59.76087014877398,normal,1,0,0,3.2847565058401074,0.056090503141192016,0,normal,0.08995747566223145,0.4497873783111572,0.0,0.0,0.0,0.0,0.0,0.0
2026-05-11 01:30:00,SM_0098,industriel,zone_D,60.15092969860761,231.32046182904458,260.03289645453697,0.8536698423887167,59.82695930853321,normal,1,0,0,-1.6955497707734608,-0.027415461402502173,0,normal,0.08171766251325607,0.40858832001686096,0.0,0.0,0.0,0.0,0.0,0.0
2026-05-11 01:45:00,SM_0098,industriel,zone_D,58.76370399727911,233.37699694320355,251.79732693012716,0.9072304469502308,59.8513471864479,normal,1,0,0,-1.3872257013285036,-0.02306241496647421,0,normal,0.2,1.0,0.0,0.0,0.0,0.0,0.0,0.0
2026-05-11 02:00:00,SM_0098,industriel,zone_D,59.11943371538691,229.24308561914714,257.88971368848587,0.8584104701587367,60.255660700886445,normal,2,0,0,0.35572971810780274,0.006053561874252766,0,normal,0.07941462844610214,0.3970731198787689,0.0,0.0,0.0,0.0,0.0,0.0
2026-05-11 02:15:00,SM_0098,industriel,zone_D,57.955650910639854,233.92335669227828,247.75487035644502,0.9471248666232928,60.16158419814419,normal,2,0,0,-1.1637828047470578,-0.01968528335960973,0,normal,0.10833740234375,0.54168701171875,0.0,0.0,0.0,0.0,0.0,0.0
2026-05-11 02:30:00,SM_0098,industriel,zone_D,59.915889446117255,223.22272698288583,268.41303417420806,0.8522588366609168,59.57965469480156,normal,2,0,0,1.9602385354774015,0.033823078589865885,0,normal,0.14648430049419403,0.7324214577674866,0.0,0.0,0.0,0.0,0.0,0.0
2026-05-11 02:45:00,SM_0098,industriel,zone_D,58.52366476733413,226.8140880200869,258.0248223476807,0.9342750012451341,59.94003675093066,normal,2,0,0,-1.3922246787831227,-0.023236318306434578,0,normal,0.2,1.0,0.0,0.0,0.0,0.0,0.0,0.0
2026-05-11 03:00:00,SM_0098,industriel,zone_D,63.41727243563746,228.8387193157448,277.12649601108893,0.9174572668616287,59.85641570481479,normal,3,0,0,4.893607668303325,0.0836175876503682,0,normal,0.09187617897987366,0.4593808948993683,0.0,0.0,0.0,0.0,0.0,0.0
2026-05-11 03:15:00,SM_0098,industriel,zone_D,59.45066224233412,235.3592715121264,252.59536988017504,0.8689176257734847,60.32216919972602,normal,3,0,0,-3.966610193303339,-0.06254778928452143,0,normal,0.0886891633272171,0.4434458017349243,0.0,0.0,0.0,0.0,0.0,0.0
2026-05-11 03:30:00,SM_0098,industriel,zone_D,55.536948958615746,229.59019240114046,241.89599903109743,0.8969490819088697,59.87287511745029,normal,3,0,0,-3.913713283718373,-0.06583128153838236,0,normal,0.07078037410974503,0.35390186309814453,0.0,0.0,0.0,0.0,0.0,0.0
2026-05-11 03:45:00,SM_0098,industriel,zone_D,68.3074042917102,230.1254631434199,296.8267976896557,0.9052766827676773,60.1462853720867,normal,3,0,0,12.770455333094453,0.22994520895648352,0,normal,0.1380855292081833,0.44042763113975525,0.0,0.0,0.0,0.0,0.0,1.0
2026-05-11 04:00:00,SM_0098,industriel,zone_D,63.79002950701324,239.12126179720698,266.7685383874899,0.9123196739240621,59.94447089290591,normal,4,0,0,-4.517374784696962,-0.06613301781173364,0,normal,0.2,1.0,0.0,0.0,0.0,0.0,0.0,0.0
2026-05-11 04:15:00,SM_0098,industriel,zone_D,62.557689608375725,232.36162878771964,269.22555989451695,0.8656354995801135,60.01612744244272,normal,4,0,0,-1.2323398986375125,-0.01931869146575682,0,normal,0.06916613131761551,0.34583064913749695,0.0,0.0,0.0,0.0,0.0,0.0
2026-05-11 04:30:00,SM_0098,industriel,zone_D,59.76270735485104,233.58507750618585,255.84985133850594,0.9039744493854339,59.998843736019914,normal,4,0,0,-2.7949822535246867,-0.044678476315571425,0,normal,0.1274912804365158,0.6374563574790955,0.0,0.0,0.0,0.0,0.0,0.0
2026-05-11 04:45:00,SM_0098,industriel,zone_D,61.49783707029164,235.51613960998256,261.1194170052751,0.9305166269108279,59.90806172783392,normal,4,0,0,1.7351297154405998,0.02903365312983519,0,normal,0.07544129341840744,0.3772064745426178,0.0,0.0,0.0,0.0,0.0,0.0
2026-05-11 05:00:00,SM_0098,industriel,zone_D,57.46868343243467,225.93015962233062,254.36481578422496,0.9020504338589513,60.293809272865076,normal,5,0,0,-4.029153637856965,-0.06551699750434581,0,normal,0.13397696614265442,0.6698848009109497,0.0,0.0,0.0,0.0,0.0,0.0
2026-05-11 05:15:00,SM_0098,industriel,zone_D,62.51983270829628,236.78235328053,264.0392404337047,0.854197149186646,59.74968681232157,normal,5,0,0,5.051149275861604,0.08789394456548116,0,normal,0.14042022824287415,0.5758224129676819,0.0,0.0,0.0,0.0,0.0,0.5051149275861604
2026-05-11 05:30:00,SM_0098,industriel,zone_D,62.60583136228662,220.03270941998,284.5296571010715,0.9220051519338021,60.010127313050674,normal,5,0,0,0.08599865399034456,0.0013755419722825124,0,normal,0.10972799360752106,0.5486399531364441,0.0,0.0,0.0,0.0,0.0,0.0
2026-05-11 05:45:00,SM_0098,industriel,zone_D,55.91323884972902,225.66546504189782,247.77047227562255,0.8768732938040709,59.865202320805516,normal,5,0,0,-6.692592512557603,-0.10690046545071807,0,normal,0.10822077840566635,0.37378907203674316,0.0,0.0,0.0,0.0,0.0,0.6692592512557602
2026-05-11 06:00:00,SM_0098,industriel,zone_D,55.32141997940955,227.37227722821842,243.3076743295413,0.888771037085145,60.12086606717564,normal,6,0,0,-0.5918188703194716,-0.010584592888815303,0,normal,0.18348141014575958,0.9174070358276367,0.0,0.0,0.0,0.0,0.0,0.0
2026-05-11 06:15:00,SM_0098,industriel,zone_D,63.00776174627277,235.08839437762595,268.017321370031,0.9069642171272003,59.95441569199894,normal,6,0,0,7.686341766863222,0.13893970490497276,1,reconstruction,0.20920167863368988,0.8538498282432556,0.0,0.0,0.0,0.0,0.0,0.7686341766863223
2026-05-11 06:30:00,SM_0098,industriel,zone_D,58.69570763283107,238.01663551064195,246.6033834437876,0.9335423289067027,60.15433441159663,normal,6,0,0,-4.312054113441697,-0.06843687180646085,0,normal,0.09058857709169388,0.4529428780078888,0.0,0.0,0.0,0.0,0.0,0.0
2026-05-11 06:45:00,SM_0098,industriel,zone_D,58.89382244276308,219.588508672571,268.20083982891754,0.891929590797575,59.87968796689979,normal,6,0,0,0.19811480993200803,0.0033752861652389665,0,normal,0.11550839245319366,0.5775419473648071,0.0,0.0,0.0,0.0,0.0,0.0
2026-05-11 07:00:00,SM_0098,industriel,zone_D,62.45840928476939,223.60433383667078,279.3255757305286,0.9317078549772959,59.832339181184864,normal,7,0,0,3.5645868420063067,0.06052564928130799,0,normal,0.08467361330986023,0.42336806654930115,0.0,0.0,0.0,0.0,0.0,0.0
2026-05-11 07:15:00,SM_0098,industriel,zone_D,61.20521901252735,230.06142766338985,266.03859514459174,0.9122477397275742,60.240208926495725,normal,7,0,0,-1.253190272242037,-0.020064396237315485,0,normal,0.136152446269989,0.6807622313499451,0.0,0.0,0.0,0.0,0.0,0.0
2026-05-11 07:30:00,SM_0098,industriel,zone_D,59.61522969617029,225.35780970818763,264.53589415589875,0.9192381746053869,60.192303227267296,normal,7,0,0,-1.5899893163570624,-0.025978002235914288,0,normal,0.07205544412136078,0.3602772057056427,0.0,0.0,0.0,0.0,0.0,0.0
2026-05-11 07:45:00,SM_0098,industriel,zone_D,56.42380644957501,232.71389604636886,242.45997943471505,0.8503552155512571,60.31078491721995,normal,7,0,0,-3.191423246595278,-0.05353369034826172,0,normal,0.13262878358364105,0.6631438732147217,0.0,0.0,0.0,0.0,0.0,0.0
2026-05-11 08:00:00,SM_0098,industriel,zone_D,61.73070004238125,234.417666187606,263.3363817937585,0.9163484456369209,60.36684879714858,normal,8,0,0,5.30689359280624,0.09405415775252446,0,normal,0.1188136413693428,0.46139585971832275,0.0,0.0,0.0,0.0,0.0,0.530689359280624
2026-05-11 08:15:00,SM_0098,industriel,zone_D,61.83277463003745,237.70571164497355,260.12321791572293,0.8539715295914915,59.85941710953696,normal,8,0,0,0.10207458765619748,0.0016535465754659029,0,normal,0.08322450518608093,0.41612252593040466,0.0,0.0,0.0,0.0,0.0,0.0
2026-05-11 08:30:00,SM_0098,industriel,zone_D,59.071758081436776,235.48255129650326,250.8540771118864,0.8775159850774658,59.73513365585035,normal,8,0,0,-2.761016548600672,-0.04465296220524784,0,normal,0.07399445027112961,0.36997222900390625,0.0,0.0,0.0,0.0,0.0,0.0
2026-05-11 08:45:00,SM_0098,industriel,zone_D,60.644339472936245,223.14088560487713,271.77600962076116,0.8717217307513608,60.082097859101474,normal,8,0,0,1.5725813914994689,0.026621543738913234,0,normal,0.0742754265666008,0.3713771104812622,0.0,0.0,0.0,0.0,0.0,0.0
2026-05-11 09:00:00,SM_0098,industriel,zone_D,59.564363334129084,223.7493162893412,266.2102585247835,0.9229258913942819,59.876234696608044,normal,9,0,0,-1.0799761388071616,-0.017808358507872324,0,normal,0.0966787189245224,0.4833935797214508,0.0,0.0,0.0,0.0,0.0,0.0
2026-05-11 09:15:00,SM_0098,industriel,zone_D,56.39486854943535,233.41265609399255,241.61015727752908,0.8953397888280236,60.18567331843217,normal,9,0,0,-3.1694947846937325,-0.05321125933831117,0,normal,0.10202696174383163,0.5101348161697388,0.0,0.0,0.0,0.0,0.0,0.0
2026-05-11 09:30:00,SM_0098,industriel,zone_D,58.57025965521873,238.299134530796,245.78460920784224,0.8636287463067778,59.81234095739387,normal,9,0,0,2.175391105783376,0.03857427389650603,0,normal,0.11347702890634537,0.5673851370811462,0.0,0.0,0.0,0.0,0.0,0.0
2026-05-11 09:45:00,SM_0098,industriel,zone_D,56.79224336817743,231.20644062389334,245.6343483119579,0.9055475722150292,60.150193917118244,normal,9,0,0,-1.7780162870412966,-0.03035698146991006,0,normal,0.08439629524946213,0.42198145389556885,0.0,0.0,0.0,0.0,0.0,0.0
2026-05-11 10:00:00,SM_0098,industriel,zone_D,53.020722967303676,231.05161889194,229.47566098682398,0.873756315537813,59.82868263907406,normal,10,0,0,-3.7715204008737544,-0.06640907590889533,0,normal,0.08209174871444702,0.4104587435722351,0.0,0.0,0.0,0.0,0.0,0.0
2026-05-11 10:15:00,SM_0098,industriel,zone_D,61.37559901440185,229.46440100648877,267.47329322192456,0.8514947219142647,59.679928934882014,normal,10,0,0,8.354876047098173,0.15757755797201,0,normal,0.15755492448806763,0.5789027214050293,0.0,0.0,0.0,0.0,0.0,0.8354876047098173
2026-05-11 10:30:00,SM_0098,industriel,zone_D,62.58171243997211,226.4549388269998,276.3539305617944,0.8626304153937646,60.012324942798585,normal,10,0,0,1.2061134255702584,0.019651350780091725,0,normal,0.08639375865459442,0.4319687783718109,0.0,0.0,0.0,0.0,0.0,0.0
2026-05-11 10:45:00,SM_0098,industriel,zone_D,55.801349403313985,228.2405812903443,244.48478481716285,0.9355482918905738,59.91162046207349,normal,10,0,0,-6.780363036658123,-0.10834415953641086,0,normal,0.11329950392246246,0.3969884514808655,0.0,0.0,0.0,0.0,0.0,0.6780363036658124
2026-05-11 11:00:00,SM_0098,industriel,zone_D,62.13128774485751,223.28267551829524,278.2629131464641,0.8970629942154805,59.619938727973526,normal,11,0,0,6.329938341543524,0.1134370119939716,0,normal,0.12338718771934509,0.4586874842643738,0.0,0.0,0.0,0.0,0.0,0.6329938341543524
2026-05-11 11:15:00,SM_0098,industriel,zone_D,60.652970723203744,226.0860773558274,268.27379833630613,0.923248718740119,60.30334594343453,normal,11,0,0,-1.4783170216537656,-0.02379343926886701,0,normal,0.1258806735277176,0.6294033527374268,0.0,0.0,0.0,0.0,0.0,0.0
2026-05-11 11:30:00,SM_0098,industriel,zone_D,54.03541348308645,226.22803446623757,238.85374600268975,0.9442226765795321,59.901362598259844,normal,11,0,0,-6.617557240117293,-0.10910524515472153,0,normal,0.13426394760608673,0.5058807730674744,0.0,0.0,0.0,0.0,0.0,0.6617557240117293
2026-05-11 11:45:00,SM_0098,industriel,zone_D,57.86130713891577,230.65595077823482,250.85547085904918,0.8872000873676718,59.85929758883348,normal,11,0,0,3.8258936558293186,0.07080344924216897,0,normal,0.08090128749608994,0.4045064449310303,0.0,0.0,0.0,0.0,0.0,0.0
2026-05-11 12:00:00,SM_0098,industriel,zone_D,61.346580703198406,242.8285960163273,252.63326358430038,0.8537394176057984,59.72266037342443,normal,12,0,0,3.485273564282636,0.060234960746998745,0,normal,0.14179915189743042,0.5974427461624146,0.11155300883762878,0.0,0.0,0.0,0.0,0.0
2026-05-11 12:15:00,SM_0098,industriel,zone_D,63.26824350729984,225.90744052477584,280.06268124825687,0.853998231106795,60.31161169331442,normal,12,0,0,1.9216628041014374,0.03132469295067408,0,normal,0.09948551654815674,0.4974275827407837,0.0,0.0,0.0,0.0,0.0,0.0
2026-05-11 12:30:00,SM_0098,industriel,zone_D,56.50103109738379,231.6101879779533,243.94881585589857,0.8770389882763033,59.99958889023946,normal,12,0,0,-6.7672124099160555,-0.10696064936803973,0,normal,0.1243111789226532,0.452375590801239,0.0,0.0,0.0,0.0,0.0,0.6767212409916056
2026-05-11 12:45:00,SM_0098,industriel,zone_D,64.6354680146612,222.30959637622715,290.7452897592191,0.9436352003301909,60.18602251636226,normal,12,0,0,8.134436917277412,0.14396970744227833,1,reconstruction,0.23113657534122467,0.9523219466209412,0.0,0.0,0.0,0.0,0.0,0.8134436917277412
2026-05-11 13:00:00,SM_0098,industriel,zone_D,60.30179875562021,232.39333641068052,259.4816171882664,0.8925015928131429,59.66555592179241,normal,13,0,0,-4.333669259040988,-0.0670478514684536,0,normal,0.12200915813446045,0.6100457906723022,0.0,0.0,0.0,0.0,0.0,0.0
2026-05-11 13:15:00,SM_0098,industriel,zone_D,61.48162734017703,231.68471026146847,265.36765102363364,0.8512827119458585,60.29690081651018,normal,13,0,0,1.179828584556816,0.019565396205479813,0,normal,0.1282764971256256,0.6413824558258057,0.0,0.0,0.0,0.0,0.0,0.0
2026-05-11 13:30:00,SM_0098,industriel,zone_D,60.23468753358087,226.38655132538133,266.0700787256864,0.8990206777756473,59.90398010953354,normal,13,0,0,-1.2469398065961599,-0.020281502955295183,0,normal,0.09812136739492416,0.49060681462287903,0.0,0.0,0.0,0.0,0.0,0.0
2026-05-11 13:45:00,SM_0098,industriel,zone_D,60.54235079235389,226.82142954104083,266.91636198068943,0.9100817726711636,59.77695165769223,normal,13,0,0,0.3076632587730259,0.005107742255681114,0,normal,0.0742780789732933,0.37139037251472473,0.0,0.0,0.0,0.0,0.0,0.0
2026-05-11 14:00:00,SM_0098,industriel,zone_D,61.243744251553565,240.83245735589674,254.30020904968367,0.9483579200997467,60.39078535375806,normal,14,0,0,0.7013934591996716,0.01158517054623931,0,normal,0.08845008909702301,0.44225043058395386,0.0,0.0,0.0,0.0,0.0,0.0
2026-05-11 14:15:00,SM_0098,industriel,zone_D,57.03121986019204,229.8530967954129,248.1203022944444,0.9190870228694797,59.845757452767245,normal,14,0,0,-4.2125243913615265,-0.06878293355250997,0,normal,0.09360697120428085,0.46803486347198486,0.0,0.0,0.0,0.0,0.0,0.0
2026-05-11 14:30:00,SM_0098,industriel,zone_D,58.66856358581312,234.80532589378527,249.86044657416323,0.8705455181048508,59.90400250070336,normal,14,0,0,1.6373437256210792,0.028709603786047477,0,normal,0.09969422221183777,0.49847111105918884,0.0,0.0,0.0,0.0,0.0,0.0
2026-05-11 14:45:00,SM_0098,industriel,zone_D,57.96145630416067,233.0112032428603,248.74965451231654,0.9311811925312982,60.20711653049757,normal,14,0,0,-0.7071072816524477,-0.012052575322015202,0,normal,0.14943727850914001,0.7471863627433777,0.0,0.0,0.0,0.0,0.0,0.0
2026-05-11 15:00:00,SM_0098,industriel,zone_D,56.43571603951812,228.88852281840866,246.56420227890607,0.9402625607255786,59.977886549517585,normal,15,0,0,-1.5257402646425504,-0.026323359727816742,0,normal,0.0902196541428566,0.4510982632637024,0.0,0.0,0.0,0.0,0.0,0.0
2026-05-11 15:15:00,SM_0098,industriel,zone_D,59.46244391042335,233.51992170686287,254.6354224333222,0.9432398328461379,60.04002437037264,normal,15,0,0,3.0267278709052334,0.05363142497892337,0,normal,0.09943437576293945,0.49717187881469727,0.0,0.0,0.0,0.0,0.0,0.0
2026-05-11 15:30:00,SM_0098,industriel,zone_D,61.394626017688616,233.0406108714819,263.45033077323484,0.8855909599965354,59.63027074743998,normal,15,0,0,1.9321821072652625,0.032494159005236556,0,normal,0.11055269092321396,0.5527634620666504,0.0,0.0,0.0,0.0,0.0,0.0
2026-05-11 15:45:00,SM_0098,industriel,zone_D,61.169882825637124,229.27821459051117,266.79326221588906,0.8828001408234384,59.91686932103699,normal,15,0,0,-0.2247431920514913,-0.003660632967887767,0,normal,0.0961785688996315,0.4808928370475769,0.0,0.0,0.0,0.0,0.0,0.0
2026-05-11 16:00:00,SM_0098,industriel,zone_D,59.22585908956015,234.34549382260204,252.7288155768582,0.9085517395932013,59.86426226273692,normal,16,0,0,-1.9440237360769714,-0.03178073336544307,0,normal,0.11615227907896042,0.5807613730430603,0.0,0.0,0.0,0.0,0.0,0.0
2026-05-11 16:15:00,SM_0098,industriel,zone_D,60.03337745356295,231.67532585662244,259.127195490451,0.9454768627853768,60.04650891045433,normal,16,0,0,0.8075183640027959,0.013634557208898945,0,normal,0.06361730396747589,0.31808650493621826,0.0,0.0,0.0,0.0,0.0,0.0
2026-05-11 16:30:00,SM_0098,industriel,zone_D,60.61440458472141,225.86341146478583,268.3675243883924,0.9321386081178626,59.85029433458259,normal,16,0,0,0.5810271311584643,0.009678401512690282,0,normal,0.170161172747612,0.8508058190345764,0.0,0.0,0.0,0.0,0.0,0.0
2026-05-11 16:45:00,SM_0098,industriel,zone_D,64.07580404913725,225.6455333306102,283.9666405239894,0.9116313451460115,60.3013848548896,normal,16,0,0,3.461399464415834,0.05710522916343752,0,normal,0.09409069269895554,0.4704534411430359,0.0,0.0,0.0,0.0,0.0,0.0
2026-05-11 17:00:00,SM_0098,industriel,zone_D,64.05909052525477,230.75807462610524,277.60281250850704,0.8539440301269878,59.683626452414245,normal,17,0,0,-0.016713523882472714,-0.00026083986194935793,0,normal,0.0895557776093483,0.4477788805961609,0.0,0.0,0.0,0.0,0.0,0.0
2026-05-11 17:15:00,SM_0098,industriel,zone_D,58.75583135821249,230.0746412252041,255.37725950727653,0.8753760922624145,60.026201987869214,normal,17,0,0,-5.303259167042285,-0.08278698813170815,0,normal,0.1143733561038971,0.4392852783203125,0.0,0.0,0.0,0.0,0.0,0.5303259167042285
2026-05-11 17:30:00,SM_0098,industriel,zone_D,64.72936709102797,230.77801182576175,280.48325132421576,0.8719386178260715,60.14633054612067,normal,17,0,0,5.973535732815478,0.10166711277382912,0,normal,0.12373322248458862,0.4693277180194855,0.0,0.0,0.0,0.0,0.0,0.5973535732815478
2026-05-11 17:45:00,SM_0098,industriel,zone_D,60.97428995182884,228.26011861250458,267.1263395571045,0.853508999880308,59.695118683965305,normal,17,0,0,-3.7550771391991304,-0.05801195512878132,0,normal,0.13523606956005096,0.6761803030967712,0.0,0.0,0.0,0.0,0.0,0.0
2026-05-11 18:00:00,SM_0098,industriel,zone_D,58.45282033422187,231.32967155071228,252.68189740807978,0.9174742726042129,59.60315648784344,normal,18,0,0,-2.521469617606968,-0.04135299680568627,0,normal,0.08385693281888962,0.4192846417427063,0.0,0.0,0.0,0.0,0.0,0.0
2026-05-11 18:15:00,SM_0098,industriel,zone_D,61.05950390608704,229.79922843980432,265.7080457608304,0.8604376188186669,59.56257501713083,normal,18,0,0,2.606683571865169,0.04459465868303125,0,normal,0.10861650854349136,0.5430825352668762,0.0,0.0,0.0,0.0,0.0,0.0
2026-05-11 18:30:00,SM_0098,industriel,zone_D,65.00555545016896,232.90397444462909,279.10882845678304,0.8840912743727039,59.861548097305636,normal,18,0,0,3.946051544081918,0.06462632828054371,0,normal,0.12167996168136597,0.6083998084068298,0.0,0.0,0.0,0.0,0.0,0.0
2026-05-11 18:45:00,SM_0098,industriel,zone_D,54.31297593548479,224.36824708809056,242.0706879889321,0.9220771619777673,59.78839281990003,normal,18,0,0,-10.692579514684162,-0.16448716483748427,1,rate_change,0.23762276768684387,0.938113808631897,0.0,0.0,0.0,0.0,0.0,1.0
2026-05-11 19:00:00,SM_0098,industriel,zone_D,60.20444986847715,230.16756555929805,261.56791345549806,0.8625901206289811,59.78293567016136,normal,19,0,0,5.891473932992355,0.10847267768922286,0,normal,0.13037198781967163,0.5045730471611023,0.0,0.0,0.0,0.0,0.0,0.5891473932992355
2026-05-11 19:15:00,SM_0098,industriel,zone_D,57.42114968167148,216.9463395201964,264.6790437149824,0.8541372715700276,59.93006850082565,normal,19,0,0,-2.7833001868056684,-0.046230805079791826,0,normal,0.09666208922863007,0.3698003590106964,0.11351009112872693,0.0,0.0,0.0,0.0,0.0
2026-05-11 19:30:00,SM_0098,industriel,zone_D,66.00950453145433,233.06698030666345,283.2211772109491,0.9196129755143378,60.206402863547154,normal,19,0,0,8.588354849782846,0.14956779683782973,0,normal,0.13364481925964355,0.4535152316093445,0.0,0.0,0.0,0.0,0.0,0.8588354849782845
2026-05-11 19:45:00,SM_0098,industriel,zone_D,61.132365291659795,229.89174174180735,265.91805703189584,0.9143516361822434,60.28145377800815,normal,19,0,0,-4.877139239794531,-0.07388540899395046,0,normal,0.09665706008672714,0.4832853078842163,0.0,0.0,0.0,0.0,0.0,0.0
2026-05-11 20:00:00,SM_0098,industriel,zone_D,57.483897295430445,229.2413670848812,250.75708641253166,0.9202884827142832,59.818812378931334,normal,20,0,0,-3.64846799622935,-0.05968144662524788,0,normal,0.08640854805707932,0.4320427477359772,0.0,0.0,0.0,0.0,0.0,0.0
2026-05-11 20:15:00,SM_0098,industriel,zone_D,59.42743043622176,232.58411221536068,255.50941493886342,0.9227043907580437,59.869257287551186,normal,20,0,0,1.9435331407913168,0.033810044764411185,0,normal,0.0998353511095047,0.4991767406463623,0.0,0.0,0.0,0.0,0.0,0.0
2026-05-11 20:30:00,SM_0098,industriel,zone_D,63.17520450319346,227.63221264564888,277.5319176883687,0.9300207078080822,60.31764883722427,normal,20,0,0,3.747774066971701,0.06306471673874325,0,normal,0.1158500537276268,0.5792502760887146,0.0,0.0,0.0,0.0,0.0,0.0
2026-05-11 20:45:00,SM_0098,industriel,zone_D,60.655109234393834,234.70059239781662,258.43611477376953,0.9079420764909791,60.23809852807379,normal,20,0,0,-2.520095268799629,-0.03989057556073661,0,normal,0.11045171320438385,0.5522585511207581,0.0,0.0,0.0,0.0,0.0,0.0
2026-05-11 21:00:00,SM_0098,industriel,zone_D,64.17957504147614,231.04125217055957,277.78405128317695,0.9107176280514282,60.02110138359579,normal,21,0,0,3.524465807082308,0.058106659959385576,0,normal,0.07940821349620819,0.39704105257987976,0.0,0.0,0.0,0.0,0.0,0.0
2026-05-11 21:15:00,SM_0098,industriel,zone_D,64.09043700615054,226.961198849424,282.38499501701585,0.9465871675017271,59.80138051520477,normal,21,0,0,-0.08913803532560394,-0.0013888847856657893,0,normal,0.1382785141468048,0.6913925409317017,0.0,0.0,0.0,0.0,0.0,0.0
2026-05-11 21:30:00,SM_0098,industriel,zone_D,59.51569562910406,229.02423894697742,259.8663613194359,0.8736688779426569,59.56840777468515,normal,21,0,0,-4.574741377046479,-0.07137946924293026,0,normal,0.19527332484722137,0.9763666391372681,0.0,0.0,0.0,0.0,0.0,0.0
2026-05-11 21:45:00,SM_0098,industriel,zone_D,60.46460268710152,227.7805877050668,265.45107858529127,0.949079244488755,59.94290612879731,normal,21,0,0,0.9489070579974594,0.015943811930065444,0,normal,0.0978420153260231,0.4892100691795349,0.0,0.0,0.0,0.0,0.0,0.0
2026-05-11 22:00:00,SM_0098,industriel,zone_D,58.842986018480254,237.77050581120426,247.47807057786662,0.9457781974042858,60.00413089631176,normal,22,0,0,-1.6216166686212645,-0.026819272707586883,0,normal,0.09827138483524323,0.49135690927505493,0.0,0.0,0.0,0.0,0.0,0.0
2026-05-11 22:15:00,SM_0098,industriel,zone_D,56.639802059203504,218.9057971160834,258.7405304262821,0.9304366639840138,59.88051050915679,normal,22,0,0,-2.2031839592767497,-0.03744174299014702,0,normal,0.06766004860401154,0.3383002281188965,0.0,0.0,0.0,0.0,0.0,0.0
2026-05-11 22:30:00,SM_0098,industriel,zone_D,63.06808438854214,229.9035780840454,274.32406626349444,0.9180972706587491,60.054196915935194,normal,22,0,0,6.428282329338636,0.11349408182287402,0,normal,0.11986343562602997,0.43861010670661926,0.0,0.0,0.0,0.0,0.0,0.6428282329338636
2026-05-11 22:45:00,SM_0098,industriel,zone_D,63.5838996005242,236.65962590863978,268.6723574264001,0.9439428359803256,59.89440476274276,normal,22,0,0,0.5158152119820585,0.00817870428415568,0,normal,0.09872632473707199,0.49363163113594055,0.0,0.0,0.0,0.0,0.0,0.0
2026-05-11 23:00:00,SM_0098,industriel,zone_D,60.71321960833817,235.12695344751086,258.2146313646327,0.8752800109789284,59.97780659233068,normal,23,0,0,-2.8706799921860267,-0.0451479070994627,0,normal,0.15714651346206665,0.7857325673103333,0.0,0.0,0.0,0.0,0.0,0.0
2026-05-11 23:15:00,SM_0098,industriel,zone_D,59.26608395979172,230.7719861263592,256.8166307991152,0.939020792254063,59.84553723943702,normal,23,0,0,-1.4471356485464497,-0.02383559392636303,0,normal,0.1677892953157425,0.8389464616775513,0.0,0.0,0.0,0.0,0.0,0.0
2026-05-11 23:30:00,SM_0098,industriel,zone_D,59.33279297608886,235.78830348350434,251.6358619130561,0.8741103415102371,60.068955690953956,normal,23,0,0,0.0667090162971391,0.0011255850199651807,0,normal,0.2,1.0,0.0,0.0,0.0,0.0,0.0,0.0
2026-05-11 23:45:00,SM_0098,industriel,zone_D,55.49767543017498,235.93740625852695,235.22202905529846,0.9489345924851724,60.13221161374655,normal,23,0,0,-3.8351175459138815,-0.06463740123373996,0,normal,0.07591735571622849,0.37958675622940063,0.0,0.0,0.0,0.0,0.0,0.0
2026-05-11 00:00:00,SM_0099,commercial,zone_B,4.543448308224663,225.43277131137927,20.154338172727424,0.8592857352261728,59.833189002680506,normal,0,0,0,0.0,0.0,0,normal,0.1813039481639862,0.9065197110176086,0.0,0.0,0.0,0.0,0.0,0.0
2026-05-11 00:15:00,SM_0099,commercial,zone_B,4.657225096683142,237.57948166587724,19.60280855917047,0.9240470068748471,60.07942626745319,normal,0,0,0,0.1137767884584786,0.02504194627955103,0,normal,0.08466853946447372,0.4233427047729492,0.0,0.0,0.0,0.0,0.0,0.0
2026-05-11 00:30:00,SM_0099,commercial,zone_B,4.486129125615916,229.05215991527265,19.58562245069138,0.9296439709978788,60.33054971170836,normal,0,0,0,-0.17109597106722596,-0.03673774995094825,0,normal,0.08157295733690262,0.4078647792339325,0.0,0.0,0.0,0.0,0.0,0.0
2026-05-11 00:45:00,SM_0099,commercial,zone_B,5.037438309669596,226.67124488863723,22.223543670678083,0.8637595579310541,60.19764642619398,normal,0,0,0,0.5513091840536797,0.12289195620912685,0,normal,0.12680017948150635,0.6340008974075317,0.0,0.0,0.0,0.0,0.0,0.0
2026-05-11 01:00:00,SM_0099,commercial,zone_B,5.196081884676419,237.20271243953752,21.905659641227285,0.8588029392194985,60.21573599893272,normal,1,0,0,0.15864357500682313,0.031492906762212725,0,normal,0.1543850153684616,0.7719250917434692,0.0,0.0,0.0,0.0,0.0,0.0
2026-05-11 01:15:00,SM_0099,commercial,zone_B,4.328245584836198,230.71169706194297,18.760408076206566,0.9139550348338082,60.07135018965322,normal,1,0,0,-0.8678362998402207,-0.16701744104524718,0,normal,0.07666051387786865,0.38330256938934326,0.0,0.0,0.0,0.0,0.0,0.0
2026-05-11 01:30:00,SM_0099,commercial,zone_B,4.655029218899122,226.55265360515241,20.54722884425863,0.9137569607120132,59.50843181791143,normal,1,0,0,0.32678363406292377,0.07550025239043623,0,normal,0.07689689844846725,0.3844844698905945,0.0,0.0,0.0,0.0,0.0,0.0
2026-05-11 01:45:00,SM_0099,commercial,zone_B,4.849718332597262,227.79392278103805,21.28993729678622,0.8890018747936616,60.403655972306595,normal,1,0,0,0.19468911369814013,0.04182339240916355,0,normal,0.07691355049610138,0.3845677375793457,0.0,0.0,0.0,0.0,0.0,0.0
2026-05-11 02:00:00,SM_0099,commercial,zone_B,5.0550215555832985,229.89583014028273,21.988313370010747,0.8989596031985141,60.11156530345509,normal,2,0,0,0.20530322298603654,0.04233301996243699,0,normal,0.15769587457180023,0.7884793877601624,0.0,0.0,0.0,0.0,0.0,0.0
2026-05-11 02:15:00,SM_0099,commercial,zone_B,4.615500073980498,232.2096344122253,19.876436589994917,0.9421294629411533,59.6309755668227,normal,2,0,0,-0.43952148160280036,-0.0869474989908493,0,normal,0.08445610851049423,0.42228055000305176,0.0,0.0,0.0,0.0,0.0,0.0
2026-05-11 02:30:00,SM_0099,commercial,zone_B,4.288574863427744,238.07642975786138,18.013437398189705,0.8755712173816846,60.17321473132071,normal,2,0,0,-0.32692521055275403,-0.07083202368379715,0,normal,0.1135769709944725,0.5678848624229431,0.0,0.0,0.0,0.0,0.0,0.0
2026-05-11 02:45:00,SM_0099,commercial,zone_B,4.467140193482449,222.49271305242326,20.07769212841551,0.9213465664573013,59.890406735238095,normal,2,0,0,0.1785653300547052,0.04163745200707125,0,normal,0.2,1.0,0.0,0.0,0.0,0.0,0.0,0.0
2026-05-11 03:00:00,SM_0099,commercial,zone_B,5.207911354900118,234.0424400974269,22.251995632639,0.896540532663986,60.0187779995361,normal,3,0,0,0.7407711614176691,0.1658267100053079,0,normal,0.08544140309095383,0.42720702290534973,0.0,0.0,0.0,0.0,0.0,0.0
2026-05-11 03:15:00,SM_0099,commercial,zone_B,4.863501315927157,231.21383522182114,21.03464661299886,0.9269795966686077,59.92998714388529,normal,3,0,0,-0.34441003897296163,-0.06613208549506255,0,normal,0.12344799190759659,0.6172399520874023,0.0,0.0,0.0,0.0,0.0,0.0
2026-05-11 03:30:00,SM_0099,commercial,zone_B,4.668094177604833,238.6243834457996,19.562519597521053,0.8556332279893537,59.96476573401635,normal,3,0,0,-0.1954071383223237,-0.040178284250154905,0,normal,0.1115652471780777,0.5578262209892273,0.0,0.0,0.0,0.0,0.0,0.0
2026-05-11 03:45:00,SM_0099,commercial,zone_B,4.938712354195054,228.4031810393825,21.622782711347153,0.8610678179179226,59.874075719971906,normal,3,0,0,0.27061817659022136,0.05797187595068487,0,normal,0.10435744374990463,0.5217872262001038,0.0,0.0,0.0,0.0,0.0,0.0
2026-05-11 04:00:00,SM_0099,commercial,zone_B,4.723579083113339,235.72264615355124,20.03871566941587,0.873967217170896,60.19179355633398,normal,4,0,0,-0.2151332710817151,-0.043560599535418576,0,normal,0.12624356150627136,0.6312177777290344,0.0,0.0,0.0,0.0,0.0,0.0
2026-05-11 04:15:00,SM_0099,commercial,zone_B,4.734506524321828,222.16556352664608,21.31071282680577,0.8510407469434577,59.912097568509694,normal,4,0,0,0.010927441208488986,0.002313381657471192,0,normal,0.0791754350066185,0.3958771824836731,0.0,0.0,0.0,0.0,0.0,0.0
2026-05-11 04:30:00,SM_0099,commercial,zone_B,5.049693921336457,223.93044272976036,22.550278826673143,0.881056101022929,59.91455897271349,normal,4,0,0,0.31518739701462906,0.0665723862445784,0,normal,0.10646706074476242,0.5323352813720703,0.0,0.0,0.0,0.0,0.0,0.0
2026-05-11 04:45:00,SM_0099,commercial,zone_B,4.558854441527755,220.04336004619944,20.717982312988656,0.9186919414290385,60.05496219755703,normal,4,0,0,-0.49083947980870235,-0.09720182796322763,0,normal,0.13301274180412292,0.6650636792182922,0.0,0.0,0.0,0.0,0.0,0.0
2026-05-11 05:00:00,SM_0099,commercial,zone_B,4.8209202654782395,235.7829247228443,20.44643508916129,0.8847751263060085,60.144829932459956,normal,5,0,0,0.2620658239504845,0.05748501675404705,0,normal,0.10329847782850266,0.5164923667907715,0.0,0.0,0.0,0.0,0.0,0.0
2026-05-11 05:15:00,SM_0099,commercial,zone_B,4.4274169913522154,234.88760571914096,18.84908732326282,0.9051436589859485,60.20738988356902,normal,5,0,0,-0.39350327412602404,-0.08162409922931757,0,normal,0.12652292847633362,0.6326146125793457,0.0,0.0,0.0,0.0,0.0,0.0
2026-05-11 05:30:00,SM_0099,commercial,zone_B,4.819838296501707,226.2826068758655,21.300082949573678,0.860214726583509,60.1298140947797,normal,5,0,0,0.39242130514949114,0.0886343676044028,0,normal,0.08545171469449997,0.42725855112075806,0.0,0.0,0.0,0.0,0.0,0.0
2026-05-11 05:45:00,SM_0099,commercial,zone_B,4.836697308847768,230.32509469220665,20.99943697108322,0.8579688851618623,59.87747242619198,normal,5,0,0,0.016859012346061242,0.003497837750759736,0,normal,0.16204224526882172,0.810211181640625,0.0,0.0,0.0,0.0,0.0,0.0
2026-05-11 06:00:00,SM_0099,commercial,zone_B,4.718520907318312,226.0608407969055,20.872791991238596,0.9119369812848106,59.66400866846258,normal,6,0,0,-0.11817640152945597,-0.02443328452935767,0,normal,0.07237208634614944,0.3618604242801666,0.0,0.0,0.0,0.0,0.0,0.0
2026-05-11 06:15:00,SM_0099,commercial,zone_B,4.61217507005896,225.36730829479552,20.465146897108635,0.8804463110683107,60.428940501503334,normal,6,0,0,-0.10634583725935176,-0.022537960379578226,0,normal,0.07536708563566208,0.3768354058265686,0.0,0.0,0.0,0.0,0.0,0.0
2026-05-11 06:30:00,SM_0099,commercial,zone_B,4.9217787605188175,231.60311443734417,21.250917857800705,0.8672825411296711,59.89669345364852,normal,6,0,0,0.30960369045985736,0.06712748014916525,0,normal,0.09092843532562256,0.4546421766281128,0.0,0.0,0.0,0.0,0.0,0.0
2026-05-11 06:45:00,SM_0099,commercial,zone_B,4.196318739007495,229.34696032422212,18.296814281188915,0.8613101363138133,60.23662263080855,normal,6,0,0,-0.7254600215113225,-0.1473979341230791,0,normal,0.07988841086626053,0.39944204688072205,0.0,0.0,0.0,0.0,0.0,0.0
2026-05-11 07:00:00,SM_0099,commercial,zone_B,13.38644713165318,222.40199348324055,60.19031988875557,0.9056103380769757,59.76671424195649,normal,7,0,0,9.190128392645684,2.1900453621927003,1,rate_change,0.20717787742614746,0.8061361908912659,0.0,0.0,0.0,0.0,0.0,0.9190128392645684
2026-05-11 07:15:00,SM_0099,commercial,zone_B,13.166461840618368,235.28554981516845,55.95950049189781,0.9230027005867798,59.8527813570537,normal,7,0,0,-0.21998529103481168,-0.0164334336714812,0,normal,0.10081388801336288,0.504069447517395,0.0,0.0,0.0,0.0,0.0,0.0
2026-05-11 07:30:00,SM_0099,commercial,zone_B,13.863508534300124,235.37396598538106,58.899923261526624,0.947063520417185,59.5234183800587,normal,7,0,0,0.6970466936817559,0.052941078789396245,0,normal,0.06994099915027618,0.3497049808502197,0.0,0.0,0.0,0.0,0.0,0.0
2026-05-11 07:45:00,SM_0099,commercial,zone_B,12.579955027033451,230.6788274027672,54.53450222836768,0.9155470753608981,59.972259504370136,normal,7,0,0,-1.2835535072666726,-0.09258504108761456,0,normal,0.07149135321378708,0.3574567437171936,0.0,0.0,0.0,0.0,0.0,0.0
2026-05-11 08:00:00,SM_0099,commercial,zone_B,11.876086393989223,219.37574606033124,54.13582224683645,0.9414900354299941,60.012794118518045,normal,8,0,0,-0.7038686330442285,-0.05595160169743563,0,normal,0.2,1.0,0.0,0.0,0.0,0.0,0.0,0.0
2026-05-11 08:15:00,SM_0099,commercial,zone_B,12.104467325388091,226.52092360923004,53.43642049716096,0.9267083513628718,60.07511316204904,normal,8,0,0,0.22838093139886873,0.0192303191322738,0,normal,0.10182134062051773,0.5091066956520081,0.0,0.0,0.0,0.0,0.0,0.0
2026-05-11 08:30:00,SM_0099,commercial,zone_B,14.958300598831567,225.26956706345908,66.40178162466913,0.8658979527344033,59.91787994732699,normal,8,0,0,2.8538332734434757,0.23576694427996858,0,normal,0.0718669593334198,0.359334796667099,0.0,0.0,0.0,0.0,0.0,0.0
2026-05-11 08:45:00,SM_0099,commercial,zone_B,11.90081344479589,217.63942310110792,54.681331512568725,0.9089336884461177,60.05454418979166,normal,8,0,0,-3.0574871540356767,-0.20440070272919275,0,normal,0.09660406410694122,0.37553703784942627,0.10748327738167024,0.0,0.0,0.0,0.0,0.0
2026-05-11 09:00:00,SM_0099,commercial,zone_B,13.177246762387744,225.15858663581398,58.52429151947677,0.93957287955994,60.20041324508512,normal,9,0,0,1.276433317591854,0.10725597233439754,0,normal,0.10432925075292587,0.52164626121521,0.0,0.0,0.0,0.0,0.0,0.0
2026-05-11 09:15:00,SM_0099,commercial,zone_B,12.410397892777151,227.25830631495958,54.60921580387674,0.8656320092611778,59.90909893536904,normal,9,0,0,-0.7668488696105928,-0.058194923677033605,0,normal,0.09734144061803818,0.4867072105407715,0.0,0.0,0.0,0.0,0.0,0.0
2026-05-11 09:30:00,SM_0099,commercial,zone_B,11.935214446221828,221.57851138231928,53.864494222674836,0.8634604111547426,60.23744465463335,normal,9,0,0,-0.47518344655532374,-0.03828913872551021,0,normal,0.16867367923259735,0.843368411064148,0.0,0.0,0.0,0.0,0.0,0.0
2026-05-11 09:45:00,SM_0099,commercial,zone_B,13.292560153608848,241.09513362437784,55.13408733632274,0.8529088264795046,60.011700845479396,normal,9,0,0,1.3573457073870205,0.11372612645570834,0,normal,0.09595382213592529,0.47976911067962646,0.0,0.0,0.0,0.0,0.0,0.0
2026-05-11 10:00:00,SM_0099,commercial,zone_B,25.11409546829059,229.99351875030973,109.19479646535375,0.9197015228249412,59.62266975345323,normal,10,0,0,11.821535314681741,0.8893347239412166,0,normal,0.14924666285514832,0.4962332844734192,0.0,0.0,0.0,0.0,0.0,1.0
2026-05-11 10:15:00,SM_0099,commercial,zone_B,27.307224064748933,234.89344481832825,116.25366593720375,0.8735237928369457,59.814384919853005,normal,10,0,0,2.193128596458344,0.08732660108055335,0,normal,0.09982366114854813,0.49911829829216003,0.0,0.0,0.0,0.0,0.0,0.0
2026-05-11 10:30:00,SM_0099,commercial,zone_B,23.944669853318878,234.47951700679715,102.11838611312375,0.9477988284825726,60.0631522617705,normal,10,0,0,-3.362554211430055,-0.12313789946048737,0,normal,0.2,1.0,0.0,0.0,0.0,0.0,0.0,0.0
2026-05-11 10:45:00,SM_0099,commercial,zone_B,24.765956964336866,227.69591321852442,108.76768324150144,0.876392664516327,60.136343559093596,normal,10,0,0,0.8212871110179876,0.034299370843242194,0,normal,0.18967247009277344,0.9483623504638672,0.0,0.0,0.0,0.0,0.0,0.0
2026-05-11 11:00:00,SM_0099,commercial,zone_B,24.197463706669076,236.85036353145753,102.16350672164059,0.9253688748529906,59.59383807188813,normal,11,0,0,-0.5684932576677895,-0.02295462511246482,0,normal,0.09952577203512192,0.4976288676261902,0.0,0.0,0.0,0.0,0.0,0.0
2026-05-11 11:15:00,SM_0099,commercial,zone_B,24.127121644648298,228.10141957359542,105.77365844434756,0.8725310166084707,59.97902437846141,normal,11,0,0,-0.07034206202077797,-0.002907001447486013,0,normal,0.11970291286706924,0.5985145568847656,0.0,0.0,0.0,0.0,0.0,0.0
2026-05-11 11:30:00,SM_0099,commercial,zone_B,24.943776608907413,231.61378843169803,107.69555982744626,0.8521259899414266,59.7779312671582,normal,11,0,0,0.816654964259115,0.03384800625151496,0,normal,0.08084210008382797,0.40421047806739807,0.0,0.0,0.0,0.0,0.0,0.0
2026-05-11 11:45:00,SM_0099,commercial,zone_B,26.646650712633846,231.21463672803688,115.24638357551997,0.8767956130295501,60.12347907361899,normal,11,0,0,1.7028741037264332,0.06826849560215908,0,normal,0.16245894134044647,0.8122946619987488,0.0,0.0,0.0,0.0,0.0,0.0
2026-05-11 12:00:00,SM_0099,commercial,zone_B,26.164766887777365,228.24286360921116,114.63564062434695,0.8891102443898262,59.82883154598829,normal,12,0,0,-0.4818838248564816,-0.018084217414536363,0,normal,0.2,1.0,0.0,0.0,0.0,0.0,0.0,0.0
2026-05-11 12:15:00,SM_0099,commercial,zone_B,24.441609796893253,225.51098727153138,108.38323264251335,0.9066852139318727,59.79653017808179,normal,12,0,0,-1.7231570908841114,-0.06585791871469215,0,normal,0.2,1.0,0.0,0.0,0.0,0.0,0.0,0.0
2026-05-11 12:30:00,SM_0099,commercial,zone_B,26.753757565879244,224.72656325368854,119.05026792795098,0.8855394649939048,59.91645989734865,normal,12,0,0,2.312147768985991,0.09459883322742035,0,normal,0.10207702219486237,0.5103850960731506,0.0,0.0,0.0,0.0,0.0,0.0
2026-05-11 12:45:00,SM_0099,commercial,zone_B,29.492076101136348,228.4955076911753,129.07070427396133,0.8633024603782967,59.81587430937321,normal,12,0,0,2.738318535257104,0.10235267059268915,0,normal,0.13156190514564514,0.6578094959259033,0.0,0.0,0.0,0.0,0.0,0.0
2026-05-11 13:00:00,SM_0099,commercial,zone_B,27.32722194237634,233.65117020006477,116.9573510758679,0.8715825230434163,59.51188515140262,normal,13,0,0,-2.164854158760008,-0.07340460370901436,0,normal,0.09875458478927612,0.4937729239463806,0.0,0.0,0.0,0.0,0.0,0.0
2026-05-11 13:15:00,SM_0099,commercial,zone_B,26.28562542007294,225.0811239583307,116.78289568582038,0.8803479822864085,60.08280435998681,normal,13,0,0,-1.0415965223034007,-0.03811571203614361,0,normal,0.12947402894496918,0.6473701596260071,0.0,0.0,0.0,0.0,0.0,0.0
2026-05-11 13:30:00,SM_0099,commercial,zone_B,25.29816282026158,222.01645010949278,113.94724493516215,0.8738818633391586,60.01400628604725,normal,13,0,0,-0.9874625998113586,-0.03756663895306389,0,normal,0.11133257299661636,0.5566628575325012,0.0,0.0,0.0,0.0,0.0,0.0
2026-05-11 13:45:00,SM_0099,commercial,zone_B,24.80493553495313,226.27289665426474,109.62398016610008,0.9005504047005994,60.39637735516301,normal,13,0,0,-0.49322728530844984,-0.019496565375625607,0,normal,0.13741134107112885,0.6870567202568054,0.0,0.0,0.0,0.0,0.0,0.0
2026-05-11 14:00:00,SM_0099,commercial,zone_B,23.177387744840047,241.950907860968,95.79376225427698,0.932347609572789,59.846151792917624,normal,14,0,0,-1.6275477901130841,-0.06561386897457056,1,reconstruction,0.22078418758429216,1.0,0.10392093792146076,0.0,0.0,0.0,0.0,0.0
2026-05-11 14:15:00,SM_0099,commercial,zone_B,24.810879934400624,221.6376542268579,111.9434331722595,0.9308452854734661,59.8826716185306,normal,14,0,0,1.6334921895605774,0.07047783846668576,0,normal,0.2,1.0,0.0,0.0,0.0,0.0,0.0,0.0
2026-05-11 14:30:00,SM_0099,commercial,zone_B,22.609787174080957,228.15829165927912,99.09693401739418,0.8782135151199856,59.68777032273225,normal,14,0,0,-2.2010927603196677,-0.0887148205198407,0,normal,0.06859400123357773,0.34297001361846924,0.0,0.0,0.0,0.0,0.0,0.0
2026-05-11 14:45:00,SM_0099,commercial,zone_B,23.707008765202644,235.46340673401917,100.68234845502859,0.9393578483273194,59.97442692891136,normal,14,0,0,1.0972215911216878,0.048528612086163436,0,normal,0.19494673609733582,0.9747336506843567,0.0,0.0,0.0,0.0,0.0,0.0
2026-05-11 15:00:00,SM_0099,commercial,zone_B,25.592464898441808,229.70754005898465,111.41325570710538,0.8735674174991204,59.441779419812455,normal,15,0,0,1.8854561332391633,0.07953159134975518,0,normal,0.09742661565542221,0.39980220794677734,0.0,0.0,0.0,0.11644116037508923,0.0,0.0
2026-05-11 15:15:00,SM_0099,commercial,zone_B,29.669172449583883,225.25561358284605,131.7133543429849,0.943947597813721,60.01315416600417,normal,15,0,0,4.076707551142075,0.15929327508388158,0,normal,0.10276414453983307,0.5138207077980042,0.0,0.0,0.0,0.0,0.0,0.0
2026-05-11 15:30:00,SM_0099,commercial,zone_B,25.8567665763192,232.1564988197788,111.37644954058166,0.85258753239404,59.85808002142714,normal,15,0,0,-3.8124058732646837,-0.1284972096792728,0,normal,0.0907423123717308,0.4537115693092346,0.0,0.0,0.0,0.0,0.0,0.0
2026-05-11 15:45:00,SM_0099,commercial,zone_B,27.650967952153433,233.1575331474956,118.59350019225592,0.8670187857228999,59.934099456563615,normal,15,0,0,1.7942013758342341,0.06939001326938721,0,normal,0.09213080257177353,0.46065399050712585,0.0,0.0,0.0,0.0,0.0,0.0
2026-05-11 16:00:00,SM_0099,commercial,zone_B,26.361759318649728,231.1952346451187,114.02380052994883,0.8978878039998939,60.15543911584849,normal,16,0,0,-1.289208633503705,-0.04662435816838384,0,normal,0.09036465734243393,0.45182326436042786,0.0,0.0,0.0,0.0,0.0,0.0
2026-05-11 16:15:00,SM_0099,commercial,zone_B,26.01258333652914,235.08637579578564,110.65117341859785,0.8600259275896925,60.16846181885694,normal,16,0,0,-0.3491759821205882,-0.01324554927840349,0,normal,0.11839152872562408,0.5919576287269592,0.0,0.0,0.0,0.0,0.0,0.0
2026-05-11 16:30:00,SM_0099,commercial,zone_B,25.258697277264105,231.7369127831198,108.99729772832289,0.8829381731769076,60.071575114415644,normal,16,0,0,-0.7538860592650352,-0.028981591313399613,0,normal,0.10709664970636368,0.5354832410812378,0.0,0.0,0.0,0.0,0.0,0.0
2026-05-11 16:45:00,SM_0099,commercial,zone_B,27.527970906851788,234.396433837027,117.44193568231356,0.9339637916483545,59.53073106633461,normal,16,0,0,2.2692736295876834,0.08984127742923254,0,normal,0.08116301894187927,0.40581509470939636,0.0,0.0,0.0,0.0,0.0,0.0
2026-05-11 17:00:00,SM_0099,commercial,zone_B,12.694612424934581,235.2971395476766,53.951409903826566,0.9161590289247209,59.62834903518815,normal,17,0,0,-14.833358481917207,-0.5388467799573685,0,normal,0.1535421460866928,0.5177106857299805,0.0,0.0,0.0,0.0,0.0,1.0
2026-05-11 17:15:00,SM_0099,commercial,zone_B,13.979898230512143,229.88863598960225,60.811610675459605,0.9102050460947162,59.94781949024573,normal,17,0,0,1.285285805577562,0.10124655740202204,0,normal,0.0846143290400505,0.42307165265083313,0.0,0.0,0.0,0.0,0.0,0.0
2026-05-11 17:30:00,SM_0099,commercial,zone_B,14.07631411968964,227.89180927188409,61.76752979698376,0.9078214596760356,59.61288252214459,normal,17,0,0,0.09641588917749644,0.006896751863834094,0,normal,0.2,1.0,0.0,0.0,0.0,0.0,0.0,0.0
2026-05-11 17:45:00,SM_0099,commercial,zone_B,12.832308790424007,229.38075014045066,55.943268049157304,0.8880602237980912,60.276956542655945,normal,17,0,0,-1.244005329265633,-0.08837578635202137,0,normal,0.11375568062067032,0.568778395652771,0.0,0.0,0.0,0.0,0.0,0.0
2026-05-11 18:00:00,SM_0099,commercial,zone_B,14.784250620663673,236.45408230610317,62.524827131233984,0.8665764924233929,59.7373624223512,normal,18,0,0,1.951941830239667,0.15211150714330413,0,normal,0.13064616918563843,0.6532308459281921,0.0,0.0,0.0,0.0,0.0,0.0
2026-05-11 18:15:00,SM_0099,commercial,zone_B,15.106922662879846,235.28213055969087,64.20769238591723,0.928838671766113,60.04822066173937,normal,18,0,0,0.3226720422161726,0.021825390443880766,0,normal,0.06867827475070953,0.3433913588523865,0.0,0.0,0.0,0.0,0.0,0.0
2026-05-11 18:30:00,SM_0099,commercial,zone_B,15.274487555001327,230.9748292285084,66.13052862089118,0.9132575003181799,59.997130715984895,normal,18,0,0,0.16756489212148118,0.011091927579216065,0,normal,0.07175669819116592,0.358783483505249,0.0,0.0,0.0,0.0,0.0,0.0
2026-05-11 18:45:00,SM_0099,commercial,zone_B,14.037525424095556,229.76111212146645,61.09617634804283,0.8597133746664983,60.04673943372463,normal,18,0,0,-1.2369621309057717,-0.08098223435985274,0,normal,0.08783214539289474,0.43916070461273193,0.0,0.0,0.0,0.0,0.0,0.0
2026-05-11 19:00:00,SM_0099,commercial,zone_B,12.900128752798693,230.51471876114033,55.962277906279056,0.942436661006752,60.10933755935214,normal,19,0,0,-1.1373966712968624,-0.08102543980753973,0,normal,0.10546032339334488,0.5273016095161438,0.0,0.0,0.0,0.0,0.0,0.0
2026-05-11 19:15:00,SM_0099,commercial,zone_B,13.828828508857711,221.53745412216918,62.42207920847396,0.910673247654792,59.9911366679953,normal,19,0,0,0.928699756059018,0.07199151061632114,0,normal,0.09934808313846588,0.4967404007911682,0.0,0.0,0.0,0.0,0.0,0.0
2026-05-11 19:30:00,SM_0099,commercial,zone_B,13.770262296836357,233.52007968509622,58.96821513338669,0.9113116709457012,59.70352007974258,normal,19,0,0,-0.05856621202135415,-0.004235081227874193,0,normal,0.09773881733417511,0.48869407176971436,0.0,0.0,0.0,0.0,0.0,0.0
2026-05-11 19:45:00,SM_0099,commercial,zone_B,13.834309262396983,231.4112434258542,59.782355678105134,0.865084114113467,59.66545988895828,normal,19,0,0,0.06404696556062639,0.004651107159762802,0,normal,0.09803183376789093,0.49015915393829346,0.0,0.0,0.0,0.0,0.0,0.0
2026-05-11 20:00:00,SM_0099,commercial,zone_B,13.793663369068932,223.41664528517205,61.73964053332961,0.8757649718573273,60.13468660270198,normal,20,0,0,-0.04064589332805113,-0.00293805007225989,0,normal,0.08172273635864258,0.4086136817932129,0.0,0.0,0.0,0.0,0.0,0.0
2026-05-11 20:15:00,SM_0099,commercial,zone_B,13.387847955266297,227.73392823167555,58.78723499489603,0.9448390162562754,59.97981555543198,normal,20,0,0,-0.4058154138026353,-0.029420423200456014,0,normal,0.10115038603544235,0.50575190782547,0.0,0.0,0.0,0.0,0.0,0.0
2026-05-11 20:30:00,SM_0099,commercial,zone_B,13.486442617190125,229.89567496018975,58.66331595635945,0.9269444432315066,60.37670668811186,normal,20,0,0,0.09859466192382804,0.007364489218376846,0,normal,0.10475736856460571,0.5237868428230286,0.0,0.0,0.0,0.0,0.0,0.0
2026-05-11 20:45:00,SM_0099,commercial,zone_B,13.53680147449775,228.3084971238755,59.29171119353022,0.8956135086348763,59.85039112289561,normal,20,0,0,0.050358857307625016,0.0037340356339363723,0,normal,0.09001147747039795,0.45005738735198975,0.0,0.0,0.0,0.0,0.0,0.0
2026-05-11 21:00:00,SM_0099,commercial,zone_B,14.66969007175776,228.7537410196512,64.12874389012748,0.9404240945123761,60.15465672456763,normal,21,0,0,1.1328885972600098,0.08368953326192163,0,normal,0.08277686685323715,0.41388434171676636,0.0,0.0,0.0,0.0,0.0,0.0
2026-05-11 21:15:00,SM_0099,commercial,zone_B,13.51984026345626,238.43898465545055,56.701467182443835,0.9458769843047533,60.11999640542851,normal,21,0,0,-1.1498498083015,-0.07838269265928144,0,normal,0.10322742909193039,0.5161371231079102,0.0,0.0,0.0,0.0,0.0,0.0
2026-05-11 21:30:00,SM_0099,commercial,zone_B,14.102011452153569,236.83980057862135,59.54240553192944,0.854940364763943,60.244513504915275,normal,21,0,0,0.5821711886973091,0.04306050791671723,0,normal,0.06959240138530731,0.34796199202537537,0.0,0.0,0.0,0.0,0.0,0.0
2026-05-11 21:45:00,SM_0099,commercial,zone_B,15.324345279743047,228.9138729773699,66.9437159068904,0.9297194849850455,60.37683162030218,normal,21,0,0,1.2223338275894786,0.08667797723301462,0,normal,0.10972195118665695,0.548609733581543,0.0,0.0,0.0,0.0,0.0,0.0
2026-05-11 22:00:00,SM_0099,commercial,zone_B,14.292587641380575,237.37330744285853,60.21143571427526,0.9376403063268963,60.098643555823244,normal,22,0,0,-1.031757638362473,-0.06732800778943115,0,normal,0.11349701881408691,0.5674850940704346,0.0,0.0,0.0,0.0,0.0,0.0
2026-05-11 22:15:00,SM_0099,commercial,zone_B,14.645066968049852,229.63793361754398,63.77459828758445,0.9471285126297198,60.185097669141825,normal,22,0,0,0.35247932666927717,0.024661687268494603,0,normal,0.11940989643335342,0.5970494747161865,0.0,0.0,0.0,0.0,0.0,0.0
2026-05-11 22:30:00,SM_0099,commercial,zone_B,13.501913221960487,227.9213657227334,59.23934853209672,0.8844715921570657,59.83973764051214,normal,22,0,0,-1.1431537460893644,-0.07805725631595306,0,normal,0.06587520986795425,0.3293760418891907,0.0,0.0,0.0,0.0,0.0,0.0
2026-05-11 22:45:00,SM_0099,commercial,zone_B,15.151252594322637,225.56864303149766,67.16914368371214,0.9285786502428475,60.32346783300508,normal,22,0,0,1.6493393723621494,0.1221559748791412,0,normal,0.07504595071077347,0.37522974610328674,0.0,0.0,0.0,0.0,0.0,0.0
2026-05-11 23:00:00,SM_0099,commercial,zone_B,14.391262427022262,222.21397268400545,64.76308511655586,0.8568521086312106,59.81818326283923,normal,23,0,0,-0.7599901673003746,-0.05016022025698075,0,normal,0.12220364809036255,0.6110182404518127,0.0,0.0,0.0,0.0,0.0,0.0
2026-05-11 23:15:00,SM_0099,commercial,zone_B,13.94799682079288,230.45571467312263,60.523545014176186,0.9371637731215813,59.85323060233292,normal,23,0,0,-0.4432656062293816,-0.03080102308447019,0,normal,0.0965227410197258,0.4826137125492096,0.0,0.0,0.0,0.0,0.0,0.0
2026-05-11 23:30:00,SM_0099,commercial,zone_B,14.15024116896478,230.39593607363412,61.41706060493354,0.9357939441936325,59.84979925680802,normal,23,0,0,0.20224434817189874,0.014499884877404279,0,normal,0.15386568009853363,0.7693284153938293,0.0,0.0,0.0,0.0,0.0,0.0
2026-05-11 23:45:00,SM_0099,commercial,zone_B,14.531614325776667,227.77793387584026,63.79728746550894,0.8533737980234118,60.22717712483753,normal,23,0,0,0.3813731568118879,0.02695170720117046,0,normal,0.12863647937774658,0.6431823968887329,0.0,0.0,0.0,0.0,0.0,0.0
2026-05-11 00:00:00,SM_0100,residentiel,zone_D,3.6674752269702946,231.43553260798078,15.846638524528045,0.9347623396461544,60.06172066875082,normal,0,0,0,0.0,0.0,0,normal,0.16262929141521454,0.8131464123725891,0.0,0.0,0.0,0.0,0.0,0.0
2026-05-11 00:15:00,SM_0100,residentiel,zone_D,3.565290905558785,228.89036782408985,15.576413020135622,0.9023516899240753,60.125715488753784,normal,0,0,0,-0.10218432141150968,-0.027862307197075276,0,normal,0.08806109428405762,0.4403054714202881,0.0,0.0,0.0,0.0,0.0,0.0
2026-05-11 00:30:00,SM_0100,residentiel,zone_D,3.414976429961746,231.05061291495082,14.780209352739483,0.8659456036006977,60.10024814115043,normal,0,0,0,-0.15031447559703892,-0.04216050795818027,0,normal,0.06503775715827942,0.3251887857913971,0.0,0.0,0.0,0.0,0.0,0.0
2026-05-11 00:45:00,SM_0100,residentiel,zone_D,3.971680084547207,231.6864895501761,17.142475990975143,0.8839520398743737,59.792544272394665,normal,0,0,0,0.5567036545854611,0.16301830071245837,0,normal,0.08471959084272385,0.42359793186187744,0.0,0.0,0.0,0.0,0.0,0.0
2026-05-11 01:00:00,SM_0100,residentiel,zone_D,3.825866517029809,227.88254315125232,16.788765230211027,0.9113007772050719,60.245761157412005,normal,1,0,0,-0.14581356751739794,-0.03671332141899375,0,normal,0.12668153643608093,0.6334076523780823,0.0,0.0,0.0,0.0,0.0,0.0
2026-05-11 01:15:00,SM_0100,residentiel,zone_D,3.2263318045603744,226.53116139162393,14.242331098028217,0.8799377867501967,60.09477940325166,normal,1,0,0,-0.5995347124694348,-0.15670560114963983,0,normal,0.07273758202791214,0.3636879026889801,0.0,0.0,0.0,0.0,0.0,0.0
2026-05-11 01:30:00,SM_0100,residentiel,zone_D,3.499353866820229,220.1218362410644,15.897349970258944,0.944972202853943,60.1077329039751,normal,1,0,0,0.2730220622598547,0.08462305763900102,0,normal,0.13464662432670593,0.6732330918312073,0.0,0.0,0.0,0.0,0.0,0.0
2026-05-11 01:45:00,SM_0100,residentiel,zone_D,3.1946221062119324,223.56056678940095,14.289738803629612,0.8837539123693863,59.98391687539609,normal,1,0,0,-0.30473176060829665,-0.08708229353357688,0,normal,0.07823191583156586,0.3911595642566681,0.0,0.0,0.0,0.0,0.0,0.0
2026-05-11 02:00:00,SM_0100,residentiel,zone_D,3.565239238118935,228.97948431668325,15.570125195967936,0.8998369540297756,60.12348678746032,normal,2,0,0,0.3706171319070024,0.11601282392253487,0,normal,0.162989541888237,0.8149477243423462,0.0,0.0,0.0,0.0,0.0,0.0
2026-05-11 02:15:00,SM_0100,residentiel,zone_D,3.903157885389765,227.4769328690185,17.158477724144486,0.9429071557861504,59.92925149550799,normal,2,0,0,0.33791864727083,0.09478147880172005,0,normal,0.10178422182798386,0.5089210867881775,0.0,0.0,0.0,0.0,0.0,0.0
2026-05-11 02:30:00,SM_0100,residentiel,zone_D,3.7742068846355292,237.47236399485564,15.893246780990859,0.8702957540188383,60.17884337904383,normal,2,0,0,-0.1289510007542356,-0.03303760814721912,0,normal,0.08932377398014069,0.44661885499954224,0.0,0.0,0.0,0.0,0.0,0.0
2026-05-11 02:45:00,SM_0100,residentiel,zone_D,3.4628414044454456,233.0659076192821,14.857777526613063,0.895752654974279,59.638163237704525,normal,2,0,0,-0.3113654801900836,-0.08249825452272519,0,normal,0.10226739943027496,0.5113369822502136,0.0,0.0,0.0,0.0,0.0,0.0
2026-05-11 03:00:00,SM_0100,residentiel,zone_D,3.4403638505065897,227.7339685806916,15.106941981242409,0.8766243781323461,59.80664919562103,normal,3,0,0,-0.022477553938855976,-0.006491072305535028,0,normal,0.07631143927574158,0.3815571963787079,0.0,0.0,0.0,0.0,0.0,0.0
2026-05-11 03:15:00,SM_0100,residentiel,zone_D,3.7091976200242214,233.26308861547562,15.901348310356456,0.8684030792846458,59.976498403044936,normal,3,0,0,0.2688337695176317,0.07814108658246899,0,normal,0.11764772981405258,0.5882386565208435,0.0,0.0,0.0,0.0,0.0,0.0
2026-05-11 03:30:00,SM_0100,residentiel,zone_D,3.5995380232726077,231.2560648346448,15.565161613583575,0.9141232487039062,59.957829811237815,normal,3,0,0,-0.10965959675161363,-0.029564236793319654,0,normal,0.09490805864334106,0.4745402932167053,0.0,0.0,0.0,0.0,0.0,0.0
2026-05-11 03:45:00,SM_0100,residentiel,zone_D,3.922508818168541,238.66296148449592,16.435347964218387,0.9455905278741817,59.865508834377735,normal,3,0,0,0.3229707948959333,0.08972562390167416,0,normal,0.07959850877523422,0.3979925513267517,0.0,0.0,0.0,0.0,0.0,0.0
2026-05-11 04:00:00,SM_0100,residentiel,zone_D,3.4882299825638365,232.08707715731254,15.029832876905315,0.89766329230575,59.900699393824134,normal,4,0,0,-0.4342788356047045,-0.11071455941492914,0,normal,0.07865329086780548,0.3932664394378662,0.0,0.0,0.0,0.0,0.0,0.0
2026-05-11 04:15:00,SM_0100,residentiel,zone_D,3.5214799445842644,224.53430347584168,15.683483058361062,0.8705218755031671,59.85302791775413,normal,4,0,0,0.03324996202042785,0.009532044098763626,0,normal,0.12139680236577988,0.60698401927948,0.0,0.0,0.0,0.0,0.0,0.0
2026-05-11 04:30:00,SM_0100,residentiel,zone_D,3.4032263878502516,241.3920461824613,14.098336882557641,0.8850879979170878,60.35679538823656,normal,4,0,0,-0.11825355673401283,-0.03358064183096565,0,normal,0.1507294625043869,0.7536473274230957,0.0,0.0,0.0,0.0,0.0,0.0
2026-05-11 04:45:00,SM_0100,residentiel,zone_D,3.8144606723985954,229.65706101579607,16.609376848797314,0.934954332104601,60.08051996112227,normal,4,0,0,0.4112342845483439,0.12083659377362554,0,normal,0.08767150342464447,0.43835750222206116,0.0,0.0,0.0,0.0,0.0,0.0
2026-05-11 05:00:00,SM_0100,residentiel,zone_D,3.529628607418133,228.2086551632926,15.466672834527419,0.9028676438770398,59.74828862076254,normal,5,0,0,-0.28483206498046254,-0.0746716480894678,0,normal,0.13004116714000702,0.6502057909965515,0.0,0.0,0.0,0.0,0.0,0.0
2026-05-11 05:15:00,SM_0100,residentiel,zone_D,3.7361406070513663,231.25255496076272,16.156105205779404,0.8712647158908057,60.03611006937975,normal,5,0,0,0.2065119996332334,0.05850813856143744,0,normal,0.17793069779872894,0.8896534442901611,0.0,0.0,0.0,0.0,0.0,0.0
2026-05-11 05:30:00,SM_0100,residentiel,zone_D,4.02843296680669,234.74748217814917,17.16070787821922,0.9425197076854243,59.68079793385188,normal,5,0,0,0.29229235975532397,0.07823376861236664,0,normal,0.08987798541784286,0.4493899345397949,0.0,0.0,0.0,0.0,0.0,0.0
2026-05-11 05:45:00,SM_0100,residentiel,zone_D,3.9734247135522773,230.3462377695023,17.249792104389893,0.8649152900651563,60.190604570805604,normal,5,0,0,-0.05500825325441294,-0.013655000271238893,0,normal,0.19654832780361176,0.98274165391922,0.0,0.0,0.0,0.0,0.0,0.0
2026-05-11 06:00:00,SM_0100,residentiel,zone_D,3.7257954347949047,230.579675409002,16.158386155180818,0.8932730314111317,59.73353363764868,normal,6,0,0,-0.24762927875737262,-0.06232137176596708,0,normal,0.09424944221973419,0.47124719619750977,0.0,0.0,0.0,0.0,0.0,0.0
2026-05-11 06:15:00,SM_0100,residentiel,zone_D,3.6105515483046458,233.16121139355363,15.485215258254868,0.8724498920628695,60.064859254026416,normal,6,0,0,-0.11524388649025896,-0.03093135103822542,0,normal,0.09733190387487411,0.48665952682495117,0.0,0.0,0.0,0.0,0.0,0.0
2026-05-11 06:30:00,SM_0100,residentiel,zone_D,3.6781098458005004,233.2188138197325,15.771068318028199,0.8624249682367275,60.056660762623196,normal,6,0,0,0.06755829749585462,0.018711351047619562,0,normal,0.09690597653388977,0.48452988266944885,0.0,0.0,0.0,0.0,0.0,0.0
2026-05-11 06:45:00,SM_0100,residentiel,zone_D,3.98342231810477,222.96577972777604,17.865621903810624,0.8821339290860905,60.40349246626834,normal,6,0,0,0.3053124723042697,0.08300798102940332,0,normal,0.09604596346616745,0.48022979497909546,0.0,0.0,0.0,0.0,0.0,0.0
2026-05-11 07:00:00,SM_0100,residentiel,zone_D,3.4936301148448328,228.44384466516496,15.29316808673712,0.9132360881985869,60.204868537744204,normal,7,0,0,-0.48979220325993733,-0.12295763897134826,0,normal,0.08227071166038513,0.41135355830192566,0.0,0.0,0.0,0.0,0.0,0.0
2026-05-11 07:15:00,SM_0100,residentiel,zone_D,3.6800778590098795,226.19577272988366,16.269436933308743,0.8710866720179977,59.66576075994471,normal,7,0,0,0.18644774416504672,0.05336791189565515,0,normal,0.12903770804405212,0.6451885104179382,0.0,0.0,0.0,0.0,0.0,0.0
2026-05-11 07:30:00,SM_0100,residentiel,zone_D,3.630730096170309,230.82295788723766,15.729501646642984,0.8711686269024104,59.96853467190787,normal,7,0,0,-0.04934776283957065,-0.013409434454967673,0,normal,0.09412454813718796,0.4706227481365204,0.0,0.0,0.0,0.0,0.0,0.0
2026-05-11 07:45:00,SM_0100,residentiel,zone_D,3.253325043673983,231.14352272786286,14.074913306155196,0.9330671350224222,60.44519113972967,normal,7,0,0,-0.37740505249632594,-0.10394742723905925,0,normal,0.14374291896820068,0.7187145948410034,0.0,0.0,0.0,0.0,0.0,0.0
2026-05-11 08:00:00,SM_0100,residentiel,zone_D,3.4119894071502,224.77453682431383,15.179608221446575,0.9132530500657383,60.09013709910614,normal,8,0,0,0.15866436347621704,0.04876990812360926,0,normal,0.13162460923194885,0.6581230163574219,0.0,0.0,0.0,0.0,0.0,0.0
2026-05-11 08:15:00,SM_0100,residentiel,zone_D,3.3457310820979207,226.61636186846573,14.763854888994615,0.9327698892495385,59.74005901739262,normal,8,0,0,-0.06625832505227924,-0.019419264583127815,0,normal,0.07229315489530563,0.3614657521247864,0.0,0.0,0.0,0.0,0.0,0.0
2026-05-11 08:30:00,SM_0100,residentiel,zone_D,3.7600398605439,229.23365543783066,16.402651928933892,0.8553642402870069,59.8832921267605,normal,8,0,0,0.41430877844597935,0.12383206189607732,0,normal,0.08984041213989258,0.4492020606994629,0.0,0.0,0.0,0.0,0.0,0.0
2026-05-11 08:45:00,SM_0100,residentiel,zone_D,3.57597669974391,229.179964316478,15.603356560461766,0.9238754520877019,60.053462194212884,normal,8,0,0,-0.18406316079998986,-0.04895244934274834,0,normal,0.12393311411142349,0.6196655631065369,0.0,0.0,0.0,0.0,0.0,0.0
2026-05-11 09:00:00,SM_0100,residentiel,zone_D,3.8715178674891404,228.20637669129547,16.964985482094168,0.9225357849503226,60.08827280578193,normal,9,0,0,0.2955411677452302,0.08264627892189425,0,normal,0.09459678828716278,0.4729839265346527,0.0,0.0,0.0,0.0,0.0,0.0
2026-05-11 09:15:00,SM_0100,residentiel,zone_D,3.5901268968576012,226.70484921379557,15.836127499292736,0.8597941101435685,60.1819891834995,normal,9,0,0,-0.2813909706315392,-0.07268233810684555,0,normal,0.0787477120757103,0.3937385678291321,0.0,0.0,0.0,0.0,0.0,0.0
2026-05-11 09:30:00,SM_0100,residentiel,zone_D,3.6769059223323035,235.08214418997295,15.64094089324346,0.9451019376322702,59.96414448321704,normal,9,0,0,0.08677902547470229,0.024171576094053737,0,normal,0.11847974359989166,0.5923987030982971,0.0,0.0,0.0,0.0,0.0,0.0
2026-05-11 09:45:00,SM_0100,residentiel,zone_D,3.516383210830003,229.83276670888037,15.29974712127997,0.9472295701572021,59.95911187175838,normal,9,0,0,-0.16052271150230046,-0.043657008064127756,0,normal,0.09299872815608978,0.4649936258792877,0.0,0.0,0.0,0.0,0.0,0.0
2026-05-11 10:00:00,SM_0100,residentiel,zone_D,3.5370968877970697,228.47606423871719,15.481257958389143,0.9231062493656484,60.30668551405443,normal,10,0,0,0.020713676967066608,0.005890619914027395,0,normal,0.15439026057720184,0.7719513177871704,0.0,0.0,0.0,0.0,0.0,0.0
2026-05-11 10:15:00,SM_0100,residentiel,zone_D,3.5118010571401275,225.240276374607,15.591354768627156,0.9148518080525668,60.09649592583569,normal,10,0,0,-0.025295830656942186,-0.007151579800997898,0,normal,0.19223624467849731,0.9611812233924866,0.0,0.0,0.0,0.0,0.0,0.0
2026-05-11 10:30:00,SM_0100,residentiel,zone_D,3.5333862249655814,237.77524185960996,14.860194010660726,0.8664629497869754,59.701477847933326,normal,10,0,0,0.021585167825453944,0.006146466577759968,0,normal,0.06718488782644272,0.3359244167804718,0.0,0.0,0.0,0.0,0.0,0.0
2026-05-11 10:45:00,SM_0100,residentiel,zone_D,3.6648902503491607,229.38288213170378,15.977174130390893,0.883838689812652,60.1007458095819,normal,10,0,0,0.1315040253835793,0.03721756326959702,0,normal,0.1102248802781105,0.5511243939399719,0.0,0.0,0.0,0.0,0.0,0.0
2026-05-11 11:00:00,SM_0100,residentiel,zone_D,3.6564439893250777,234.88896943082932,15.566690927143926,0.9088683027199166,59.89571264009967,normal,11,0,0,-0.008446261024082968,-0.0023046422804280375,0,normal,0.16316692531108856,0.815834641456604,0.0,0.0,0.0,0.0,0.0,0.0
2026-05-11 11:15:00,SM_0100,residentiel,zone_D,3.7923516567749354,241.75642160038524,15.686663591685509,0.8514267070750797,59.82775500940119,normal,11,0,0,0.1359076674498576,0.037169355758391864,0,normal,0.12544238567352295,0.5249821543693542,0.10222975304682816,0.0,0.0,0.0,0.0,0.0
2026-05-11 11:30:00,SM_0100,residentiel,zone_D,3.7366521267752177,234.09057902072246,15.962419941916744,0.9122345927452402,60.0036025825296,normal,11,0,0,-0.05569952999971761,-0.014687332568489975,0,normal,0.0662175640463829,0.3310878276824951,0.0,0.0,0.0,0.0,0.0,0.0
2026-05-11 11:45:00,SM_0100,residentiel,zone_D,3.8214484624447413,230.61389622595007,16.57076405621531,0.9129587671741813,59.77555239964713,normal,11,0,0,0.0847963356695236,0.022693130854197108,0,normal,0.10359181463718414,0.5179590582847595,0.0,0.0,0.0,0.0,0.0,0.0
2026-05-11 12:00:00,SM_0100,residentiel,zone_D,3.6555018483475212,234.17354396337447,15.610225589442564,0.8977514231055292,59.880643953016296,normal,12,0,0,-0.1659466140972201,-0.04342505616078807,0,normal,0.12703292071819305,0.6351645588874817,0.0,0.0,0.0,0.0,0.0,0.0
2026-05-11 12:15:00,SM_0100,residentiel,zone_D,3.4752900676334555,233.81843319678916,14.863199706365918,0.911000321575537,59.906079224884984,normal,12,0,0,-0.18021178071406574,-0.04929877980927044,0,normal,0.07586909085512161,0.37934544682502747,0.0,0.0,0.0,0.0,0.0,0.0
2026-05-11 12:30:00,SM_0100,residentiel,zone_D,3.773073085394039,235.4034816811992,16.028110792786887,0.8545487691260876,59.93687050728765,normal,12,0,0,0.2977830177605836,0.08568580232595169,0,normal,0.12168365716934204,0.6084182858467102,0.0,0.0,0.0,0.0,0.0,0.0
2026-05-11 12:45:00,SM_0100,residentiel,zone_D,3.526511326223652,227.09006096599558,15.529131091085977,0.9097742665846291,60.18378878965332,normal,12,0,0,-0.24656175917038725,-0.06534772944760958,0,normal,0.07465611398220062,0.3732805550098419,0.0,0.0,0.0,0.0,0.0,0.0
2026-05-11 13:00:00,SM_0100,residentiel,zone_D,3.951016275851635,232.05591241313778,17.02613923844997,0.9391846624262099,59.893640194335816,normal,13,0,0,0.42450494962798313,0.12037532574227172,0,normal,0.10024776309728622,0.5012388229370117,0.0,0.0,0.0,0.0,0.0,0.0
2026-05-11 13:15:00,SM_0100,residentiel,zone_D,3.5922275990082513,222.8915985954703,16.11647824163999,0.87702673289636,60.17196392907858,normal,13,0,0,-0.35878867684338367,-0.09080921256545504,0,normal,0.2,1.0,0.0,0.0,0.0,0.0,0.0,0.0
2026-05-11 13:30:00,SM_0100,residentiel,zone_D,3.6066637693998724,231.84336307976392,15.556467614555038,0.8790511332477128,60.012607157834154,normal,13,0,0,0.01443617039162115,0.004018723756703757,0,normal,0.0792216882109642,0.3961084485054016,0.0,0.0,0.0,0.0,0.0,0.0
2026-05-11 13:45:00,SM_0100,residentiel,zone_D,3.8810276427688253,230.42097300068573,16.843204818674536,0.9316158903344863,59.90438225000575,normal,13,0,0,0.27436387336895285,0.07607137535157737,0,normal,0.14476971328258514,0.7238485813140869,0.0,0.0,0.0,0.0,0.0,0.0
2026-05-11 14:00:00,SM_0100,residentiel,zone_D,3.79908081724507,226.87171922184407,16.74550195271443,0.9238737914859766,60.0778087960067,normal,14,0,0,-0.08194682552375543,-0.0211147234873319,0,normal,0.08519306033849716,0.425965279340744,0.0,0.0,0.0,0.0,0.0,0.0
2026-05-11 14:15:00,SM_0100,residentiel,zone_D,3.418102941393969,228.75891992595177,14.941943870430904,0.8793646506989015,60.0214799558894,normal,14,0,0,-0.38097787585110066,-0.10028159288471505,0,normal,0.0663476511836052,0.3317382335662842,0.0,0.0,0.0,0.0,0.0,0.0
2026-05-11 14:30:00,SM_0100,residentiel,zone_D,3.4122368875063667,228.84621950538335,14.910610692548921,0.9351836851416209,60.361909689321436,normal,14,0,0,-0.005866053887602529,-0.001716172388070425,0,normal,0.09046048671007156,0.4523024260997772,0.0,0.0,0.0,0.0,0.0,0.0
2026-05-11 14:45:00,SM_0100,residentiel,zone_D,4.0188042344373125,233.88251816679895,17.183003954024496,0.8986213415510068,59.67769382976151,normal,14,0,0,0.6065673469309458,0.1777623790282099,0,normal,0.07487137615680695,0.37435686588287354,0.0,0.0,0.0,0.0,0.0,0.0
2026-05-11 15:00:00,SM_0100,residentiel,zone_D,3.6923000080382926,224.39731109396755,16.454297023604365,0.9414402093096226,60.06093415062267,normal,15,0,0,-0.3265042263990199,-0.08124412321485841,0,normal,0.06880389153957367,0.34401944279670715,0.0,0.0,0.0,0.0,0.0,0.0
2026-05-11 15:15:00,SM_0100,residentiel,zone_D,3.504581109922612,226.9298401485144,15.44345647813014,0.9319693512157905,59.88294214967446,normal,15,0,0,-0.18771889811568077,-0.05084064071364969,0,normal,0.0928361639380455,0.4641807973384857,0.0,0.0,0.0,0.0,0.0,0.0
2026-05-11 15:30:00,SM_0100,residentiel,zone_D,3.5341936801244906,231.15228452210454,15.28946031154853,0.8951875345610929,60.07508840013559,normal,15,0,0,0.029612570201878796,0.008449674660984785,0,normal,0.18276934325695038,0.9138467311859131,0.0,0.0,0.0,0.0,0.0,0.0
2026-05-11 15:45:00,SM_0100,residentiel,zone_D,3.749397316076388,225.92483180480474,16.59577340890002,0.9310056374681722,60.23936635859702,normal,15,0,0,0.21520363595189718,0.06089186259433199,0,normal,0.10653221607208252,0.5326610803604126,0.0,0.0,0.0,0.0,0.0,0.0
2026-05-11 16:00:00,SM_0100,residentiel,zone_D,3.626761566346581,229.7976276460236,15.78241517764136,0.8533545556494035,59.76881821880936,normal,16,0,0,-0.12263574972980695,-0.03270812330397166,0,normal,0.1428103893995285,0.7140519618988037,0.0,0.0,0.0,0.0,0.0,0.0
2026-05-11 16:15:00,SM_0100,residentiel,zone_D,3.675688625282751,233.25544943582116,15.758211155079978,0.8897291645309443,59.96551398049737,normal,16,0,0,0.04892705893617011,0.013490563975909975,0,normal,0.08171361684799194,0.4085680842399597,0.0,0.0,0.0,0.0,0.0,0.0
2026-05-11 16:30:00,SM_0100,residentiel,zone_D,3.803261208073228,232.51218158909947,16.35725570195902,0.906802122299796,59.96622526660178,normal,16,0,0,0.127572582790477,0.03470712451348179,0,normal,0.10789934545755386,0.5394967198371887,0.0,0.0,0.0,0.0,0.0,0.0
2026-05-11 16:45:00,SM_0100,residentiel,zone_D,3.5249063357543964,223.32787460751152,15.783548479782281,0.9491089320223355,59.79790464995127,normal,16,0,0,-0.2783548723188316,-0.07318847091752845,0,normal,0.07527380436658859,0.37636902928352356,0.0,0.0,0.0,0.0,0.0,0.0
2026-05-11 17:00:00,SM_0100,residentiel,zone_D,3.5265923689113663,235.02337179915256,15.005283695466419,0.897668713132648,59.84713041027212,normal,17,0,0,0.0016860331569699127,0.00047831998821301625,0,normal,0.0876522958278656,0.438261479139328,0.0,0.0,0.0,0.0,0.0,0.0
2026-05-11 17:15:00,SM_0100,residentiel,zone_D,3.7202996246834736,236.1417215449612,15.754520634233335,0.9487888932443357,60.520257937779675,normal,17,0,0,0.19370725577210735,0.05492760021819687,0,normal,0.07168301194906235,0.3280281722545624,0.0,0.0,0.0,0.040515875559350434,0.0,0.0
2026-05-11 17:30:00,SM_0100,residentiel,zone_D,3.866972285966395,225.51482170485014,17.147308796525227,0.8660320633162641,60.00815126785984,normal,17,0,0,0.14667266128292145,0.03942495929891687,0,normal,0.08799392729997635,0.43996962904930115,0.0,0.0,0.0,0.0,0.0,0.0
2026-05-11 17:45:00,SM_0100,residentiel,zone_D,3.319792337362739,231.42032172515977,14.345293069402102,0.9314375903091705,60.22109990319111,normal,17,0,0,-0.5471799486036559,-0.14150087151889434,0,normal,0.07727392762899399,0.38636961579322815,0.0,0.0,0.0,0.0,0.0,0.0
2026-05-11 18:00:00,SM_0100,residentiel,zone_D,3.4050595946229243,219.76600476185317,15.494023283140523,0.8914286810430169,60.115416003231516,normal,18,0,0,0.08526725726018514,0.025684515353729065,0,normal,0.11867453157901764,0.593372642993927,0.0,0.0,0.0,0.0,0.0,0.0
2026-05-11 18:15:00,SM_0100,residentiel,zone_D,3.914685585890277,234.2353488197764,16.712616629449407,0.9316387326760596,60.12597813078796,normal,18,0,0,0.5096259912673529,0.14966727515492684,0,normal,0.09660132974386215,0.48300662636756897,0.0,0.0,0.0,0.0,0.0,0.0
2026-05-11 18:30:00,SM_0100,residentiel,zone_D,3.719764273445063,225.99354659306866,16.4596039556076,0.8959900225403751,59.76536412014316,normal,18,0,0,-0.19492131244521405,-0.049792328954276655,0,normal,0.1624649316072464,0.8123246431350708,0.0,0.0,0.0,0.0,0.0,0.0
2026-05-11 18:45:00,SM_0100,residentiel,zone_D,3.751194934879409,226.3937618512107,16.56933876713771,0.9345646673826866,59.833343107309915,normal,18,0,0,0.03143066143434581,0.008449637967310242,0,normal,0.10018687695264816,0.500934362411499,0.0,0.0,0.0,0.0,0.0,0.0
2026-05-11 19:00:00,SM_0100,residentiel,zone_D,3.8255959461377134,238.44751290615957,16.04376535327197,0.9413193234085365,60.31417777001321,normal,19,0,0,0.07440101125830445,0.019833949594703304,0,normal,0.2,1.0,0.0,0.0,0.0,0.0,0.0,0.0
2026-05-11 19:15:00,SM_0100,residentiel,zone_D,3.44597608571486,224.71301132956205,15.335009153791379,0.9370060701149692,60.02145072251356,normal,19,0,0,-0.37961986042285334,-0.09923156176650438,0,normal,0.09099166840314865,0.45495834946632385,0.0,0.0,0.0,0.0,0.0,0.0
2026-05-11 19:30:00,SM_0100,residentiel,zone_D,3.722854518950741,234.41743673351763,15.881303758059722,0.8918369696838919,59.770313880332296,normal,19,0,0,0.2768784332358809,0.08034833276518305,0,normal,0.09367817640304565,0.46839088201522827,0.0,0.0,0.0,0.0,0.0,0.0
2026-05-11 19:45:00,SM_0100,residentiel,zone_D,3.458414785844506,230.62082814206732,14.996107739731334,0.8573363925679314,59.69586884934577,normal,19,0,0,-0.26443973310623514,-0.07103144422113106,0,normal,0.09682802110910416,0.4841400980949402,0.0,0.0,0.0,0.0,0.0,0.0
2026-05-11 20:00:00,SM_0100,residentiel,zone_D,3.9594054588791745,230.19082097130186,17.200535808388285,0.9026232166465944,59.80557121535526,normal,20,0,0,0.5009906730346687,0.14486136107364933,0,normal,0.12742100656032562,0.6371050477027893,0.0,0.0,0.0,0.0,0.0,0.0
2026-05-11 20:15:00,SM_0100,residentiel,zone_D,3.4198050775546647,230.02683667171263,14.866983031355197,0.9260918036744182,60.29507035985559,normal,20,0,0,-0.5396003813245098,-0.13628318365688663,0,normal,0.11920404434204102,0.5960202217102051,0.0,0.0,0.0,0.0,0.0,0.0
2026-05-11 20:30:00,SM_0100,residentiel,zone_D,3.7831678394199435,222.19190686915547,17.026578027649666,0.8642902790957236,60.26595406614781,normal,20,0,0,0.3633627618652788,0.10625247744386113,0,normal,0.13386744260787964,0.6693372130393982,0.0,0.0,0.0,0.0,0.0,0.0
2026-05-11 20:45:00,SM_0100,residentiel,zone_D,3.5790913835382008,232.64324108368893,15.38446321013337,0.8788590493221934,59.80815900547437,normal,20,0,0,-0.20407645588174272,-0.05394327308328806,0,normal,0.08011939376592636,0.4005969762802124,0.0,0.0,0.0,0.0,0.0,0.0
2026-05-11 21:00:00,SM_0100,residentiel,zone_D,3.5777103767170124,226.7202107813198,15.78028868439898,0.8646293677948392,59.79865497326515,normal,21,0,0,-0.0013810068211883575,-0.0003858540263990129,0,normal,0.1724642515182495,0.8623212575912476,0.0,0.0,0.0,0.0,0.0,0.0
2026-05-11 21:15:00,SM_0100,residentiel,zone_D,3.4764822001198916,238.34452881370078,14.585953440690236,0.8610424198520786,59.84301006875875,normal,21,0,0,-0.1012281765971208,-0.028294122759598528,0,normal,0.1077924594283104,0.5389623045921326,0.0,0.0,0.0,0.0,0.0,0.0
2026-05-11 21:30:00,SM_0100,residentiel,zone_D,4.027212940741941,227.19937572531677,17.725457774192243,0.9306838698935556,59.96663883191314,normal,21,0,0,0.5507307406220492,0.15841609676674206,0,normal,0.17234177887439728,0.8617088794708252,0.0,0.0,0.0,0.0,0.0,0.0
2026-05-11 21:45:00,SM_0100,residentiel,zone_D,3.774424554157027,221.24473153842925,17.059952243434218,0.9162168194728986,59.973641746427425,normal,21,0,0,-0.25278838658491365,-0.06277005718459527,0,normal,0.0736512616276741,0.3682563006877899,0.0,0.0,0.0,0.0,0.0,0.0
2026-05-11 22:00:00,SM_0100,residentiel,zone_D,3.8098285551729676,234.19881170413584,16.26749737733912,0.8900511987684356,59.96228120537844,normal,22,0,0,0.035404001015940434,0.009379973160927868,0,normal,0.12329139560461044,0.6164569854736328,0.0,0.0,0.0,0.0,0.0,0.0
2026-05-11 22:15:00,SM_0100,residentiel,zone_D,3.610508388565087,221.46207186706653,16.303055228040623,0.9413848631160235,60.03717783897919,normal,22,0,0,-0.19932016660788054,-0.05231735856912634,0,normal,0.08509185165166855,0.42545923590660095,0.0,0.0,0.0,0.0,0.0,0.0
2026-05-11 22:30:00,SM_0100,residentiel,zone_D,4.079524839936758,227.73315996376564,17.913618028160002,0.939952335504158,59.744044535869875,normal,22,0,0,0.4690164513716706,0.129903160689808,0,normal,0.0654149278998375,0.32707464694976807,0.0,0.0,0.0,0.0,0.0,0.0
2026-05-11 22:45:00,SM_0100,residentiel,zone_D,3.644835376231134,226.0731780442913,16.12236979088715,0.9030122597716679,60.07010737475448,normal,22,0,0,-0.4346894637056238,-0.10655394457957568,0,normal,0.15260936319828033,0.7630468010902405,0.0,0.0,0.0,0.0,0.0,0.0
2026-05-11 23:00:00,SM_0100,residentiel,zone_D,3.4530922757649827,234.12521881248074,14.748912113268275,0.9176230138086029,60.265333772083444,normal,23,0,0,-0.19174310046615117,-0.052606793084964854,0,normal,0.08831129968166351,0.44155648350715637,0.0,0.0,0.0,0.0,0.0,0.0
2026-05-11 23:15:00,SM_0100,residentiel,zone_D,3.7090045234557483,233.7294109386355,15.8687967789793,0.9302062169542139,60.35176032816883,normal,23,0,0,0.2559122476907656,0.07411103650106532,0,normal,0.08612420409917831,0.43062102794647217,0.0,0.0,0.0,0.0,0.0,0.0
2026-05-11 23:30:00,SM_0100,residentiel,zone_D,3.6525213921758146,229.67646072587473,15.90289827974666,0.8600553210775984,60.07236905713573,normal,23,0,0,-0.05648313127993365,-0.015228649877004563,0,normal,0.10756372660398483,0.5378186106681824,0.0,0.0,0.0,0.0,0.0,0.0
2026-05-11 23:45:00,SM_0100,residentiel,zone_D,4.097100848696057,224.8604811298254,18.220635427398893,0.8584004029223271,59.848308721795824,normal,23,0,0,0.4445794565202421,0.12171850860958422,0,normal,0.10483688116073608,0.5241844058036804,0.0,0.0,0.0,0.0,0.0,0.0
